#
#"Frequency / GHz"	"S1,1 [Magnitude / dB]"
#-----------------------------------------
1.2000000000000	-2.7866464119052
1.2020000000000	-2.7911235497248
1.2040000000000	-2.7956602154659
1.2060000000000	-2.8002567728645
1.2080000000000	-2.8049135879823
1.2100000000000	-2.8096310292280
1.2120000000000	-2.8144094673789
1.2140000000000	-2.8192492756024
1.2160000000000	-2.8241508294776
1.2180000000000	-2.8291145070177
1.2200000000000	-2.8341406886925
1.2220000000000	-2.8392297574505
1.2240000000000	-2.8443820987424
1.2260000000000	-2.8495981005438
1.2280000000000	-2.8548781533787
1.2300000000000	-2.8602226503435
1.2320000000000	-2.8656319871302
1.2340000000000	-2.8711065620516
1.2360000000000	-2.8766467760647
1.2380000000000	-2.8822530327961
1.2400000000000	-2.8879257385670
1.2420000000000	-2.8936653024181
1.2440000000000	-2.8994721361353
1.2460000000000	-2.9053466542757
1.2480000000000	-2.9112892741934
1.2500000000000	-2.9173004160660
1.2520000000000	-2.9233805029213
1.2540000000000	-2.9295299606639
1.2560000000000	-2.9357492181029
1.2580000000000	-2.9420387069789
1.2600000000000	-2.9483988619920
1.2620000000000	-2.9548301208297
1.2640000000000	-2.9613329241953
1.2660000000000	-2.9679077158364
1.2680000000000	-2.9745549425739
1.2700000000000	-2.9812750543308
1.2720000000000	-2.9880685041620
1.2740000000000	-2.9949357482839
1.2760000000000	-3.0018772461042
1.2780000000000	-3.0088934602525
1.2800000000000	-3.0159848566103
1.2820000000000	-3.0231519043424
1.2840000000000	-3.0303950759276
1.2860000000000	-3.0377148471901
1.2880000000000	-3.0451116973314
1.2900000000000	-3.0525861089618
1.2920000000000	-3.0601385681330
1.2940000000000	-3.0677695643700
1.2960000000000	-3.0754795907046
1.2980000000000	-3.0832691437076
1.3000000000000	-3.0911387235223
1.3020000000000	-3.0990888338983
1.3040000000000	-3.1071199822248
1.3060000000000	-3.1152326795649
1.3080000000000	-3.1234274406898
1.3100000000000	-3.1317047841131
1.3120000000000	-3.1400652321259
1.3140000000000	-3.1485093108316
1.3160000000000	-3.1570375501809
1.3180000000000	-3.1656504840078
1.3200000000000	-3.1743486500647
1.3220000000000	-3.1831325900588
1.3240000000000	-3.1920028496877
1.3260000000000	-3.2009599786762
1.3280000000000	-3.2100045308125
1.3300000000000	-3.2191370639853
1.3320000000000	-3.2283581402202
1.3340000000000	-3.2376683257173
1.3360000000000	-3.2470681908880
1.3380000000000	-3.2565583103932
1.3400000000000	-3.2661392631799
1.3420000000000	-3.2758116325200
1.3440000000000	-3.2855760060473
1.3460000000000	-3.2954329757964
1.3480000000000	-3.3053831382402
1.3500000000000	-3.3154270943285
1.3520000000000	-3.3255654495265
1.3540000000000	-3.3357988138531
1.3560000000000	-3.3461278019196
1.3580000000000	-3.3565530329683
1.3600000000000	-3.3670751309113
1.3620000000000	-3.3776947243693
1.3640000000000	-3.3884124467104
1.3660000000000	-3.3992289360887
1.3680000000000	-3.4101448354835
1.3700000000000	-3.4211607927381
1.3720000000000	-3.4322774605985
1.3740000000000	-3.4434954967521
1.3760000000000	-3.4548155638669
1.3780000000000	-3.4662383296295
1.3800000000000	-3.4777644667843
1.3820000000000	-3.4893946531719
1.3840000000000	-3.5011295717671
1.3860000000000	-3.5129699107177
1.3880000000000	-3.5249163633820
1.3900000000000	-3.5369696283673
1.3920000000000	-3.5491304095673
1.3940000000000	-3.5613994161994
1.3960000000000	-3.5737773628426
1.3980000000000	-3.5862649694739
1.4000000000000	-3.5988629615053
1.4020000000000	-3.6115720698201
1.4040000000000	-3.6243930308092
1.4060000000000	-3.6373265864065
1.4080000000000	-3.6503734841245
1.4100000000000	-3.6635344770891
1.4120000000000	-3.6768103240743
1.4140000000000	-3.6902017895359
1.4160000000000	-3.7037096436453
1.4180000000000	-3.7173346623224
1.4200000000000	-3.7310776272682
1.4220000000000	-3.7449393259967
1.4240000000000	-3.7589205518659
1.4260000000000	-3.7730221041087
1.4280000000000	-3.7872447878628
1.4300000000000	-3.8015894141999
1.4320000000000	-3.8160568001541
1.4340000000000	-3.8306477687500
1.4360000000000	-3.8453631490290
1.4380000000000	-3.8602037760759
1.4400000000000	-3.8751704910436
1.4420000000000	-3.8902641411777
1.4440000000000	-3.9054855798396
1.4460000000000	-3.9208356665284
1.4480000000000	-3.9363152669028
1.4500000000000	-3.9519252528006
1.4520000000000	-3.9676665022578
1.4540000000000	-3.9835398995265
1.4560000000000	-3.9995463350916
1.4580000000000	-4.0156867056856
1.4600000000000	-4.0319619143033
1.4620000000000	-4.0483728702138
1.4640000000000	-4.0649204889721
1.4660000000000	-4.0816056924287
1.4680000000000	-4.0984294087381
1.4700000000000	-4.1153925723655
1.4720000000000	-4.1324961240918
1.4740000000000	-4.1497410110172
1.4760000000000	-4.1671281865631
1.4780000000000	-4.1846586104722
1.4800000000000	-4.2023332488066
1.4820000000000	-4.2201530739444
1.4840000000000	-4.2381190645743
1.4860000000000	-4.2562322056877
1.4880000000000	-4.2744934885702
1.4900000000000	-4.2929039107892
1.4920000000000	-4.3114644761809
1.4940000000000	-4.3301761948343
1.4960000000000	-4.3490400830733
1.4980000000000	-4.3680571634366
1.5000000000000	-4.3872284646547
1.5020000000000	-4.4065550216256
1.5040000000000	-4.4260378753869
1.5060000000000	-4.4456780730861
1.5080000000000	-4.4654766679481
1.5100000000000	-4.4854347192406
1.5120000000000	-4.5055532922358
1.5140000000000	-4.5258334581704
1.5160000000000	-4.5462762942026
1.5180000000000	-4.5668828833660
1.5200000000000	-4.5876543145205
1.5220000000000	-4.6085916823013
1.5240000000000	-4.6296960870637
1.5260000000000	-4.6509686348255
1.5280000000000	-4.6724104372065
1.5300000000000	-4.6940226113644
1.5320000000000	-4.7158062799281
1.5340000000000	-4.7377625709273
1.5360000000000	-4.7598926177190
1.5380000000000	-4.7821975589114
1.5400000000000	-4.8046785382830
1.5420000000000	-4.8273367046999
1.5440000000000	-4.8501732120290
1.5460000000000	-4.8731892190474
1.5480000000000	-4.8963858893494
1.5500000000000	-4.9197643912487
1.5520000000000	-4.9433258976783
1.5540000000000	-4.9670715860862
1.5560000000000	-4.9910026383277
1.5580000000000	-5.0151202405539
1.5600000000000	-5.0394255830973
1.5620000000000	-5.0639198603530
1.5640000000000	-5.0886042706567
1.5660000000000	-5.1134800161592
1.5680000000000	-5.1385483026969
1.5700000000000	-5.1638103396593
1.5720000000000	-5.1892673398524
1.5740000000000	-5.2149205193584
1.5760000000000	-5.2407710973928
1.5780000000000	-5.2668202961568
1.5800000000000	-5.2930693406867
1.5820000000000	-5.3195194587004
1.5840000000000	-5.3461718804393
1.5860000000000	-5.3730278385081
1.5880000000000	-5.4000885677099
1.5900000000000	-5.4273553048796
1.5920000000000	-5.4548292887128
1.5940000000000	-5.4825117595923
1.5960000000000	-5.5104039594112
1.5980000000000	-5.5385071313933
1.6000000000000	-5.5668225199105
1.6020000000000	-5.5953513702977
1.6040000000000	-5.6240949286644
1.6060000000000	-5.6530544417048
1.6080000000000	-5.6822311565046
1.6100000000000	-5.7116263203458
1.6120000000000	-5.7412411805099
1.6140000000000	-5.7710769840785
1.6160000000000	-5.8011349777321
1.6180000000000	-5.8314164075482
1.6200000000000	-5.8619225187966
1.6220000000000	-5.8926545557349
1.6240000000000	-5.9236137614017
1.6260000000000	-5.9548013774097
1.6280000000000	-5.9862186437384
1.6300000000000	-6.0178667985260
1.6320000000000	-6.0497470778610
1.6340000000000	-6.0818607155750
1.6360000000000	-6.1142089430347
1.6380000000000	-6.1467929889356
1.6400000000000	-6.1796140790963
1.6420000000000	-6.2126734362537
1.6440000000000	-6.2459722798612
1.6460000000000	-6.2795118258873
1.6480000000000	-6.3132932866177
1.6500000000000	-6.3473178704592
1.6520000000000	-6.3815867817479
1.6540000000000	-6.4161012205592
1.6560000000000	-6.4508623825234
1.6580000000000	-6.4858714586438
1.6600000000000	-6.5211296351214
1.6620000000000	-6.5566380931827
1.6640000000000	-6.5923980089148
1.6660000000000	-6.6284105531054
1.6680000000000	-6.6646768910901
1.6700000000000	-6.7011981826056
1.6720000000000	-6.7379755816518
1.6740000000000	-6.7750102363608
1.6760000000000	-6.8123032888747
1.6780000000000	-6.8498558752330
1.6800000000000	-6.8876691252687
1.6820000000000	-6.9257441625150
1.6840000000000	-6.9640821041234
1.6860000000000	-7.0026840607915
1.6880000000000	-7.0415511367045
1.6900000000000	-7.0806844294882
1.6920000000000	-7.1200850301749
1.6940000000000	-7.1597540231839
1.6960000000000	-7.1996924863159
1.6980000000000	-7.2399014907623
1.7000000000000	-7.2803821011303
1.7020000000000	-7.3211353754847
1.7040000000000	-7.3621623654058
1.7060000000000	-7.4034641160662
1.7080000000000	-7.4450416663244
1.7100000000000	-7.4868960488392
1.7120000000000	-7.5290282902019
1.7140000000000	-7.5714394110907
1.7160000000000	-7.6141304264449
1.7180000000000	-7.6571023456613
1.7200000000000	-7.7003561728137
1.7220000000000	-7.7438929068942
1.7240000000000	-7.7877135420800
1.7260000000000	-7.8318190680235
1.7280000000000	-7.8762104701687
1.7300000000000	-7.9208887300927
1.7320000000000	-7.9658548258745
1.7340000000000	-8.0111097324911
1.7360000000000	-8.0566544222414
1.7380000000000	-8.1024898651993
1.7400000000000	-8.1486170296955
1.7420000000000	-8.1950368828305
1.7440000000000	-8.2417503910173
1.7460000000000	-8.2887585205559
1.7480000000000	-8.3360622382402
1.7500000000000	-8.3836625119972
1.7520000000000	-8.4315603115592
1.7540000000000	-8.4797566091708
1.7560000000000	-8.5282523803298
1.7580000000000	-8.5770486045630
1.7600000000000	-8.6261462662379
1.7620000000000	-8.6755463554110
1.7640000000000	-8.7252498687121
1.7660000000000	-8.7752578102658
1.7680000000000	-8.8255711926517
1.7700000000000	-8.8761910379015
1.7720000000000	-8.9271183785358
1.7740000000000	-8.9783542586390
1.7760000000000	-9.0298997349746
1.7780000000000	-9.0817558781395
1.7800000000000	-9.1339237737592
1.7820000000000	-9.1864045237232
1.7840000000000	-9.2391992474611
1.7860000000000	-9.2923090832604
1.7880000000000	-9.3457351896252
1.7900000000000	-9.3994787466766
1.7920000000000	-9.4535409575952
1.7940000000000	-9.5079230501057
1.7960000000000	-9.5626262780032
1.7980000000000	-9.6176519227222
1.8000000000000	-9.6730012949485
1.8020000000000	-9.7286757362722
1.8040000000000	-9.7846766208850
1.8060000000000	-9.8410053573189
1.8080000000000	-9.8976633902277
1.8100000000000	-9.9546522022116
1.8120000000000	-10.011973315683
1.8140000000000	-10.069628294778
1.8160000000000	-10.127618747304
1.8180000000000	-10.185946326736
1.8200000000000	-10.244612734253
1.8220000000000	-10.303619720811
1.8240000000000	-10.362969089267
1.8260000000000	-10.422662696537
1.8280000000000	-10.482702455798
1.8300000000000	-10.543090338728
1.8320000000000	-10.603828377793
1.8340000000000	-10.664918668567
1.8360000000000	-10.726363372096
1.8380000000000	-10.788164717297
1.8400000000000	-10.850325003407
1.8420000000000	-10.912846602452
1.8440000000000	-10.975731961776
1.8460000000000	-11.038983606589
1.8480000000000	-11.102604142562
1.8500000000000	-11.166596258459
1.8520000000000	-11.230962728800
1.8540000000000	-11.295706416562
1.8560000000000	-11.360830275918
1.8580000000000	-11.426337355006
1.8600000000000	-11.492230798730
1.8620000000000	-11.558513851605
1.8640000000000	-11.625189860619
1.8660000000000	-11.692262278137
1.8680000000000	-11.759734664832
1.8700000000000	-11.827610692648
1.8720000000000	-11.895894147788
1.8740000000000	-11.964588933735
1.8760000000000	-12.033699074295
1.8780000000000	-12.103228716666
1.8800000000000	-12.173182134540
1.8820000000000	-12.243563731216
1.8840000000000	-12.314378042743
1.8860000000000	-12.385629741082
1.8880000000000	-12.457323637282
1.8900000000000	-12.529464684685
1.8920000000000	-12.602057982131
1.8940000000000	-12.675108777187
1.8960000000000	-12.748622469383
1.8980000000000	-12.822604613453
1.9000000000000	-12.897060922590
1.9020000000000	-12.971997271697
1.9040000000000	-13.047419700634
1.9060000000000	-13.123334417472
1.9080000000000	-13.199747801723
1.9100000000000	-13.276666407574
1.9120000000000	-13.354096967085
1.9140000000000	-13.432046393381
1.9160000000000	-13.510521783796
1.9180000000000	-13.589530423000
1.9200000000000	-13.669079786065
1.9220000000000	-13.749177541491
1.9240000000000	-13.829831554163
1.9260000000000	-13.911049888244
1.9280000000000	-13.992840809979
1.9300000000000	-14.075212790408
1.9320000000000	-14.158174507971
1.9340000000000	-14.241734850991
1.9360000000000	-14.325902920011
1.9380000000000	-14.410688029978
1.9400000000000	-14.496099712252
1.9420000000000	-14.582147716402
1.9440000000000	-14.668842011789
1.9460000000000	-14.756192788886
1.9480000000000	-14.844210460318
1.9500000000000	-14.932905661586
1.9520000000000	-15.022289251431
1.9540000000000	-15.112372311808
1.9560000000000	-15.203166147414
1.9580000000000	-15.294682284730
1.9600000000000	-15.386932470512
1.9620000000000	-15.479928669678
1.9640000000000	-15.573683062520
1.9660000000000	-15.668208041164
1.9680000000000	-15.763516205203
1.9700000000000	-15.859620356407
1.9720000000000	-15.956533492411
1.9740000000000	-16.054268799273
1.9760000000000	-16.152839642774
1.9780000000000	-16.252259558341
1.9800000000000	-16.352542239419
1.9820000000000	-16.453701524159
1.9840000000000	-16.555751380218
1.9860000000000	-16.658705887481
1.9880000000000	-16.762579218491
1.9900000000000	-16.867385616337
1.9920000000000	-16.973139369738
1.9940000000000	-17.079854785027
1.9960000000000	-17.187546154713
1.9980000000000	-17.296227722270
2.0000000000000	-17.405913642746
2.0020000000000	-17.516617938774
2.0040000000000	-17.628354451507
2.0060000000000	-17.741136785947
2.0080000000000	-17.854978250096
2.0100000000000	-17.969891787302
2.0120000000000	-18.085889901101
2.0140000000000	-18.202984571793
2.0160000000000	-18.321187163916
2.0180000000000	-18.440508323719
2.0200000000000	-18.560957865602
2.0220000000000	-18.682544646470
2.0240000000000	-18.805276426782
2.0260000000000	-18.929159717005
2.0280000000000	-19.054199608074
2.0300000000000	-19.180399584322
2.0320000000000	-19.307761317230
2.0340000000000	-19.436284438233
2.0360000000000	-19.565966288654
2.0380000000000	-19.696801644752
2.0400000000000	-19.828782415692
2.0420000000000	-19.961897312174
2.0440000000000	-20.096131483301
2.0460000000000	-20.231466119201
2.0480000000000	-20.367878016828
2.0500000000000	-20.505339106354
2.0520000000000	-20.643815935546
2.0540000000000	-20.783269109614
2.0560000000000	-20.923652684160
2.0580000000000	-21.064913509094
2.0600000000000	-21.206990521772
2.0620000000000	-21.349813988118
2.0640000000000	-21.493304691219
2.0660000000000	-21.637373067790
2.0680000000000	-21.781918294136
2.0700000000000	-21.926827324724
2.0720000000000	-22.071973888362
2.0740000000000	-22.217217449279
2.0760000000000	-22.362402143106
2.0780000000000	-22.507355701066
2.0800000000000	-22.651888379405
2.0820000000000	-22.795791915489
2.0840000000000	-22.938838536824
2.0860000000000	-23.080780054666
2.0880000000000	-23.221347079620
2.0900000000000	-23.360248402660
2.0920000000000	-23.497170590958
2.0940000000000	-23.631777853588
2.0960000000000	-23.763712237031
2.0980000000000	-23.892594213972
2.1000000000000	-24.018023730463
2.1020000000000	-24.139581775436
2.1040000000000	-24.256832531982
2.1060000000000	-24.369326160982
2.1080000000000	-24.476602254030
2.1100000000000	-24.578193973455
2.1120000000000	-24.673632872736
2.1140000000000	-24.762454360787
2.1160000000000	-24.844203739523
2.1180000000000	-24.918442707177
2.1200000000000	-24.984756182315
2.1220000000000	-25.042759268045
2.1240000000000	-25.092104145724
2.1260000000000	-25.132486665854
2.1280000000000	-25.163652393725
2.1300000000000	-25.185401871234
2.1320000000000	-25.197594875252
2.1340000000000	-25.200153487082
2.1360000000000	-25.193063835143
2.1380000000000	-25.176376431091
2.1400000000000	-25.150205083862
2.1420000000000	-25.114724441579
2.1440000000000	-25.070166272852
2.1460000000000	-25.016814652033
2.1480000000000	-24.955000253719
2.1500000000000	-24.885093988093
2.1520000000000	-24.807500219537
2.1540000000000	-24.722649807229
2.1560000000000	-24.630993189852
2.1580000000000	-24.532993710033
2.1600000000000	-24.429121340729
2.1620000000000	-24.319846938868
2.1640000000000	-24.205637114022
2.1660000000000	-24.086949764245
2.1680000000000	-23.964230299239
2.1700000000000	-23.837908543918
2.1720000000000	-23.708396293776
2.1740000000000	-23.576085477263
2.1760000000000	-23.441346869336
2.1780000000000	-23.304529293890
2.1800000000000	-23.165959250126
2.1820000000000	-23.025940898312
2.1840000000000	-22.884756343155
2.1860000000000	-22.742666157273
2.1880000000000	-22.599910092658
2.1900000000000	-22.456707933841
2.1920000000000	-22.313260452564
2.1940000000000	-22.169750429600
2.1960000000000	-22.026343714987
2.1980000000000	-21.883190303030
2.2000000000000	-21.740425403033
2.2020000000000	-21.598170490780
2.2040000000000	-21.456534329244
2.2060000000000	-21.315613950043
2.2080000000000	-21.175495589593
2.2100000000000	-21.036255576017
2.2120000000000	-20.897961164526
2.2140000000000	-20.760671320323
2.2160000000000	-20.624437449146
2.2180000000000	-20.489304076376
2.2200000000000	-20.355309476226
2.2220000000000	-20.222486252999
2.2240000000000	-20.090861876656
2.2260000000000	-19.960459175187
2.2280000000000	-19.831296786335
2.2300000000000	-19.703389571269
2.2320000000000	-19.576748992826
2.2340000000000	-19.451383460814
2.2360000000000	-19.327298646859
2.2380000000000	-19.204497771118
2.2400000000000	-19.082981863092
2.2420000000000	-18.962749998643
2.2440000000000	-18.843799515172
2.2460000000000	-18.726126206807
2.2480000000000	-18.609724501311
2.2500000000000	-18.494587620281
2.2520000000000	-18.380707724124
2.2540000000000	-18.268076043140
2.2560000000000	-18.156682995960
2.2580000000000	-18.046518296475
2.2600000000000	-17.937571050310
2.2620000000000	-17.829829841778
2.2640000000000	-17.723282812201
2.2660000000000	-17.617917730397
2.2680000000000	-17.513722056034
2.2700000000000	-17.410682996551
2.2720000000000	-17.308787558213
2.2740000000000	-17.208022591867
2.2760000000000	-17.108374833892
2.2780000000000	-17.009830942797
2.2800000000000	-16.912377531878
2.2820000000000	-16.816001198304
2.2840000000000	-16.720688548981
2.2860000000000	-16.626426223493
2.2880000000000	-16.533200914403
2.2900000000000	-16.440999385164
2.2920000000000	-16.349808485884
2.2940000000000	-16.259615167131
2.2960000000000	-16.170406491989
2.2980000000000	-16.082169646525
2.3000000000000	-15.994891948825
2.3020000000000	-15.908560856740
2.3040000000000	-15.823163974475
2.3060000000000	-15.738689058130
2.3080000000000	-15.655124020300
2.3100000000000	-15.572456933837
2.3120000000000	-15.490676034843
2.3140000000000	-15.409769725002
2.3160000000000	-15.329726573281
2.3180000000000	-15.250535317107
2.3200000000000	-15.172184863048
2.3220000000000	-15.094664287061
2.3240000000000	-15.017962834364
2.3260000000000	-14.942069918952
2.3280000000000	-14.866975122825
2.3300000000000	-14.792668194941
2.3320000000000	-14.719139049932
2.3340000000000	-14.646377766625
2.3360000000000	-14.574374586368
2.3380000000000	-14.503119911216
2.3400000000000	-14.432604301969
2.3420000000000	-14.362818476102
2.3440000000000	-14.293753305597
2.3460000000000	-14.225399814688
2.3480000000000	-14.157749177545
2.3500000000000	-14.090792715895
2.3520000000000	-14.024521896604
2.3540000000000	-13.958928329226
2.3560000000000	-13.894003763523
2.3580000000000	-13.829740086973
2.3600000000000	-13.766129322265
2.3620000000000	-13.703163624797
2.3640000000000	-13.640835280172
2.3660000000000	-13.579136701707
2.3680000000000	-13.518060427953
2.3700000000000	-13.457599120229
2.3720000000000	-13.397745560189
2.3740000000000	-13.338492647396
2.3760000000000	-13.279833396936
2.3780000000000	-13.221760937057
2.3800000000000	-13.164268506837
2.3820000000000	-13.107349453888
2.3840000000000	-13.050997232094
2.3860000000000	-12.995205399383
2.3880000000000	-12.939967615537
2.3900000000000	-12.885277640044
2.3920000000000	-12.831129329976
2.3940000000000	-12.777516637920
2.3960000000000	-12.724433609941
2.3980000000000	-12.671874383583
2.4000000000000	-12.619833185916
2.4020000000000	-12.568304331613
2.4040000000000	-12.517282221077
2.4060000000000	-12.466761338600
2.4080000000000	-12.416736250565
2.4100000000000	-12.367201603683
2.4120000000000	-12.318152123275
2.4140000000000	-12.269582611582
2.4160000000000	-12.221487946126
2.4180000000000	-12.173863078093
2.4200000000000	-12.126703030771
2.4220000000000	-12.080002898001
2.4240000000000	-12.033757842690
2.4260000000000	-11.987963095336
2.4280000000000	-11.942613952601
2.4300000000000	-11.897705775915
2.4320000000000	-11.853233990108
2.4340000000000	-11.809194082085
2.4360000000000	-11.765581599524
2.4380000000000	-11.722392149608
2.4400000000000	-11.679621397788
2.4420000000000	-11.637265066580
2.4440000000000	-11.595318934383
2.4460000000000	-11.553778834334
2.4480000000000	-11.512640653188
2.4500000000000	-11.471900330224
2.4520000000000	-11.431553856181
2.4540000000000	-11.391597272220
2.4560000000000	-11.352026668907
2.4580000000000	-11.312838185232
2.4600000000000	-11.274028007637
2.4620000000000	-11.235592369085
2.4640000000000	-11.197527548139
2.4660000000000	-11.159829868073
2.4680000000000	-11.122495695997
2.4700000000000	-11.085521442011
2.4720000000000	-11.048903558379
2.4740000000000	-11.012638538718
2.4760000000000	-10.976722917218
2.4780000000000	-10.941153267866
2.4800000000000	-10.905926203708
2.4820000000000	-10.871038376115
2.4840000000000	-10.836486474072
2.4860000000000	-10.802267223489
2.4880000000000	-10.768377386520
2.4900000000000	-10.734813760911
2.4920000000000	-10.701573179353
2.4940000000000	-10.668652508859
2.4960000000000	-10.636048650149
2.4980000000000	-10.603758537063
2.5000000000000	-10.571779135971
2.5020000000000	-10.540107445213
2.5040000000000	-10.508740494548
2.5060000000000	-10.477675344611
2.5080000000000	-10.446909086390
2.5100000000000	-10.416438840715
2.5120000000000	-10.386261757759
2.5140000000000	-10.356375016549
2.5160000000000	-10.326775824490
2.5180000000000	-10.297461416905
2.5200000000000	-10.268429056580
2.5220000000000	-10.239676033324
2.5240000000000	-10.211199663536
2.5260000000000	-10.182997289788
2.5280000000000	-10.155066280414
2.5300000000000	-10.127404029108
2.5320000000000	-10.100007954536
2.5340000000000	-10.072875499953
2.5360000000000	-10.046004132833
2.5380000000000	-10.019391344502
2.5400000000000	-9.9930346497873
2.5420000000000	-9.9669315866682
2.5440000000000	-9.9410797159394
2.5460000000000	-9.9154766208798
2.5480000000000	-9.8901199069302
2.5500000000000	-9.8650072013780
2.5520000000000	-9.8401361530495
2.5540000000000	-9.8155044320086
2.5560000000000	-9.7911097292634
2.5580000000000	-9.7669497564782
2.5600000000000	-9.7430222456935
2.5620000000000	-9.7193249490507
2.5640000000000	-9.6958556385247
2.5660000000000	-9.6726121056605
2.5680000000000	-9.6495921613175
2.5700000000000	-9.6267936354182
2.5720000000000	-9.6042143767030
2.5740000000000	-9.5818522524897
2.5760000000000	-9.5597051484391
2.5780000000000	-9.5377709683252
2.5800000000000	-9.5160476338097
2.5820000000000	-9.4945330842225
2.5840000000000	-9.4732252763456
2.5860000000000	-9.4521221842028
2.5880000000000	-9.4312217988523
2.5900000000000	-9.4105221281849
2.5920000000000	-9.3900211967255
2.5940000000000	-9.3697170454392
2.5960000000000	-9.3496077315407
2.5980000000000	-9.3296913283079
2.6000000000000	-9.3099659248994
2.6020000000000	-9.2904296261752
2.6040000000000	-9.2710805525210
2.6060000000000	-9.2519168396759
2.6080000000000	-9.2329366385636
2.6100000000000	-9.2141381151267
2.6120000000000	-9.1955194501642
2.6140000000000	-9.1770788391716
2.6160000000000	-9.1588144921847
2.6180000000000	-9.1407246336258
2.6200000000000	-9.1228075021527
2.6220000000000	-9.1050613505107
2.6240000000000	-9.0874844453870
2.6260000000000	-9.0700750672680
2.6280000000000	-9.0528315102983
2.6300000000000	-9.0357520821436
2.6320000000000	-9.0188351038543
2.6340000000000	-9.0020789097326
2.6360000000000	-8.9854818472014
2.6380000000000	-8.9690422766757
2.6400000000000	-8.9527585714355
2.6420000000000	-8.9366291175013
2.6440000000000	-8.9206523135117
2.6460000000000	-8.9048265706025
2.6480000000000	-8.8891503122884
2.6500000000000	-8.8736219743454
2.6520000000000	-8.8582400046967
2.6540000000000	-8.8430028632987
2.6560000000000	-8.8279090220299
2.6580000000000	-8.8129569645809
2.6600000000000	-8.7981451863462
2.6620000000000	-8.7834721943177
2.6640000000000	-8.7689365069796
2.6660000000000	-8.7545366542049
2.6680000000000	-8.7402711771534
2.6700000000000	-8.7261386281709
2.6720000000000	-8.7121375706906
2.6740000000000	-8.6982665791344
2.6760000000000	-8.6845242388176
2.6780000000000	-8.6709091458527
2.6800000000000	-8.6574199070562
2.6820000000000	-8.6440551398558
2.6840000000000	-8.6308134721991
2.6860000000000	-8.6176935424636
2.6880000000000	-8.6046939993670
2.6900000000000	-8.5918135018805
2.6920000000000	-8.5790507191409
2.6940000000000	-8.5664043303657
2.6960000000000	-8.5538730247685
2.6980000000000	-8.5414555014750
2.7000000000000	-8.5291504694409
2.7020000000000	-8.5169566473705
2.7040000000000	-8.5048727636357
2.7060000000000	-8.4928975561972
2.7080000000000	-8.4810297725252
2.7100000000000	-8.4692681695220
2.7120000000000	-8.4576115134453
2.7140000000000	-8.4460585798326
2.7160000000000	-8.4346081534254
2.7180000000000	-8.4232590280961
2.7200000000000	-8.4120100067736
2.7220000000000	-8.4008599013720
2.7240000000000	-8.3898075327181
2.7260000000000	-8.3788517304807
2.7280000000000	-8.3679913331010
2.7300000000000	-8.3572251877227
2.7320000000000	-8.3465521501239
2.7340000000000	-8.3359710846490
2.7360000000000	-8.3254808641422
2.7380000000000	-8.3150803698804
2.7400000000000	-8.3047684915082
2.7420000000000	-8.2945441269729
2.7440000000000	-8.2844061824601
2.7460000000000	-8.2743535723303
2.7480000000000	-8.2643852190561
2.7500000000000	-8.2545000531599
2.7520000000000	-8.2446970131526
2.7540000000000	-8.2349750454726
2.7560000000000	-8.2253331044253
2.7580000000000	-8.2157701521241
2.7600000000000	-8.2062851584310
2.7620000000000	-8.1968771008984
2.7640000000000	-8.1875449647111
2.7660000000000	-8.1782877426297
2.7680000000000	-8.1691044349336
2.7700000000000	-8.1599940493653
2.7720000000000	-8.1509556010751
2.7740000000000	-8.1419881125658
2.7760000000000	-8.1330906136395
2.7780000000000	-8.1242621413430
2.7800000000000	-8.1155017399153
2.7820000000000	-8.1068084607349
2.7840000000000	-8.0981813622681
2.7860000000000	-8.0896195100173
2.7880000000000	-8.0811219764702
2.7900000000000	-8.0726878410499
2.7920000000000	-8.0643161900648
2.7940000000000	-8.0560061166593
2.7960000000000	-8.0477567207655
2.7980000000000	-8.0395671090546
2.8000000000000	-8.0314363948897
2.8020000000000	-8.0233636982784
2.8040000000000	-8.0153481458264
2.8060000000000	-8.0073888706914
2.8080000000000	-7.9994850125374
2.8100000000000	-7.9916357174897
2.8120000000000	-7.9838401380907
2.8140000000000	-7.9760974332555
2.8160000000000	-7.9684067682284
2.8180000000000	-7.9607673145402
2.8200000000000	-7.9531782499654
2.8220000000000	-7.9456387584801
2.8240000000000	-7.9381480302209
2.8260000000000	-7.9307052614434
2.8280000000000	-7.9233096544822
2.8300000000000	-7.9159604177102
2.8320000000000	-7.9086567654996
2.8340000000000	-7.9013979181825
2.8360000000000	-7.8941831020126
2.8380000000000	-7.8870115491270
2.8400000000000	-7.8798824975083
2.8420000000000	-7.8727951909481
2.8440000000000	-7.8657488790096
2.8460000000000	-7.8587428169921
2.8480000000000	-7.8517762658951
2.8500000000000	-7.8448484923827
2.8520000000000	-7.8379587687497
2.8540000000000	-7.8311063728865
2.8560000000000	-7.8242905882458
2.8580000000000	-7.8175107038093
2.8600000000000	-7.8107660140547
2.8620000000000	-7.8040558189235
2.8640000000000	-7.7973794237888
2.8660000000000	-7.7907361394245
2.8680000000000	-7.7841252819739
2.8700000000000	-7.7775461729192
2.8720000000000	-7.7709981390518
2.8740000000000	-7.7644805124428
2.8760000000000	-7.7579926304135
2.8780000000000	-7.7515338355074
2.8800000000000	-7.7451034754616
2.8820000000000	-7.7387009031795
2.8840000000000	-7.7323254767035
2.8860000000000	-7.7259765591883
2.8880000000000	-7.7196535188746
2.8900000000000	-7.7133557290635
2.8920000000000	-7.7070825680911
2.8940000000000	-7.7008334193035
2.8960000000000	-7.6946076710329
2.8980000000000	-7.6884047165732
2.9000000000000	-7.6822239541569
2.9020000000000	-7.6760647869319
2.9040000000000	-7.6699266229393
2.9060000000000	-7.6638088750911
2.9080000000000	-7.6577109611488
2.9100000000000	-7.6516323037022
2.9120000000000	-7.6455723301488
2.9140000000000	-7.6395304726738
2.9160000000000	-7.6335061682302
2.9180000000000	-7.6274988585197
2.9200000000000	-7.6215079899737
2.9220000000000	-7.6155330137355
2.9240000000000	-7.6095733856420
2.9260000000000	-7.6036285662066
2.9280000000000	-7.5976980206022
2.9300000000000	-7.5917812186447
2.9320000000000	-7.5858776347775
2.9340000000000	-7.5799867480552
2.9360000000000	-7.5741080421296
2.9380000000000	-7.5682410052341
2.9400000000000	-7.5623851301703
2.9420000000000	-7.5565399142945
2.9440000000000	-7.5507048595037
2.9460000000000	-7.5448794722240
2.9480000000000	-7.5390632633975
2.9500000000000	-7.5332557484711
2.9520000000000	-7.5274564473850
2.9540000000000	-7.5216648845620
2.9560000000000	-7.5158805888969
2.9580000000000	-7.5101030937472
2.9600000000000	-7.5043319369229
2.9620000000000	-7.4985666606784
2.9640000000000	-7.4928068117033
2.9660000000000	-7.4870519411150
2.9680000000000	-7.4813016044507
2.9700000000000	-7.4755553616608
2.9720000000000	-7.4698127771018
2.9740000000000	-7.4640734195308
2.9760000000000	-7.4583368620991
2.9780000000000	-7.4526026823478
2.9800000000000	-7.4468704622025
2.9820000000000	-7.4411397879693
2.9840000000000	-7.4354102503310
2.9860000000000	-7.4296814443440
2.9880000000000	-7.4239529694349
2.9900000000000	-7.4182244293988
2.9920000000000	-7.4124954323970
2.9940000000000	-7.4067655909556
2.9960000000000	-7.4010345219647
2.9980000000000	-7.3953018466778
3.0000000000000	-7.3895671907117
3.0020000000000	-7.3838301840473
3.0040000000000	-7.3780904610298
3.0060000000000	-7.3723476603710
3.0080000000000	-7.3666014251503
3.0100000000000	-7.3608514028176
3.0120000000000	-7.3550972451957
3.0140000000000	-7.3493386084839
3.0160000000000	-7.3435751532613
3.0180000000000	-7.3378065444912
3.0200000000000	-7.3320324515258
3.0220000000000	-7.3262525481111
3.0240000000000	-7.3204665123928
3.0260000000000	-7.3146740269218
3.0280000000000	-7.3088747786612
3.0300000000000	-7.3030684589930
3.0320000000000	-7.2972547637254
3.0340000000000	-7.2914333931010
3.0360000000000	-7.2856040518047
3.0380000000000	-7.2797664489731
3.0400000000000	-7.2739202982029
3.0420000000000	-7.2680653175613
3.0440000000000	-7.2622012295959
3.0460000000000	-7.2563277613453
3.0480000000000	-7.2504446443500
3.0500000000000	-7.2445516146642
3.0520000000000	-7.2386484128676
3.0540000000000	-7.2327347840777
3.0560000000000	-7.2268104779628
3.0580000000000	-7.2208752487554
3.0600000000000	-7.2149288552655
3.0620000000000	-7.2089710608952
3.0640000000000	-7.2030016336532
3.0660000000000	-7.1970203461697
3.0680000000000	-7.1910269757120
3.0700000000000	-7.1850213042006
3.0720000000000	-7.1790031182251
3.0740000000000	-7.1729722090614
3.0760000000000	-7.1669283726887
3.0780000000000	-7.1608714098071
3.0800000000000	-7.1548011258560
3.0820000000000	-7.1487173310318
3.0840000000000	-7.1426198403077
3.0860000000000	-7.1365084734524
3.0880000000000	-7.1303830550499
3.0900000000000	-7.1242434145197
3.0920000000000	-7.1180893861374
3.0940000000000	-7.1119208090554
3.0960000000000	-7.1057375273243
3.0980000000000	-7.0995393899146
3.1000000000000	-7.0933262507389
3.1020000000000	-7.0870979686741
3.1040000000000	-7.0808544075846
3.1060000000000	-7.0745954363452
3.1080000000000	-7.0683209288650
3.1100000000000	-7.0620307641111
3.1120000000000	-7.0557248261331
3.1140000000000	-7.0494030040877
3.1160000000000	-7.0430651922640
3.1180000000000	-7.0367112901084
3.1200000000000	-7.0303412022506
3.1220000000000	-7.0239548385300
3.1240000000000	-7.0175521140215
3.1260000000000	-7.0111329490624
3.1280000000000	-7.0046972692798
3.1300000000000	-6.9982450056175
3.1320000000000	-6.9917760943640
3.1340000000000	-6.9852904771801
3.1360000000000	-6.9787881011275
3.1380000000000	-6.9722689186971
3.1400000000000	-6.9657328878379
3.1420000000000	-6.9591799719861
3.1440000000000	-6.9526101400943
3.1460000000000	-6.9460233666615
3.1480000000000	-6.9394196317623
3.1500000000000	-6.9327989210776
3.1520000000000	-6.9261612259245
3.1540000000000	-6.9195065432868
3.1560000000000	-6.9128348758463
3.1580000000000	-6.9061462320131
3.1600000000000	-6.8994406259569
3.1620000000000	-6.8927180776384
3.1640000000000	-6.8859786128409
3.1660000000000	-6.8792222632016
3.1680000000000	-6.8724490662437
3.1700000000000	-6.8656590654080
3.1720000000000	-6.8588523100854
3.1740000000000	-6.8520288556486
3.1760000000000	-6.8451887634846
3.1780000000000	-6.8383321010271
3.1800000000000	-6.8314589417888
3.1820000000000	-6.8245693653939
3.1840000000000	-6.8176634576106
3.1860000000000	-6.8107413103841
3.1880000000000	-6.8038030218684
3.1900000000000	-6.7968486964599
3.1920000000000	-6.7898784448289
3.1940000000000	-6.7828923839534
3.1960000000000	-6.7758906371505
3.1980000000000	-6.7688733341096
3.2000000000000	-6.7618406109246
#
#"Frequency / GHz"	"S2,1 [Magnitude / dB]"
#-----------------------------------------
1.2000000000000	-10.739791784307
1.2020000000000	-10.739113553563
1.2040000000000	-10.738328542353
1.2060000000000	-10.737435693974
1.2080000000000	-10.736433948145
1.2100000000000	-10.735322241207
1.2120000000000	-10.734099506325
1.2140000000000	-10.732764673703
1.2160000000000	-10.731316670791
1.2180000000000	-10.729754422516
1.2200000000000	-10.728076851501
1.2220000000000	-10.726282878305
1.2240000000000	-10.724371421657
1.2260000000000	-10.722341398706
1.2280000000000	-10.720191725268
1.2300000000000	-10.717921316086
1.2320000000000	-10.715529085089
1.2340000000000	-10.713013945668
1.2360000000000	-10.710374810943
1.2380000000000	-10.707610594049
1.2400000000000	-10.704720208422
1.2420000000000	-10.701702568090
1.2440000000000	-10.698556587972
1.2460000000000	-10.695281184185
1.2480000000000	-10.691875274350
1.2500000000000	-10.688337777910
1.2520000000000	-10.684667616453
1.2540000000000	-10.680863714037
1.2560000000000	-10.676924997523
1.2580000000000	-10.672850396913
1.2600000000000	-10.668638845697
1.2620000000000	-10.664289281199
1.2640000000000	-10.659800644929
1.2660000000000	-10.655171882950
1.2680000000000	-10.650401946235
1.2700000000000	-10.645489791040
1.2720000000000	-10.640434379279
1.2740000000000	-10.635234678902
1.2760000000000	-10.629889664277
1.2780000000000	-10.624398316583
1.2800000000000	-10.618759624198
1.2820000000000	-10.612972583097
1.2840000000000	-10.607036197252
1.2860000000000	-10.600949479040
1.2880000000000	-10.594711449648
1.2900000000000	-10.588321139485
1.2920000000000	-10.581777588597
1.2940000000000	-10.575079847087
1.2960000000000	-10.568226975536
1.2980000000000	-10.561218045426
1.3000000000000	-10.554052139566
1.3020000000000	-10.546728352522
1.3040000000000	-10.539245791049
1.3060000000000	-10.531603574520
1.3080000000000	-10.523800835366
1.3100000000000	-10.515836719507
1.3120000000000	-10.507710386793
1.3140000000000	-10.499421011440
1.3160000000000	-10.490967782468
1.3180000000000	-10.482349904141
1.3200000000000	-10.473566596408
1.3220000000000	-10.464617095340
1.3240000000000	-10.455500653568
1.3260000000000	-10.446216540724
1.3280000000000	-10.436764043874
1.3300000000000	-10.427142467959
1.3320000000000	-10.417351136223
1.3340000000000	-10.407389390652
1.3360000000000	-10.397256592397
1.3380000000000	-10.386952122209
1.3400000000000	-10.376475380858
1.3420000000000	-10.365825789559
1.3440000000000	-10.355002790389
1.3460000000000	-10.344005846700
1.3480000000000	-10.332834443534
1.3500000000000	-10.321488088026
1.3520000000000	-10.309966309807
1.3540000000000	-10.298268661402
1.3560000000000	-10.286394718620
1.3580000000000	-10.274344080942
1.3600000000000	-10.262116371900
1.3620000000000	-10.249711239451
1.3640000000000	-10.237128356346
1.3660000000000	-10.224367420489
1.3680000000000	-10.211428155292
1.3700000000000	-10.198310310022
1.3720000000000	-10.185013660138
1.3740000000000	-10.171538007621
1.3760000000000	-10.157883181300
1.3780000000000	-10.144049037160
1.3800000000000	-10.130035458655
1.3820000000000	-10.115842356995
1.3840000000000	-10.101469671437
1.3860000000000	-10.086917369564
1.3880000000000	-10.072185447546
1.3900000000000	-10.057273930402
1.3920000000000	-10.042182872241
1.3940000000000	-10.026912356503
1.3960000000000	-10.011462496181
1.3980000000000	-9.9958334340327
1.4000000000000	-9.9800253427875
1.4020000000000	-9.9640384253333
1.4040000000000	-9.9478729148970
1.4060000000000	-9.9315290752118
1.4080000000000	-9.9150072006722
1.4100000000000	-9.8983076164768
1.4120000000000	-9.8814306787585
1.4140000000000	-9.8643767747032
1.4160000000000	-9.8471463226544
1.4180000000000	-9.8297397722058
1.4200000000000	-9.8121576042813
1.4220000000000	-9.7944003312010
1.4240000000000	-9.7764684967352
1.4260000000000	-9.7583626761441
1.4280000000000	-9.7400834762055
1.4300000000000	-9.7216315352279
1.4320000000000	-9.7030075230514
1.4340000000000	-9.6842121410343
1.4360000000000	-9.6652461220269
1.4380000000000	-9.6461102303317
1.4400000000000	-9.6268052616500
1.4420000000000	-9.6073320430154
1.4440000000000	-9.5876914327134
1.4460000000000	-9.5678843201886
1.4480000000000	-9.5479116259377
1.4500000000000	-9.5277743013895
1.4520000000000	-9.5074733287721
1.4540000000000	-9.4870097209663
1.4560000000000	-9.4663845213471
1.4580000000000	-9.4455988036110
1.4600000000000	-9.4246536715917
1.4620000000000	-9.4035502590620
1.4640000000000	-9.3822897295246
1.4660000000000	-9.3608732759890
1.4680000000000	-9.3393021207376
1.4700000000000	-9.3175775150782
1.4720000000000	-9.2957007390865
1.4740000000000	-9.2736731013349
1.4760000000000	-9.2514959386115
1.4780000000000	-9.2291706156266
1.4800000000000	-9.2066985247089
1.4820000000000	-9.1840810854902
1.4840000000000	-9.1613197445797
1.4860000000000	-9.1384159752282
1.4880000000000	-9.1153712769813
1.4900000000000	-9.0921871753237
1.4920000000000	-9.0688652213124
1.4940000000000	-9.0454069912022
1.4960000000000	-9.0218140860602
1.4980000000000	-8.9980881313729
1.5000000000000	-8.9742307766437
1.5020000000000	-8.9502436949822
1.5040000000000	-8.9261285826857
1.5060000000000	-8.9018871588127
1.5080000000000	-8.8775211647486
1.5100000000000	-8.8530323637647
1.5120000000000	-8.8284225405697
1.5140000000000	-8.8036935008549
1.5160000000000	-8.7788470708328
1.5180000000000	-8.7538850967700
1.5200000000000	-8.7288094445134
1.5220000000000	-8.7036219990124
1.5240000000000	-8.6783246638344
1.5260000000000	-8.6529193606764
1.5280000000000	-8.6274080288716
1.5300000000000	-8.6017926248918
1.5320000000000	-8.5760751218460
1.5340000000000	-8.5502575089745
1.5360000000000	-8.5243417911411
1.5380000000000	-8.4983299883203
1.5400000000000	-8.4722241350836
1.5420000000000	-8.4460262800814
1.5440000000000	-8.4197384855241
1.5460000000000	-8.3933628266605
1.5480000000000	-8.3669013912547
1.5500000000000	-8.3403562790616
1.5520000000000	-8.3137296013009
1.5540000000000	-8.2870234801310
1.5560000000000	-8.2602400481214
1.5580000000000	-8.2333814477254
1.5600000000000	-8.2064498307524
1.5620000000000	-8.1794473578403
1.5640000000000	-8.1523761979285
1.5660000000000	-8.1252385277317
1.5680000000000	-8.0980365312138
1.5700000000000	-8.0707723990640
1.5720000000000	-8.0434483281737
1.5740000000000	-8.0160665211146
1.5760000000000	-7.9886291856193
1.5780000000000	-7.9611385340639
1.5800000000000	-7.9335967829517
1.5820000000000	-7.9060061524011
1.5840000000000	-7.8783688656346
1.5860000000000	-7.8506871484713
1.5880000000000	-7.8229632288226
1.5900000000000	-7.7951993361902
1.5920000000000	-7.7673977011689
1.5940000000000	-7.7395605549514
1.5960000000000	-7.7116901288376
1.5980000000000	-7.6837886537481
1.6000000000000	-7.6558583597411
1.6020000000000	-7.6279014755335
1.6040000000000	-7.5999202280267
1.6060000000000	-7.5719168418367
1.6080000000000	-7.5438935388289
1.6100000000000	-7.5158525376571
1.6120000000000	-7.4877960533085
1.6140000000000	-7.4597262966524
1.6160000000000	-7.4316454739947
1.6180000000000	-7.4035557866378
1.6200000000000	-7.3754594304453
1.6220000000000	-7.3473585954123
1.6240000000000	-7.3192554652416
1.6260000000000	-7.2911522169249
1.6280000000000	-7.2630510203302
1.6300000000000	-7.2349540377948
1.6320000000000	-7.2068634237244
1.6340000000000	-7.1787813241976
1.6360000000000	-7.1507098765771
1.6380000000000	-7.1226512091267
1.6400000000000	-7.0946074406343
1.6420000000000	-7.0665806800417
1.6440000000000	-7.0385730260799
1.6460000000000	-7.0105865669115
1.6480000000000	-6.9826233797790
1.6500000000000	-6.9546855306597
1.6520000000000	-6.9267750739274
1.6540000000000	-6.8988940520201
1.6560000000000	-6.8710444951145
1.6580000000000	-6.8432284208074
1.6600000000000	-6.8154478338035
1.6620000000000	-6.7877047256097
1.6640000000000	-6.7600010742364
1.6660000000000	-6.7323388439055
1.6680000000000	-6.7047199847651
1.6700000000000	-6.6771464326108
1.6720000000000	-6.6496201086143
1.6740000000000	-6.6221429190582
1.6760000000000	-6.5947167550779
1.6780000000000	-6.5673434924105
1.6800000000000	-6.5400249911506
1.6820000000000	-6.5127630955120
1.6840000000000	-6.4855596335979
1.6860000000000	-6.4584164171761
1.6880000000000	-6.4313352414630
1.6900000000000	-6.4043178849125
1.6920000000000	-6.3773661090132
1.6940000000000	-6.3504816580921
1.6960000000000	-6.3236662591244
1.6980000000000	-6.2969216215510
1.7000000000000	-6.2702494371027
1.7020000000000	-6.2436513796305
1.7040000000000	-6.2171291049435
1.7060000000000	-6.1906842506532
1.7080000000000	-6.1643184360245
1.7100000000000	-6.1380332618334
1.7120000000000	-6.1118303102318
1.7140000000000	-6.0857111446182
1.7160000000000	-6.0596773095159
1.7180000000000	-6.0337303304572
1.7200000000000	-6.0078717138746
1.7220000000000	-5.9821029469982
1.7240000000000	-5.9564254977597
1.7260000000000	-5.9308408147032
1.7280000000000	-5.9053503269023
1.7300000000000	-5.8799554438832
1.7320000000000	-5.8546575555546
1.7340000000000	-5.8294580321441
1.7360000000000	-5.8043582241405
1.7380000000000	-5.7793594622422
1.7400000000000	-5.7544630573124
1.7420000000000	-5.7296703003401
1.7440000000000	-5.7049824624069
1.7460000000000	-5.6804007946605
1.7480000000000	-5.6559265282936
1.7500000000000	-5.6315608745290
1.7520000000000	-5.6073050246106
1.7540000000000	-5.5831601498004
1.7560000000000	-5.5591274013805
1.7580000000000	-5.5352079106617
1.7600000000000	-5.5114027889974
1.7620000000000	-5.4877131278028
1.7640000000000	-5.4641399985800
1.7660000000000	-5.4406844529483
1.7680000000000	-5.4173475226799
1.7700000000000	-5.3941302197410
1.7720000000000	-5.3710335363381
1.7740000000000	-5.3480584449691
1.7760000000000	-5.3252058984801
1.7780000000000	-5.3024768301267
1.7800000000000	-5.2798721536404
1.7820000000000	-5.2573927632997
1.7840000000000	-5.2350395340062
1.7860000000000	-5.2128133213651
1.7880000000000	-5.1907149617705
1.7900000000000	-5.1687452724949
1.7920000000000	-5.1469050517837
1.7940000000000	-5.1251950789532
1.7960000000000	-5.1036161144934
1.7980000000000	-5.0821689001750
1.8000000000000	-5.0608541591599
1.8020000000000	-5.0396725961163
1.8040000000000	-5.0186248973372
1.8060000000000	-4.9977117308628
1.8080000000000	-4.9769337466068
1.8100000000000	-4.9562915764857
1.8120000000000	-4.9357858345523
1.8140000000000	-4.9154171171319
1.8160000000000	-4.8951860029623
1.8180000000000	-4.8750930533366
1.8200000000000	-4.8551388122492
1.8220000000000	-4.8353238065448
1.8240000000000	-4.8156485460703
1.8260000000000	-4.7961135238292
1.8280000000000	-4.7767192161389
1.8300000000000	-4.7574660827908
1.8320000000000	-4.7383545672119
1.8340000000000	-4.7193850966299
1.8360000000000	-4.7005580822397
1.8380000000000	-4.6818739193725
1.8400000000000	-4.6633329876666
1.8420000000000	-4.6449356512400
1.8440000000000	-4.6266822588658
1.8460000000000	-4.6085731441474
1.8480000000000	-4.5906086256976
1.8500000000000	-4.5727890073171
1.8520000000000	-4.5551145781756
1.8540000000000	-4.5375856129941
1.8560000000000	-4.5202023722277
1.8580000000000	-4.5029651022501
1.8600000000000	-4.4858740355385
1.8620000000000	-4.4689293908602
1.8640000000000	-4.4521313734590
1.8660000000000	-4.4354801752426
1.8680000000000	-4.4189759749707
1.8700000000000	-4.4026189384437
1.8720000000000	-4.3864092186908
1.8740000000000	-4.3703469561593
1.8760000000000	-4.3544322789039
1.8780000000000	-4.3386653027754
1.8800000000000	-4.3230461316098
1.8820000000000	-4.3075748574177
1.8840000000000	-4.2922515605721
1.8860000000000	-4.2770763099974
1.8880000000000	-4.2620491633565
1.8900000000000	-4.2471701672389
1.8920000000000	-4.2324393573463
1.8940000000000	-4.2178567586795
1.8960000000000	-4.2034223857227
1.8980000000000	-4.1891362426281
1.9000000000000	-4.1749983233988
1.9020000000000	-4.1610086120713
1.9040000000000	-4.1471670828959
1.9060000000000	-4.1334737005168
1.9080000000000	-4.1199284201504
1.9100000000000	-4.1065311877623
1.9120000000000	-4.0932819402426
1.9140000000000	-4.0801806055800
1.9160000000000	-4.0672271030344
1.9180000000000	-4.0544213433071
1.9200000000000	-4.0417632287098
1.9220000000000	-4.0292526533318
1.9240000000000	-4.0168895032050
1.9260000000000	-4.0046736564672
1.9280000000000	-3.9926049835230
1.9300000000000	-3.9806833472032
1.9320000000000	-3.9689086029214
1.9340000000000	-3.9572805988290
1.9360000000000	-3.9457991759673
1.9380000000000	-3.9344641684182
1.9400000000000	-3.9232754034513
1.9420000000000	-3.9122327016699
1.9440000000000	-3.9013358771534
1.9460000000000	-3.8905847375983
1.9480000000000	-3.8799790844556
1.9500000000000	-3.8695187130660
1.9520000000000	-3.8592034127932
1.9540000000000	-3.8490329671532
1.9560000000000	-3.8390071539422
1.9580000000000	-3.8291257453608
1.9600000000000	-3.8193885081358
1.9620000000000	-3.8097952036395
1.9640000000000	-3.8003455880058
1.9660000000000	-3.7910394122435
1.9680000000000	-3.7818764223470
1.9700000000000	-3.7728563594037
1.9720000000000	-3.7639789596991
1.9740000000000	-3.7552439548180
1.9760000000000	-3.7466510717441
1.9780000000000	-3.7382000329557
1.9800000000000	-3.7298905565182
1.9820000000000	-3.7217223561750
1.9840000000000	-3.7136951414339
1.9860000000000	-3.7058086176512
1.9880000000000	-3.6980624861132
1.9900000000000	-3.6904564441140
1.9920000000000	-3.6829901850309
1.9940000000000	-3.6756633983960
1.9960000000000	-3.6684757699663
1.9980000000000	-3.6614269817889
2.0000000000000	-3.6545167122652
2.0020000000000	-3.6477446362106
2.0040000000000	-3.6411104249121
2.0060000000000	-3.6346137461828
2.0080000000000	-3.6282542644135
2.0100000000000	-3.6220316406210
2.0120000000000	-3.6159455324946
2.0140000000000	-3.6099955944383
2.0160000000000	-3.6041814776114
2.0180000000000	-3.5985028299656
2.0200000000000	-3.5929592962796
2.0220000000000	-3.5875505181910
2.0240000000000	-3.5822761342250
2.0260000000000	-3.5771357798211
2.0280000000000	-3.5721290873568
2.0300000000000	-3.5672556861682
2.0320000000000	-3.5625152025692
2.0340000000000	-3.5579072598667
2.0360000000000	-3.5534314783743
2.0380000000000	-3.5490874754233
2.0400000000000	-3.5448748653710
2.0420000000000	-3.5407932596064
2.0440000000000	-3.5368422665546
2.0460000000000	-3.5330214916776
2.0480000000000	-3.5293305374734
2.0500000000000	-3.5257690034730
2.0520000000000	-3.5223364862352
2.0540000000000	-3.5190325793386
2.0560000000000	-3.5158568733725
2.0580000000000	-3.5128089559253
2.0600000000000	-3.5098884115704
2.0620000000000	-3.5070948218513
2.0640000000000	-3.5044277652638
2.0660000000000	-3.5018868172369
2.0680000000000	-3.4994715501116
2.0700000000000	-3.4971815331186
2.0720000000000	-3.4950163323535
2.0740000000000	-3.4929755107508
2.0760000000000	-3.4910586280569
2.0780000000000	-3.4892652408003
2.0800000000000	-3.4875949022619
2.0820000000000	-3.4860471624425
2.0840000000000	-3.4846215680302
2.0860000000000	-3.4833176623658
2.0880000000000	-3.4821349854074
2.0900000000000	-3.4810730736935
2.0920000000000	-3.4801314603054
2.0940000000000	-3.4793096748286
2.0960000000000	-3.4786072433130
2.0980000000000	-3.4780236882322
2.1000000000000	-3.4775585284428
2.1020000000000	-3.4772112791416
2.1040000000000	-3.4769814518232
2.1060000000000	-3.4768685542370
2.1080000000000	-3.4768720903426
2.1100000000000	-3.4769915602660
2.1120000000000	-3.4772264602549
2.1140000000000	-3.4775762826328
2.1160000000000	-3.4780405157547
2.1180000000000	-3.4786186439608
2.1200000000000	-3.4793101475307
2.1220000000000	-3.4801145026380
2.1240000000000	-3.4810311813042
2.1260000000000	-3.4820596513528
2.1280000000000	-3.4831993763640
2.1300000000000	-3.4844498156287
2.1320000000000	-3.4858104241035
2.1340000000000	-3.4872806523657
2.1360000000000	-3.4888599465689
2.1380000000000	-3.4905477483986
2.1400000000000	-3.4923434950285
2.1420000000000	-3.4942466190778
2.1440000000000	-3.4962565485683
2.1460000000000	-3.4983727068831
2.1480000000000	-3.5005945127250
2.1500000000000	-3.5029213800768
2.1520000000000	-3.5053527181619
2.1540000000000	-3.5078879314056
2.1560000000000	-3.5105264193978
2.1580000000000	-3.5132675768568
2.1600000000000	-3.5161107935939
2.1620000000000	-3.5190554544793
2.1640000000000	-3.5221009394091
2.1660000000000	-3.5252466232740
2.1680000000000	-3.5284918759287
2.1700000000000	-3.5318360621631
2.1720000000000	-3.5352785416748
2.1740000000000	-3.5388186690432
2.1760000000000	-3.5424557937048
2.1780000000000	-3.5461892599307
2.1800000000000	-3.5500184068049
2.1820000000000	-3.5539425682051
2.1840000000000	-3.5579610727846
2.1860000000000	-3.5620732439564
2.1880000000000	-3.5662783998787
2.1900000000000	-3.5705758534427
2.1920000000000	-3.5749649122621
2.1940000000000	-3.5794448786641
2.1960000000000	-3.5840150496834
2.1980000000000	-3.5886747170571
2.2000000000000	-3.5934231672223
2.2020000000000	-3.5982596813156
2.2040000000000	-3.6031835351748
2.2060000000000	-3.6081939993426
2.2080000000000	-3.6132903390726
2.2100000000000	-3.6184718143372
2.2120000000000	-3.6237376798384
2.2140000000000	-3.6290871850201
2.2160000000000	-3.6345195740832
2.2180000000000	-3.6400340860027
2.2200000000000	-3.6456299545472
2.2220000000000	-3.6513064083009
2.2240000000000	-3.6570626706880
2.2260000000000	-3.6628979599989
2.2280000000000	-3.6688114894194
2.2300000000000	-3.6748024670623
2.2320000000000	-3.6808700960012
2.2340000000000	-3.6870135743063
2.2360000000000	-3.6932320950838
2.2380000000000	-3.6995248465166
2.2400000000000	-3.7058910119079
2.2420000000000	-3.7123297697275
2.2440000000000	-3.7188402936600
2.2460000000000	-3.7254217526562
2.2480000000000	-3.7320733109857
2.2500000000000	-3.7387941282937
2.2520000000000	-3.7455833596587
2.2540000000000	-3.7524401556534
2.2560000000000	-3.7593636624078
2.2580000000000	-3.7663530216751
2.2600000000000	-3.7734073708992
2.2620000000000	-3.7805258432855
2.2640000000000	-3.7877075678737
2.2660000000000	-3.7949516696127
2.2680000000000	-3.8022572694382
2.2700000000000	-3.8096234843527
2.2720000000000	-3.8170494275075
2.2740000000000	-3.8245342082871
2.2760000000000	-3.8320769323961
2.2780000000000	-3.8396767019482
2.2800000000000	-3.8473326155569
2.2820000000000	-3.8550437684294
2.2840000000000	-3.8628092524619
2.2860000000000	-3.8706281563373
2.2880000000000	-3.8784995656249
2.2900000000000	-3.8864225628820
2.2920000000000	-3.8943962277583
2.2940000000000	-3.9024196371011
2.2960000000000	-3.9104918650635
2.2980000000000	-3.9186119832140
2.3000000000000	-3.9267790606480
2.3020000000000	-3.9349921641013
2.3040000000000	-3.9432503580651
2.3060000000000	-3.9515527049033
2.3080000000000	-3.9598982649709
2.3100000000000	-3.9682860967346
2.3120000000000	-3.9767152568943
2.3140000000000	-3.9851848005069
2.3160000000000	-3.9936937811114
2.3180000000000	-4.0022412508552
2.3200000000000	-4.0108262606219
2.3220000000000	-4.0194478601609
2.3240000000000	-4.0281050982179
2.3260000000000	-4.0367970226664
2.3280000000000	-4.0455226806412
2.3300000000000	-4.0542811186723
2.3320000000000	-4.0630713828204
2.3340000000000	-4.0718925188130
2.3360000000000	-4.0807435721820
2.3380000000000	-4.0896235884018
2.3400000000000	-4.0985316130283
2.3420000000000	-4.1074666918392
2.3440000000000	-4.1164278709741
2.3460000000000	-4.1254141970764
2.3480000000000	-4.1344247174352
2.3500000000000	-4.1434584801276
2.3520000000000	-4.1525145341620
2.3540000000000	-4.1615919296218
2.3560000000000	-4.1706897178088
2.3580000000000	-4.1798069513880
2.3600000000000	-4.1889426845321
2.3620000000000	-4.1980959730657
2.3640000000000	-4.2072658746108
2.3660000000000	-4.2164514487314
2.3680000000000	-4.2256517570787
2.3700000000000	-4.2348658635358
2.3720000000000	-4.2440928343628
2.3740000000000	-4.2533317383414
2.3760000000000	-4.2625816469193
2.3780000000000	-4.2718416343543
2.3800000000000	-4.2811107778585
2.3820000000000	-4.2903881577414
2.3840000000000	-4.2996728575529
2.3860000000000	-4.3089639642258
2.3880000000000	-4.3182605682178
2.3900000000000	-4.3275617636524
2.3920000000000	-4.3368666484596
2.3940000000000	-4.3461743245157
2.3960000000000	-4.3554838977822
2.3980000000000	-4.3647944784437
2.4000000000000	-4.3741051810453
2.4020000000000	-4.3834151246284
2.4040000000000	-4.3927234328660
2.4060000000000	-4.4020292341970
2.4080000000000	-4.4113316619583
2.4100000000000	-4.4206298545172
2.4120000000000	-4.4299229554013
2.4140000000000	-4.4392101134277
2.4160000000000	-4.4484904828310
2.4180000000000	-4.4577632233891
2.4200000000000	-4.4670275005486
2.4220000000000	-4.4762824855477
2.4240000000000	-4.4855273555382
2.4260000000000	-4.4947612937060
2.4280000000000	-4.5039834893888
2.4300000000000	-4.5131931381941
2.4320000000000	-4.5223894421133
2.4340000000000	-4.5315716096357
2.4360000000000	-4.5407388558600
2.4380000000000	-4.5498904026037
2.4400000000000	-4.5590254785111
2.4420000000000	-4.5681433191592
2.4440000000000	-4.5772431671615
2.4460000000000	-4.5863242722700
2.4480000000000	-4.5953858914752
2.4500000000000	-4.6044272891034
2.4520000000000	-4.6134477369130
2.4540000000000	-4.6224465141878
2.4560000000000	-4.6314229078282
2.4580000000000	-4.6403762124410
2.4600000000000	-4.6493057304257
2.4620000000000	-4.6582107720598
2.4640000000000	-4.6670906555810
2.4660000000000	-4.6759447072675
2.4680000000000	-4.6847722615162
2.4700000000000	-4.6935726609175
2.4720000000000	-4.7023452563294
2.4740000000000	-4.7110894069478
2.4760000000000	-4.7198044803751
2.4780000000000	-4.7284898526864
2.4800000000000	-4.7371449084929
2.4820000000000	-4.7457690410033
2.4840000000000	-4.7543616520827
2.4860000000000	-4.7629221523088
2.4880000000000	-4.7714499610257
2.4900000000000	-4.7799445063954
2.4920000000000	-4.7884052254470
2.4940000000000	-4.7968315641227
2.4960000000000	-4.8052229773223
2.4980000000000	-4.8135789289444
2.5000000000000	-4.8218988919254
2.5020000000000	-4.8301823482765
2.5040000000000	-4.8384287891172
2.5060000000000	-4.8466377147073
2.5080000000000	-4.8548086344759
2.5100000000000	-4.8629410670478
2.5120000000000	-4.8710345402684
2.5140000000000	-4.8790885912246
2.5160000000000	-4.8871027662646
2.5180000000000	-4.8950766210145
2.5200000000000	-4.9030097203931
2.5220000000000	-4.9109016386233
2.5240000000000	-4.9187519592424
2.5260000000000	-4.9265602751086
2.5280000000000	-4.9343261884065
2.5300000000000	-4.9420493106490
2.5320000000000	-4.9497292626780
2.5340000000000	-4.9573656746617
2.5360000000000	-4.9649581860905
2.5380000000000	-4.9725064457701
2.5400000000000	-4.9800101118123
2.5420000000000	-4.9874688516240
2.5440000000000	-4.9948823418936
2.5460000000000	-5.0022502685750
2.5480000000000	-5.0095723268705
2.5500000000000	-5.0168482212099
2.5520000000000	-5.0240776652290
2.5540000000000	-5.0312603817452
2.5560000000000	-5.0383961027310
2.5580000000000	-5.0454845692860
2.5600000000000	-5.0525255316065
2.5620000000000	-5.0595187489527
2.5640000000000	-5.0664639896155
2.5660000000000	-5.0733610308790
2.5680000000000	-5.0802096589836
2.5700000000000	-5.0870096690851
2.5720000000000	-5.0937608652139
2.5740000000000	-5.1004630602306
2.5760000000000	-5.1071160757811
2.5780000000000	-5.1137197422498
2.5800000000000	-5.1202738987103
2.5820000000000	-5.1267783928756
2.5840000000000	-5.1332330810458
2.5860000000000	-5.1396378280546
2.5880000000000	-5.1459925072142
2.5900000000000	-5.1522970002585
2.5920000000000	-5.1585511972854
2.5940000000000	-5.1647549966968
2.5960000000000	-5.1709083051379
2.5980000000000	-5.1770110374347
2.6000000000000	-5.1830631165307
2.6020000000000	-5.1890644734214
2.6040000000000	-5.1950150470886
2.6060000000000	-5.2009147844328
2.6080000000000	-5.2067636402045
2.6100000000000	-5.2125615769346
2.6120000000000	-5.2183085648635
2.6140000000000	-5.2240045818691
2.6160000000000	-5.2296496133942
2.6180000000000	-5.2352436523721
2.6200000000000	-5.2407866991517
2.6220000000000	-5.2462787614224
2.6240000000000	-5.2517198541365
2.6260000000000	-5.2571099994322
2.6280000000000	-5.2624492265550
2.6300000000000	-5.2677375717790
2.6320000000000	-5.2729750783263
2.6340000000000	-5.2781617962872
2.6360000000000	-5.2832977825388
2.6380000000000	-5.2883831006626
2.6400000000000	-5.2934178208629
2.6420000000000	-5.2984020198833
2.6440000000000	-5.3033357809235
2.6460000000000	-5.3082191935550
2.6480000000000	-5.3130523536369
2.6500000000000	-5.3178353632309
2.6520000000000	-5.3225683305162
2.6540000000000	-5.3272513697039
2.6560000000000	-5.3318846009510
2.6580000000000	-5.3364681502744
2.6600000000000	-5.3410021494643
2.6620000000000	-5.3454867359974
2.6640000000000	-5.3499220529505
2.6660000000000	-5.3543082489133
2.6680000000000	-5.3586454779011
2.6700000000000	-5.3629338992677
2.6720000000000	-5.3671736776182
2.6740000000000	-5.3713649827215
2.6760000000000	-5.3755079894234
2.6780000000000	-5.3796028775585
2.6800000000000	-5.3836498318638
2.6820000000000	-5.3876490418907
2.6840000000000	-5.3916007019186
2.6860000000000	-5.3955050108675
2.6880000000000	-5.3993621722113
2.6900000000000	-5.4031723938913
2.6920000000000	-5.4069358882294
2.6940000000000	-5.4106528718424
2.6960000000000	-5.4143235655554
2.6980000000000	-5.4179481943168
2.7000000000000	-5.4215269871124
2.7020000000000	-5.4250601768804
2.7040000000000	-5.4285480004270
2.7060000000000	-5.4319906983415
2.7080000000000	-5.4353885149126
2.7100000000000	-5.4387416980448
2.7120000000000	-5.4420504991751
2.7140000000000	-5.4453151731902
2.7160000000000	-5.4485359783445
2.7180000000000	-5.4517131761779
2.7200000000000	-5.4548470314346
2.7220000000000	-5.4579378119823
2.7240000000000	-5.4609857887319
2.7260000000000	-5.4639912355577
2.7280000000000	-5.4669544292179
2.7300000000000	-5.4698756492766
2.7320000000000	-5.4727551780250
2.7340000000000	-5.4755933004043
2.7360000000000	-5.4783903039287
2.7380000000000	-5.4811464786092
2.7400000000000	-5.4838621168780
2.7420000000000	-5.4865375135132
2.7440000000000	-5.4891729655648
2.7460000000000	-5.4917687722810
2.7480000000000	-5.4943252350348
2.7500000000000	-5.4968426572522
2.7520000000000	-5.4993213443403
2.7540000000000	-5.5017616036161
2.7560000000000	-5.5041637442367
2.7580000000000	-5.5065280771295
2.7600000000000	-5.5088549149237
2.7620000000000	-5.5111445718818
2.7640000000000	-5.5133973638324
2.7660000000000	-5.5156136081038
2.7680000000000	-5.5177936234580
2.7700000000000	-5.5199377300254
2.7720000000000	-5.5220462492408
2.7740000000000	-5.5241195037796
2.7760000000000	-5.5261578174948
2.7780000000000	-5.5281615153552
2.7800000000000	-5.5301309233840
2.7820000000000	-5.5320663685983
2.7840000000000	-5.5339681789492
2.7860000000000	-5.5358366832628
2.7880000000000	-5.5376722111822
2.7900000000000	-5.5394750931099
2.7920000000000	-5.5412456601512
2.7940000000000	-5.5429842440581
2.7960000000000	-5.5446911771745
2.7980000000000	-5.5463667923819
2.8000000000000	-5.5480114230454
2.8020000000000	-5.5496254029614
2.8040000000000	-5.5512090663052
2.8060000000000	-5.5527627475804
2.8080000000000	-5.5542867815677
2.8100000000000	-5.5557815032756
2.8120000000000	-5.5572472478917
2.8140000000000	-5.5586843507339
2.8160000000000	-5.5600931472040
2.8180000000000	-5.5614739727400
2.8200000000000	-5.5628271627710
2.8220000000000	-5.5641530526720
2.8240000000000	-5.5654519777192
2.8260000000000	-5.5667242730466
2.8280000000000	-5.5679702736034
2.8300000000000	-5.5691903141115
2.8320000000000	-5.5703847290243
2.8340000000000	-5.5715538524860
2.8360000000000	-5.5726980182918
2.8380000000000	-5.5738175598485
2.8400000000000	-5.5749128101363
2.8420000000000	-5.5759841016707
2.8440000000000	-5.5770317664658
2.8460000000000	-5.5780561359978
2.8480000000000	-5.5790575411691
2.8500000000000	-5.5800363122738
2.8520000000000	-5.5809927789631
2.8540000000000	-5.5819272702118
2.8560000000000	-5.5828401142855
2.8580000000000	-5.5837316387080
2.8600000000000	-5.5846021702302
2.8620000000000	-5.5854520347987
2.8640000000000	-5.5862815575260
2.8660000000000	-5.5870910626603
2.8680000000000	-5.5878808735570
2.8700000000000	-5.5886513126503
2.8720000000000	-5.5894027014249
2.8740000000000	-5.5901353603896
2.8760000000000	-5.5908496090505
2.8780000000000	-5.5915457658848
2.8800000000000	-5.5922241483161
2.8820000000000	-5.5928850726891
2.8840000000000	-5.5935288542460
2.8860000000000	-5.5941558071024
2.8880000000000	-5.5947662442248
2.8900000000000	-5.5953604774080
2.8920000000000	-5.5959388172531
2.8940000000000	-5.5965015731465
2.8960000000000	-5.5970490532388
2.8980000000000	-5.5975815644250
2.9000000000000	-5.5980994123245
2.9020000000000	-5.5986029012618
2.9040000000000	-5.5990923342482
2.9060000000000	-5.5995680129637
2.9080000000000	-5.6000302377388
2.9100000000000	-5.6004793075381
2.9120000000000	-5.6009155199429
2.9140000000000	-5.6013391711358
2.9160000000000	-5.6017505558843
2.9180000000000	-5.6021499675260
2.9200000000000	-5.6025376979537
2.9220000000000	-5.6029140376013
2.9240000000000	-5.6032792754293
2.9260000000000	-5.6036336989123
2.9280000000000	-5.6039775940254
2.9300000000000	-5.6043112452314
2.9320000000000	-5.6046349354697
2.9340000000000	-5.6049489461435
2.9360000000000	-5.6052535571089
2.9380000000000	-5.6055490466642
2.9400000000000	-5.6058356915390
2.9420000000000	-5.6061137668846
2.9440000000000	-5.6063835462635
2.9460000000000	-5.6066453016407
2.9480000000000	-5.6068993033745
2.9500000000000	-5.6071458202077
2.9520000000000	-5.6073851192595
2.9540000000000	-5.6076174660175
2.9560000000000	-5.6078431243304
2.9580000000000	-5.6080623564003
2.9600000000000	-5.6082754227760
2.9620000000000	-5.6084825823466
2.9640000000000	-5.6086840923352
2.9660000000000	-5.6088802082927
2.9680000000000	-5.6090711840923
2.9700000000000	-5.6092572719244
2.9720000000000	-5.6094387222915
2.9740000000000	-5.6096157840031
2.9760000000000	-5.6097887041719
2.9780000000000	-5.6099577282090
2.9800000000000	-5.6101230998207
2.9820000000000	-5.6102850610042
2.9840000000000	-5.6104438520449
2.9860000000000	-5.6105997115128
2.9880000000000	-5.6107528762601
2.9900000000000	-5.6109035814184
2.9920000000000	-5.6110520603965
2.9940000000000	-5.6111985448782
2.9960000000000	-5.6113432648207
2.9980000000000	-5.6114864484528
3.0000000000000	-5.6116283222734
3.0020000000000	-5.6117691110510
3.0040000000000	-5.6119090378217
3.0060000000000	-5.6120483238897
3.0080000000000	-5.6121871888258
3.0100000000000	-5.6123258504677
3.0120000000000	-5.6124645249195
3.0140000000000	-5.6126034265522
3.0160000000000	-5.6127427680037
3.0180000000000	-5.6128827601794
3.0200000000000	-5.6130236122530
3.0220000000000	-5.6131655316669
3.0240000000000	-5.6133087241337
3.0260000000000	-5.6134533936372
3.0280000000000	-5.6135997424339
3.0300000000000	-5.6137479710543
3.0320000000000	-5.6138982783046
3.0340000000000	-5.6140508612690
3.0360000000000	-5.6142059153110
3.0380000000000	-5.6143636340764
3.0400000000000	-5.6145242094946
3.0420000000000	-5.6146878317821
3.0440000000000	-5.6148546894442
3.0460000000000	-5.6150249692784
3.0480000000000	-5.6151988563769
3.0500000000000	-5.6153765341295
3.0520000000000	-5.6155581842272
3.0540000000000	-5.6157439866650
3.0560000000000	-5.6159341197453
3.0580000000000	-5.6161287600818
3.0600000000000	-5.6163280826024
3.0620000000000	-5.6165322605538
3.0640000000000	-5.6167414655044
3.0660000000000	-5.6169558673491
3.0680000000000	-5.6171756343126
3.0700000000000	-5.6174009329542
3.0720000000000	-5.6176319281714
3.0740000000000	-5.6178687832048
3.0760000000000	-5.6181116596422
3.0780000000000	-5.6183607174232
3.0800000000000	-5.6186161148439
3.0820000000000	-5.6188780085615
3.0840000000000	-5.6191465535993
3.0860000000000	-5.6194219033511
3.0880000000000	-5.6197042095867
3.0900000000000	-5.6199936224566
3.0920000000000	-5.6202902904974
3.0940000000000	-5.6205943606364
3.0960000000000	-5.6209059781977
3.0980000000000	-5.6212252869066
3.1000000000000	-5.6215524288958
3.1020000000000	-5.6218875447104
3.1040000000000	-5.6222307733136
3.1060000000000	-5.6225822520921
3.1080000000000	-5.6229421168620
3.1100000000000	-5.6233105018743
3.1120000000000	-5.6236875398207
3.1140000000000	-5.6240733618397
3.1160000000000	-5.6244680975220
3.1180000000000	-5.6248718749167
3.1200000000000	-5.6252848205372
3.1220000000000	-5.6257070593675
3.1240000000000	-5.6261387148676
3.1260000000000	-5.6265799089805
3.1280000000000	-5.6270307621376
3.1300000000000	-5.6274913932653
3.1320000000000	-5.6279619197912
3.1340000000000	-5.6284424576502
3.1360000000000	-5.6289331212911
3.1380000000000	-5.6294340236829
3.1400000000000	-5.6299452763210
3.1420000000000	-5.6304669892337
3.1440000000000	-5.6309992709889
3.1460000000000	-5.6315422287003
3.1480000000000	-5.6320959680341
3.1500000000000	-5.6326605932157
3.1520000000000	-5.6332362070358
3.1540000000000	-5.6338229108575
3.1560000000000	-5.6344208046229
3.1580000000000	-5.6350299868594
3.1600000000000	-5.6356505546869
3.1620000000000	-5.6362826038241
3.1640000000000	-5.6369262285955
3.1660000000000	-5.6375815219379
3.1680000000000	-5.6382485754077
3.1700000000000	-5.6389274791871
3.1720000000000	-5.6396183220912
3.1740000000000	-5.6403211915751
3.1760000000000	-5.6410361737401
3.1780000000000	-5.6417633533414
3.1800000000000	-5.6425028137943
3.1820000000000	-5.6432546371813
3.1840000000000	-5.6440189042594
3.1860000000000	-5.6447956944666
3.1880000000000	-5.6455850859289
3.1900000000000	-5.6463871554673
3.1920000000000	-5.6472019786051
3.1940000000000	-5.6480296295744
3.1960000000000	-5.6488701813231
3.1980000000000	-5.6497237055225
3.2000000000000	-5.6505902725735
#
#"Frequency / GHz"	"S3,1 [Magnitude / dB]"
#-----------------------------------------
1.2000000000000	-6.5564382763857
1.2020000000000	-6.5476364928329
1.2040000000000	-6.5388063143049
1.2060000000000	-6.5299477297275
1.2080000000000	-6.5210607304628
1.2100000000000	-6.5121453103498
1.2120000000000	-6.5032014657462
1.2140000000000	-6.4942291955706
1.2160000000000	-6.4852285013437
1.2180000000000	-6.4761993872317
1.2200000000000	-6.4671418600880
1.2220000000000	-6.4580559294968
1.2240000000000	-6.4489416078156
1.2260000000000	-6.4397989102193
1.2280000000000	-6.4306278547434
1.2300000000000	-6.4214284623281
1.2320000000000	-6.4122007568625
1.2340000000000	-6.4029447652285
1.2360000000000	-6.3936605173461
1.2380000000000	-6.3843480462178
1.2400000000000	-6.3750073879733
1.2420000000000	-6.3656385819155
1.2440000000000	-6.3562416705651
1.2460000000000	-6.3468166997066
1.2480000000000	-6.3373637184337
1.2500000000000	-6.3278827791957
1.2520000000000	-6.3183739378427
1.2540000000000	-6.3088372536727
1.2560000000000	-6.2992727894772
1.2580000000000	-6.2896806115877
1.2600000000000	-6.2800607899226
1.2620000000000	-6.2704133980332
1.2640000000000	-6.2607385131509
1.2660000000000	-6.2510362162334
1.2680000000000	-6.2413065920121
1.2700000000000	-6.2315497290383
1.2720000000000	-6.2217657197305
1.2740000000000	-6.2119546604208
1.2760000000000	-6.2021166514023
1.2780000000000	-6.1922517969755
1.2800000000000	-6.1823602054952
1.2820000000000	-6.1724419894172
1.2840000000000	-6.1624972653453
1.2860000000000	-6.1525261540772
1.2880000000000	-6.1425287806516
1.2900000000000	-6.1325052743945
1.2920000000000	-6.1224557689649
1.2940000000000	-6.1123804024016
1.2960000000000	-6.1022793171686
1.2980000000000	-6.0921526602008
1.3000000000000	-6.0820005829500
1.3020000000000	-6.0718232414294
1.3040000000000	-6.0616207962593
1.3060000000000	-6.0513934127113
1.3080000000000	-6.0411412607531
1.3100000000000	-6.0308645150925
1.3120000000000	-6.0205633552209
1.3140000000000	-6.0102379654572
1.3160000000000	-5.9998885349905
1.3180000000000	-5.9895152579228
1.3200000000000	-5.9791183333110
1.3220000000000	-5.9686979652090
1.3240000000000	-5.9582543627086
1.3260000000000	-5.9477877399804
1.3280000000000	-5.9372983163139
1.3300000000000	-5.9267863161570
1.3320000000000	-5.9162519691555
1.3340000000000	-5.9056955101908
1.3360000000000	-5.8951171794185
1.3380000000000	-5.8845172223048
1.3400000000000	-5.8738958896632
1.3420000000000	-5.8632534376903
1.3440000000000	-5.8525901280005
1.3460000000000	-5.8419062276601
1.3480000000000	-5.8312020092208
1.3500000000000	-5.8204777507520
1.3520000000000	-5.8097337358723
1.3540000000000	-5.7989702537804
1.3560000000000	-5.7881875992847
1.3580000000000	-5.7773860728318
1.3600000000000	-5.7665659805346
1.3620000000000	-5.7557276341985
1.3640000000000	-5.7448713513478
1.3660000000000	-5.7339974552491
1.3680000000000	-5.7231062749355
1.3700000000000	-5.7121981452285
1.3720000000000	-5.7012734067587
1.3740000000000	-5.6903324059860
1.3760000000000	-5.6793754952175
1.3780000000000	-5.6684030326247
1.3800000000000	-5.6574153822597
1.3820000000000	-5.6464129140688
1.3840000000000	-5.6353960039059
1.3860000000000	-5.6243650335440
1.3880000000000	-5.6133203906846
1.3900000000000	-5.6022624689668
1.3920000000000	-5.5911916679736
1.3940000000000	-5.5801083932373
1.3960000000000	-5.5690130562431
1.3980000000000	-5.5579060744308
1.4000000000000	-5.5467878711952
1.4020000000000	-5.5356588758842
1.4040000000000	-5.5245195237955
1.4060000000000	-5.5133702561714
1.4080000000000	-5.5022115201917
1.4100000000000	-5.4910437689642
1.4120000000000	-5.4798674615145
1.4140000000000	-5.4686830627721
1.4160000000000	-5.4574910435560
1.4180000000000	-5.4462918805576
1.4200000000000	-5.4350860563212
1.4220000000000	-5.4238740592228
1.4240000000000	-5.4126563834466
1.4260000000000	-5.4014335289596
1.4280000000000	-5.3902060014833
1.4300000000000	-5.3789743124634
1.4320000000000	-5.3677389790378
1.4340000000000	-5.3565005240012
1.4360000000000	-5.3452594757679
1.4380000000000	-5.3340163683326
1.4400000000000	-5.3227717412277
1.4420000000000	-5.3115261394789
1.4440000000000	-5.3002801135584
1.4460000000000	-5.2890342193347
1.4480000000000	-5.2777890180209
1.4500000000000	-5.2665450761194
1.4520000000000	-5.2553029653650
1.4540000000000	-5.2440632626643
1.4560000000000	-5.2328265500331
1.4580000000000	-5.2215934145310
1.4600000000000	-5.2103644481932
1.4620000000000	-5.1991402479593
1.4640000000000	-5.1879214155996
1.4660000000000	-5.1767085576387
1.4680000000000	-5.1655022852761
1.4700000000000	-5.1543032143039
1.4720000000000	-5.1431119650215
1.4740000000000	-5.1319291621481
1.4760000000000	-5.1207554347317
1.4780000000000	-5.1095914160552
1.4800000000000	-5.0984377435400
1.4820000000000	-5.0872950586462
1.4840000000000	-5.0761640067702
1.4860000000000	-5.0650452371394
1.4880000000000	-5.0539394027036
1.4900000000000	-5.0428471600237
1.4920000000000	-5.0317691691575
1.4940000000000	-5.0207060935423
1.4960000000000	-5.0096585998750
1.4980000000000	-4.9986273579887
1.5000000000000	-4.9876130407267
1.5020000000000	-4.9766163238133
1.5040000000000	-4.9656378857225
1.5060000000000	-4.9546784075421
1.5080000000000	-4.9437385728370
1.5100000000000	-4.9328190675079
1.5120000000000	-4.9219205796480
1.5140000000000	-4.9110437993967
1.5160000000000	-4.9001894187903
1.5180000000000	-4.8893581316099
1.5200000000000	-4.8785506332272
1.5220000000000	-4.8677676204464
1.5240000000000	-4.8570097913442
1.5260000000000	-4.8462778451070
1.5280000000000	-4.8355724818651
1.5300000000000	-4.8248944025252
1.5320000000000	-4.8142443085987
1.5340000000000	-4.8036229020296
1.5360000000000	-4.7930308850178
1.5380000000000	-4.7824689598417
1.5400000000000	-4.7719378286775
1.5420000000000	-4.7614381934162
1.5440000000000	-4.7509707554789
1.5460000000000	-4.7405362156291
1.5480000000000	-4.7301352737839
1.5500000000000	-4.7197686288220
1.5520000000000	-4.7094369783902
1.5540000000000	-4.6991410187085
1.5560000000000	-4.6888814443722
1.5580000000000	-4.6786589481533
1.5600000000000	-4.6684742207993
1.5620000000000	-4.6583279508310
1.5640000000000	-4.6482208243386
1.5660000000000	-4.6381535247758
1.5680000000000	-4.6281267327534
1.5700000000000	-4.6181411258310
1.5720000000000	-4.6081973783076
1.5740000000000	-4.5982961610113
1.5760000000000	-4.5884381410876
1.5780000000000	-4.5786239817871
1.5800000000000	-4.5688543422526
1.5820000000000	-4.5591298773048
1.5840000000000	-4.5494512372279
1.5860000000000	-4.5398190675547
1.5880000000000	-4.5302340088512
1.5900000000000	-4.5206966965007
1.5920000000000	-4.5112077604885
1.5940000000000	-4.5017678251851
1.5960000000000	-4.4923775091312
1.5980000000000	-4.4830374248218
1.6000000000000	-4.4737481784907
1.6020000000000	-4.4645103698956
1.6040000000000	-4.4553245921039
1.6060000000000	-4.4461914312788
1.6080000000000	-4.4371114664663
1.6100000000000	-4.4280852693836
1.6120000000000	-4.4191134042074
1.6140000000000	-4.4101964273650
1.6160000000000	-4.4013348873250
1.6180000000000	-4.3925293243905
1.6200000000000	-4.3837802704937
1.6220000000000	-4.3750882489919
1.6240000000000	-4.3664537744655
1.6260000000000	-4.3578773525179
1.6280000000000	-4.3493594795774
1.6300000000000	-4.3409006427015
1.6320000000000	-4.3325013193832
1.6340000000000	-4.3241619773605
1.6360000000000	-4.3158830744270
1.6380000000000	-4.3076650582473
1.6400000000000	-4.2995083661733
1.6420000000000	-4.2914134250646
1.6440000000000	-4.2833806511116
1.6460000000000	-4.2754104496622
1.6480000000000	-4.2675032150510
1.6500000000000	-4.2596593304332
1.6520000000000	-4.2518791676209
1.6540000000000	-4.2441630869240
1.6560000000000	-4.2365114369943
1.6580000000000	-4.2289245546739
1.6600000000000	-4.2214027648477
1.6620000000000	-4.2139463802996
1.6640000000000	-4.2065557015737
1.6660000000000	-4.1992310168394
1.6680000000000	-4.1919726017608
1.6700000000000	-4.1847807193713
1.6720000000000	-4.1776556199528
1.6740000000000	-4.1705975409187
1.6760000000000	-4.1636067067034
1.6780000000000	-4.1566833286556
1.6800000000000	-4.1498276049368
1.6820000000000	-4.1430397204255
1.6840000000000	-4.1363198466263
1.6860000000000	-4.1296681415839
1.6880000000000	-4.1230847498034
1.6900000000000	-4.1165698021753
1.6920000000000	-4.1101234159063
1.6940000000000	-4.1037456944557
1.6960000000000	-4.0974367274776
1.6980000000000	-4.0911965907682
1.7000000000000	-4.0850253462199
1.7020000000000	-4.0789230417801
1.7040000000000	-4.0728897114167
1.7060000000000	-4.0669253750892
1.7080000000000	-4.0610300387255
1.7100000000000	-4.0552036942050
1.7120000000000	-4.0494463193475
1.7140000000000	-4.0437578779085
1.7160000000000	-4.0381383195801
1.7180000000000	-4.0325875799979
1.7200000000000	-4.0271055807547
1.7220000000000	-4.0216922294191
1.7240000000000	-4.0163474195618
1.7260000000000	-4.0110710307861
1.7280000000000	-4.0058629287660
1.7300000000000	-4.0007229652900
1.7320000000000	-3.9956509783102
1.7340000000000	-3.9906467919983
1.7360000000000	-3.9857102168078
1.7380000000000	-3.9808410495409
1.7400000000000	-3.9760390734229
1.7420000000000	-3.9713040581817
1.7440000000000	-3.9666357601334
1.7460000000000	-3.9620339222734
1.7480000000000	-3.9574982743743
1.7500000000000	-3.9530285330883
1.7520000000000	-3.9486244020562
1.7540000000000	-3.9442855720219
1.7560000000000	-3.9400117209523
1.7580000000000	-3.9358025141627
1.7600000000000	-3.9316576044481
1.7620000000000	-3.9275766322192
1.7640000000000	-3.9235592256447
1.7660000000000	-3.9196050007979
1.7680000000000	-3.9157135618089
1.7700000000000	-3.9118845010219
1.7720000000000	-3.9081173991577
1.7740000000000	-3.9044118254806
1.7760000000000	-3.9007673379705
1.7780000000000	-3.8971834834998
1.7800000000000	-3.8936597980145
1.7820000000000	-3.8901958067205
1.7840000000000	-3.8867910242737
1.7860000000000	-3.8834449549750
1.7880000000000	-3.8801570929689
1.7900000000000	-3.8769269224469
1.7920000000000	-3.8737539178544
1.7940000000000	-3.8706375441019
1.7960000000000	-3.8675772567797
1.7980000000000	-3.8645725023764
1.8000000000000	-3.8616227185008
1.8020000000000	-3.8587273341078
1.8040000000000	-3.8558857697270
1.8060000000000	-3.8530974376948
1.8080000000000	-3.8503617423894
1.8100000000000	-3.8476780804694
1.8120000000000	-3.8450458411142
1.8140000000000	-3.8424644062682
1.8160000000000	-3.8399331508870
1.8180000000000	-3.8374514431860
1.8200000000000	-3.8350186448918
1.8220000000000	-3.8326341114958
1.8240000000000	-3.8302971925092
1.8260000000000	-3.8280072317210
1.8280000000000	-3.8257635674572
1.8300000000000	-3.8235655328419
1.8320000000000	-3.8214124560601
1.8340000000000	-3.8193036606219
1.8360000000000	-3.8172384656282
1.8380000000000	-3.8152161860373
1.8400000000000	-3.8132361329331
1.8420000000000	-3.8112976137939
1.8440000000000	-3.8093999327624
1.8460000000000	-3.8075423909161
1.8480000000000	-3.8057242865386
1.8500000000000	-3.8039449153913
1.8520000000000	-3.8022035709857
1.8540000000000	-3.8004995448552
1.8560000000000	-3.7988321268286
1.8580000000000	-3.7972006053016
1.8600000000000	-3.7956042675103
1.8620000000000	-3.7940423998027
1.8640000000000	-3.7925142879112
1.8660000000000	-3.7910192172239
1.8680000000000	-3.7895564730557
1.8700000000000	-3.7881253409190
1.8720000000000	-3.7867251067928
1.8740000000000	-3.7853550573919
1.8760000000000	-3.7840144804344
1.8780000000000	-3.7827026649088
1.8800000000000	-3.7814189013391
1.8820000000000	-3.7801624820496
1.8840000000000	-3.7789327014272
1.8860000000000	-3.7777288561832
1.8880000000000	-3.7765502456129
1.8900000000000	-3.7753961718540
1.8920000000000	-3.7742659401425
1.8940000000000	-3.7731588590675
1.8960000000000	-3.7720742408233
1.8980000000000	-3.7710114014605
1.9000000000000	-3.7699696611334
1.9020000000000	-3.7689483443468
1.9040000000000	-3.7679467801990
1.9060000000000	-3.7669643026233
1.9080000000000	-3.7660002506271
1.9100000000000	-3.7650539685273
1.9120000000000	-3.7641248061843
1.9140000000000	-3.7632121192326
1.9160000000000	-3.7623152693082
1.9180000000000	-3.7614336242742
1.9200000000000	-3.7605665584421
1.9220000000000	-3.7597134527909
1.9240000000000	-3.7588736951828
1.9260000000000	-3.7580466805753
1.9280000000000	-3.7572318112308
1.9300000000000	-3.7564284969217
1.9320000000000	-3.7556361551333
1.9340000000000	-3.7548542112622
1.9360000000000	-3.7540820988115
1.9380000000000	-3.7533192595823
1.9400000000000	-3.7525651438614
1.9420000000000	-3.7518192106057
1.9440000000000	-3.7510809276215
1.9460000000000	-3.7503497717415
1.9480000000000	-3.7496252289966
1.9500000000000	-3.7489067947842
1.9520000000000	-3.7481939740321
1.9540000000000	-3.7474862813588
1.9560000000000	-3.7467832412287
1.9580000000000	-3.7460843881040
1.9600000000000	-3.7453892665913
1.9620000000000	-3.7446974315849
1.9640000000000	-3.7440084484047
1.9660000000000	-3.7433218929299
1.9680000000000	-3.7426373517288
1.9700000000000	-3.7419544221829
1.9720000000000	-3.7412727126074
1.9740000000000	-3.7405918423664
1.9760000000000	-3.7399114419836
1.9780000000000	-3.7392311532484
1.9800000000000	-3.7385506293168
1.9820000000000	-3.7378695348078
1.9840000000000	-3.7371875458948
1.9860000000000	-3.7365043503921
1.9880000000000	-3.7358196478367
1.9900000000000	-3.7351331495643
1.9920000000000	-3.7344445787815
1.9940000000000	-3.7337536706318
1.9960000000000	-3.7330601722575
1.9980000000000	-3.7323638428556
2.0000000000000	-3.7316644537294
2.0020000000000	-3.7309617883342
2.0040000000000	-3.7302556423186
2.0060000000000	-3.7295458235599
2.0080000000000	-3.7288321521947
2.0100000000000	-3.7281144606441
2.0120000000000	-3.7273925936338
2.0140000000000	-3.7266664082088
2.0160000000000	-3.7259357737432
2.0180000000000	-3.7252005719440
2.0200000000000	-3.7244606968503
2.0220000000000	-3.7237160548268
2.0240000000000	-3.7229665645527
2.0260000000000	-3.7222121570041
2.0280000000000	-3.7214527754325
2.0300000000000	-3.7206883753367
2.0320000000000	-3.7199189244307
2.0340000000000	-3.7191444026055
2.0360000000000	-3.7183648018857
2.0380000000000	-3.7175801263813
2.0400000000000	-3.7167903922340
2.0420000000000	-3.7159956275583
2.0440000000000	-3.7151958723774
2.0460000000000	-3.7143911785544
2.0480000000000	-3.7135816097175
2.0500000000000	-3.7127672411811
2.0520000000000	-3.7119481598610
2.0540000000000	-3.7111244641852
2.0560000000000	-3.7102962639995
2.0580000000000	-3.7094636804678
2.0600000000000	-3.7086268459684
2.0620000000000	-3.7077859039845
2.0640000000000	-3.7069410089901
2.0660000000000	-3.7060923263321
2.0680000000000	-3.7052400321064
2.0700000000000	-3.7043843130298
2.0720000000000	-3.7035253663080
2.0740000000000	-3.7026633994983
2.0760000000000	-3.7017986303680
2.0780000000000	-3.7009312867488
2.0800000000000	-3.7000616063864
2.0820000000000	-3.6991898367865
2.0840000000000	-3.6983162350560
2.0860000000000	-3.6974410677405
2.0880000000000	-3.6965646106578
2.0900000000000	-3.6956871487276
2.0920000000000	-3.6948089757972
2.0940000000000	-3.6939303944633
2.0960000000000	-3.6930517158908
2.0980000000000	-3.6921732596278
2.1000000000000	-3.6912953534168
2.1020000000000	-3.6904183330029
2.1040000000000	-3.6895425419394
2.1060000000000	-3.6886683313889
2.1080000000000	-3.6877960599226
2.1100000000000	-3.6869260933165
2.1120000000000	-3.6860588043443
2.1140000000000	-3.6851945725683
2.1160000000000	-3.6843337841271
2.1180000000000	-3.6834768315217
2.1200000000000	-3.6826241133988
2.1220000000000	-3.6817760343315
2.1240000000000	-3.6809330045994
2.1260000000000	-3.6800954399648
2.1280000000000	-3.6792637614490
2.1300000000000	-3.6784383951058
2.1320000000000	-3.6776197717936
2.1340000000000	-3.6768083269467
2.1360000000000	-3.6760045003447
2.1380000000000	-3.6752087358809
2.1400000000000	-3.6744214813303
2.1420000000000	-3.6736431881158
2.1440000000000	-3.6728743110743
2.1460000000000	-3.6721153082226
2.1480000000000	-3.6713666405214
2.1500000000000	-3.6706287716409
2.1520000000000	-3.6699021677247
2.1540000000000	-3.6691872971548
2.1560000000000	-3.6684846303156
2.1580000000000	-3.6677946393593
2.1600000000000	-3.6671177979709
2.1620000000000	-3.6664545811341
2.1640000000000	-3.6658054648976
2.1660000000000	-3.6651709261428
2.1680000000000	-3.6645514423514
2.1700000000000	-3.6639474913753
2.1720000000000	-3.6633595512064
2.1740000000000	-3.6627880997495
2.1760000000000	-3.6622336145946
2.1780000000000	-3.6616965727924
2.1800000000000	-3.6611774506308
2.1820000000000	-3.6606767234135
2.1840000000000	-3.6601948652406
2.1860000000000	-3.6597323487909
2.1880000000000	-3.6592896451074
2.1900000000000	-3.6588672233838
2.1920000000000	-3.6584655507546
2.1940000000000	-3.6580850920873
2.1960000000000	-3.6577263097774
2.1980000000000	-3.6573896635459
2.2000000000000	-3.6570756102403
2.2020000000000	-3.6567846036382
2.2040000000000	-3.6565170942541
2.2060000000000	-3.6562735291491
2.2080000000000	-3.6560543517448
2.2100000000000	-3.6558600016396
2.2120000000000	-3.6556909144291
2.2140000000000	-3.6555475215297
2.2160000000000	-3.6554302500062
2.2180000000000	-3.6553395224031
2.2200000000000	-3.6552757565794
2.2220000000000	-3.6552393655475
2.2240000000000	-3.6552307573162
2.2260000000000	-3.6552503347374
2.2280000000000	-3.6552984953572
2.2300000000000	-3.6553756312707
2.2320000000000	-3.6554821289817
2.2340000000000	-3.6556183692658
2.2360000000000	-3.6557847270386
2.2380000000000	-3.6559815712276
2.2400000000000	-3.6562092646487
2.2420000000000	-3.6564681638873
2.2440000000000	-3.6567586191835
2.2460000000000	-3.6570809743223
2.2480000000000	-3.6574355665275
2.2500000000000	-3.6578227263605
2.2520000000000	-3.6582427776244
2.2540000000000	-3.6586960372710
2.2560000000000	-3.6591828153140
2.2580000000000	-3.6597034147456
2.2600000000000	-3.6602581314583
2.2620000000000	-3.6608472541710
2.2640000000000	-3.6614710643598
2.2660000000000	-3.6621298361930
2.2680000000000	-3.6628238364711
2.2700000000000	-3.6635533245712
2.2720000000000	-3.6643185523956
2.2740000000000	-3.6651197643249
2.2760000000000	-3.6659571971763
2.2780000000000	-3.6668310801653
2.2800000000000	-3.6677416348722
2.2820000000000	-3.6686890752132
2.2840000000000	-3.6696736074156
2.2860000000000	-3.6706954299972
2.2880000000000	-3.6717547337500
2.2900000000000	-3.6728517017280
2.2920000000000	-3.6739865092394
2.2940000000000	-3.6751593238427
2.2960000000000	-3.6763703053468
2.2980000000000	-3.6776196058151
2.3000000000000	-3.6789073695733
2.3020000000000	-3.6802337332219
2.3040000000000	-3.6815988256512
2.3060000000000	-3.6830027680611
2.3080000000000	-3.6844456739839
2.3100000000000	-3.6859276493112
2.3120000000000	-3.6874487923239
2.3140000000000	-3.6890091937257
2.3160000000000	-3.6906089366804
2.3180000000000	-3.6922480968518
2.3200000000000	-3.6939267424474
2.3220000000000	-3.6956449342650
2.3240000000000	-3.6974027257424
2.3260000000000	-3.6992001630100
2.3280000000000	-3.7010372849463
2.3300000000000	-3.7029141232367
2.3320000000000	-3.7048307024342
2.3340000000000	-3.7067870400231
2.3360000000000	-3.7087831464860
2.3380000000000	-3.7108190253719
2.3400000000000	-3.7128946733678
2.3420000000000	-3.7150100803724
2.3440000000000	-3.7171652295713
2.3460000000000	-3.7193600975157
2.3480000000000	-3.7215946542017
2.3500000000000	-3.7238688631527
2.3520000000000	-3.7261826815029
2.3540000000000	-3.7285360600834
2.3560000000000	-3.7309289435090
2.3580000000000	-3.7333612702678
2.3600000000000	-3.7358329728110
2.3620000000000	-3.7383439776458
2.3640000000000	-3.7408942054281
2.3660000000000	-3.7434835710575
2.3680000000000	-3.7461119837730
2.3700000000000	-3.7487793472505
2.3720000000000	-3.7514855597002
2.3740000000000	-3.7542305139664
2.3760000000000	-3.7570140976272
2.3780000000000	-3.7598361930950
2.3800000000000	-3.7626966777186
2.3820000000000	-3.7655954238850
2.3840000000000	-3.7685322991227
2.3860000000000	-3.7715071662043
2.3880000000000	-3.7745198832510
2.3900000000000	-3.7775703038366
2.3920000000000	-3.7806582770918
2.3940000000000	-3.7837836478089
2.3960000000000	-3.7869462565473
2.3980000000000	-3.7901459397377
2.4000000000000	-3.7933825297879
2.4020000000000	-3.7966558551874
2.4040000000000	-3.7999657406125
2.4060000000000	-3.8033120070315
2.4080000000000	-3.8066944718088
2.4100000000000	-3.8101129488098
2.4120000000000	-3.8135672485047
2.4140000000000	-3.8170571780726
2.4160000000000	-3.8205825415046
2.4180000000000	-3.8241431397065
2.4200000000000	-3.8277387706019
2.4220000000000	-3.8313692292332
2.4240000000000	-3.8350343078635
2.4260000000000	-3.8387337960767
2.4280000000000	-3.8424674808778
2.4300000000000	-3.8462351467917
2.4320000000000	-3.8500365759621
2.4340000000000	-3.8538715482486
2.4360000000000	-3.8577398413236
2.4380000000000	-3.8616412307685
2.4400000000000	-3.8655754901683
2.4420000000000	-3.8695423912056
2.4440000000000	-3.8735417037540
2.4460000000000	-3.8775731959699
2.4480000000000	-3.8816366343835
2.4500000000000	-3.8857317839890
2.4520000000000	-3.8898584083330
2.4540000000000	-3.8940162696029
2.4560000000000	-3.8982051287130
2.4580000000000	-3.9024247453904
2.4600000000000	-3.9066748782590
2.4620000000000	-3.9109552849229
2.4640000000000	-3.9152657220481
2.4660000000000	-3.9196059454434
2.4680000000000	-3.9239757101398
2.4700000000000	-3.9283747704689
2.4720000000000	-3.9328028801396
2.4740000000000	-3.9372597923140
2.4760000000000	-3.9417452596818
2.4780000000000	-3.9462590345333
2.4800000000000	-3.9508008688316
2.4820000000000	-3.9553705142828
2.4840000000000	-3.9599677224052
2.4860000000000	-3.9645922445977
2.4880000000000	-3.9692438322058
2.4900000000000	-3.9739222365874
2.4920000000000	-3.9786272091763
2.4940000000000	-3.9833585015452
2.4960000000000	-3.9881158654672
2.4980000000000	-3.9928990529751
2.5000000000000	-3.9977078164209
2.5020000000000	-4.0025419085325
2.5040000000000	-4.0074010824704
2.5060000000000	-4.0122850918818
2.5080000000000	-4.0171936909548
2.5100000000000	-4.0221266344699
2.5120000000000	-4.0270836778511
2.5140000000000	-4.0320645772156
2.5160000000000	-4.0370690894221
2.5180000000000	-4.0420969721176
2.5200000000000	-4.0471479837834
2.5220000000000	-4.0522218837796
2.5240000000000	-4.0573184323883
2.5260000000000	-4.0624373908558
2.5280000000000	-4.0675785214332
2.5300000000000	-4.0727415874161
2.5320000000000	-4.0779263531833
2.5340000000000	-4.0831325842336
2.5360000000000	-4.0883600472222
2.5380000000000	-4.0936085099953
2.5400000000000	-4.0988777416241
2.5420000000000	-4.1041675124372
2.5440000000000	-4.1094775940525
2.5460000000000	-4.1148077594068
2.5480000000000	-4.1201577827858
2.5500000000000	-4.1255274398520
2.5520000000000	-4.1309165076718
2.5540000000000	-4.1363247647418
2.5560000000000	-4.1417519910134
2.5580000000000	-4.1471979679172
2.5600000000000	-4.1526624783859
2.5620000000000	-4.1581453068763
2.5640000000000	-4.1636462393901
2.5660000000000	-4.1691650634943
2.5680000000000	-4.1747015683404
2.5700000000000	-4.1802555446821
2.5720000000000	-4.1858267848930
2.5740000000000	-4.1914150829827
2.5760000000000	-4.1970202346125
2.5780000000000	-4.2026420371100
2.5800000000000	-4.2082802894826
2.5820000000000	-4.2139347924307
2.5840000000000	-4.2196053483597
2.5860000000000	-4.2252917613915
2.5880000000000	-4.2309938373745
2.5900000000000	-4.2367113838938
2.5920000000000	-4.2424442102801
2.5940000000000	-4.2481921276177
2.5960000000000	-4.2539549487523
2.5980000000000	-4.2597324882975
2.6000000000000	-4.2655245626411
2.6020000000000	-4.2713309899503
2.6040000000000	-4.2771515901767
2.6060000000000	-4.2829861850601
2.6080000000000	-4.2888345981324
2.6100000000000	-4.2946966547197
2.6120000000000	-4.3005721819452
2.6140000000000	-4.3064610087304
2.6160000000000	-4.3123629657965
2.6180000000000	-4.3182778856644
2.6200000000000	-4.3242056026551
2.6220000000000	-4.3301459528887
2.6240000000000	-4.3360987742837
2.6260000000000	-4.3420639065548
2.6280000000000	-4.3480411912113
2.6300000000000	-4.3540304715540
2.6320000000000	-4.3600315926727
2.6340000000000	-4.3660444014418
2.6360000000000	-4.3720687465173
2.6380000000000	-4.3781044783314
2.6400000000000	-4.3841514490885
2.6420000000000	-4.3902095127592
2.6440000000000	-4.3962785250755
2.6460000000000	-4.4023583435238
2.6480000000000	-4.4084488273393
2.6500000000000	-4.4145498374989
2.6520000000000	-4.4206612367140
2.6540000000000	-4.4267828894233
2.6560000000000	-4.4329146617849
2.6580000000000	-4.4390564216683
2.6600000000000	-4.4452080386458
2.6620000000000	-4.4513693839842
2.6640000000000	-4.4575403306355
2.6660000000000	-4.4637207532278
2.6680000000000	-4.4699105280557
2.6700000000000	-4.4761095330709
2.6720000000000	-4.4823176478717
2.6740000000000	-4.4885347536931
2.6760000000000	-4.4947607333965
2.6780000000000	-4.5009954714584
2.6800000000000	-4.5072388539603
2.6820000000000	-4.5134907685772
2.6840000000000	-4.5197511045663
2.6860000000000	-4.5260197527559
2.6880000000000	-4.5322966055334
2.6900000000000	-4.5385815568337
2.6920000000000	-4.5448745021274
2.6940000000000	-4.5511753384085
2.6960000000000	-4.5574839641823
2.6980000000000	-4.5638002794530
2.7000000000000	-4.5701241857112
2.7020000000000	-4.5764555859215
2.7040000000000	-4.5827943845094
2.7060000000000	-4.5891404873488
2.7080000000000	-4.5954938017491
2.7100000000000	-4.6018542364419
2.7120000000000	-4.6082217015681
2.7140000000000	-4.6145961086648
2.7160000000000	-4.6209773706518
2.7180000000000	-4.6273654018186
2.7200000000000	-4.6337601178107
2.7220000000000	-4.6401614356163
2.7240000000000	-4.6465692735530
2.7260000000000	-4.6529835512537
2.7280000000000	-4.6594041896538
2.7300000000000	-4.6658311109768
2.7320000000000	-4.6722642387214
2.7340000000000	-4.6787034976469
2.7360000000000	-4.6851488137607
2.7380000000000	-4.6916001143034
2.7400000000000	-4.6980573277358
2.7420000000000	-4.7045203837250
2.7440000000000	-4.7109892131305
2.7460000000000	-4.7174637479907
2.7480000000000	-4.7239439215090
2.7500000000000	-4.7304296680400
2.7520000000000	-4.7369209230760
2.7540000000000	-4.7434176232330
2.7560000000000	-4.7499197062374
2.7580000000000	-4.7564271109119
2.7600000000000	-4.7629397771620
2.7620000000000	-4.7694576459628
2.7640000000000	-4.7759806593446
2.7660000000000	-4.7825087603800
2.7680000000000	-4.7890418931702
2.7700000000000	-4.7955800028313
2.7720000000000	-4.8021230354813
2.7740000000000	-4.8086709382262
2.7760000000000	-4.8152236591471
2.7780000000000	-4.8217811472865
2.7800000000000	-4.8283433526354
2.7820000000000	-4.8349102261198
2.7840000000000	-4.8414817195879
2.7860000000000	-4.8480577857968
2.7880000000000	-4.8546383783992
2.7900000000000	-4.8612234519313
2.7920000000000	-4.8678129617988
2.7940000000000	-4.8744068642650
2.7960000000000	-4.8810051164375
2.7980000000000	-4.8876076762556
2.8000000000000	-4.8942145024780
2.8020000000000	-4.9008255546698
2.8040000000000	-4.9074407931901
2.8060000000000	-4.9140601791800
2.8080000000000	-4.9206836745497
2.8100000000000	-4.9273112419667
2.8120000000000	-4.9339428448434
2.8140000000000	-4.9405784473251
2.8160000000000	-4.9472180142778
2.8180000000000	-4.9538615112767
2.8200000000000	-4.9605089045939
2.8220000000000	-4.9671601611869
2.8240000000000	-4.9738152486866
2.8260000000000	-4.9804741353863
2.8280000000000	-4.9871367902297
2.8300000000000	-4.9938031827994
2.8320000000000	-5.0004732833063
2.8340000000000	-5.0071470625773
2.8360000000000	-5.0138244920451
2.8380000000000	-5.0205055437366
2.8400000000000	-5.0271901902620
2.8420000000000	-5.0338784048041
2.8440000000000	-5.0405701611073
2.8460000000000	-5.0472654334670
2.8480000000000	-5.0539641967192
2.8500000000000	-5.0606664262294
2.8520000000000	-5.0673720978828
2.8540000000000	-5.0740811880738
2.8560000000000	-5.0807936736955
2.8580000000000	-5.0875095321298
2.8600000000000	-5.0942287412374
2.8620000000000	-5.1009512793476
2.8640000000000	-5.1076771252486
2.8660000000000	-5.1144062581780
2.8680000000000	-5.1211386578124
2.8700000000000	-5.1278743042586
2.8720000000000	-5.1346131780438
2.8740000000000	-5.1413552601060
2.8760000000000	-5.1481005317849
2.8780000000000	-5.1548489748130
2.8800000000000	-5.1616005713060
2.8820000000000	-5.1683553037539
2.8840000000000	-5.1751131550124
2.8860000000000	-5.1818741082936
2.8880000000000	-5.1886381471578
2.8900000000000	-5.1954052555043
2.8920000000000	-5.2021754175634
2.8940000000000	-5.2089486178875
2.8960000000000	-5.2157248413431
2.8980000000000	-5.2225040731021
2.9000000000000	-5.2292862986342
2.9020000000000	-5.2360715036984
2.9040000000000	-5.2428596743350
2.9060000000000	-5.2496507968581
2.9080000000000	-5.2564448578474
2.9100000000000	-5.2632418441406
2.9120000000000	-5.2700417428257
2.9140000000000	-5.2768445412339
2.9160000000000	-5.2836502269316
2.9180000000000	-5.2904587877131
2.9200000000000	-5.2972702115940
2.9220000000000	-5.3040844868030
2.9240000000000	-5.3109016017758
2.9260000000000	-5.3177215451473
2.9280000000000	-5.3245443057455
2.9300000000000	-5.3313698725837
2.9320000000000	-5.3381982348547
2.9340000000000	-5.3450293819235
2.9360000000000	-5.3518633033213
2.9380000000000	-5.3586999887384
2.9400000000000	-5.3655394280182
2.9420000000000	-5.3723816111509
2.9440000000000	-5.3792265282671
2.9460000000000	-5.3860741696320
2.9480000000000	-5.3929245256387
2.9500000000000	-5.3997775868030
2.9520000000000	-5.4066333437570
2.9540000000000	-5.4134917872433
2.9560000000000	-5.4203529081097
2.9580000000000	-5.4272166973030
2.9600000000000	-5.4340831458638
2.9620000000000	-5.4409522449210
2.9640000000000	-5.4478239856862
2.9660000000000	-5.4546983594486
2.9680000000000	-5.4615753575694
2.9700000000000	-5.4684549714772
2.9720000000000	-5.4753371926623
2.9740000000000	-5.4822220126720
2.9760000000000	-5.4891094231057
2.9780000000000	-5.4959994156099
2.9800000000000	-5.5028919818735
2.9820000000000	-5.5097871136230
2.9840000000000	-5.5166848026179
2.9860000000000	-5.5235850406462
2.9880000000000	-5.5304878195197
2.9900000000000	-5.5373931310699
2.9920000000000	-5.5443009671432
2.9940000000000	-5.5512113195973
2.9960000000000	-5.5581241802962
2.9980000000000	-5.5650395411065
3.0000000000000	-5.5719573938936
3.0020000000000	-5.5788777305169
3.0040000000000	-5.5858005428267
3.0060000000000	-5.5927258226599
3.0080000000000	-5.5996535618361
3.0100000000000	-5.6065837521542
3.0120000000000	-5.6135163853888
3.0140000000000	-5.6204514532860
3.0160000000000	-5.6273889475605
3.0180000000000	-5.6343288598920
3.0200000000000	-5.6412711819215
3.0220000000000	-5.6482159052483
3.0240000000000	-5.6551630214264
3.0260000000000	-5.6621125219618
3.0280000000000	-5.6690643983088
3.0300000000000	-5.6760186418672
3.0320000000000	-5.6829752439792
3.0340000000000	-5.6899341959265
3.0360000000000	-5.6968954889274
3.0380000000000	-5.7038591141337
3.0400000000000	-5.7108250626283
3.0420000000000	-5.7177933254221
3.0440000000000	-5.7247638934518
3.0460000000000	-5.7317367575768
3.0480000000000	-5.7387119085767
3.0500000000000	-5.7456893371493
3.0520000000000	-5.7526690339074
3.0540000000000	-5.7596509893771
3.0560000000000	-5.7666351939950
3.0580000000000	-5.7736216381062
3.0600000000000	-5.7806103119619
3.0620000000000	-5.7876012057173
3.0640000000000	-5.7945943094293
3.0660000000000	-5.8015896130549
3.0680000000000	-5.8085871064487
3.0700000000000	-5.8155867793610
3.0720000000000	-5.8225886214362
3.0740000000000	-5.8295926222106
3.0760000000000	-5.8365987711108
3.0780000000000	-5.8436070574518
3.0800000000000	-5.8506174704353
3.0820000000000	-5.8576299991480
3.0840000000000	-5.8646446325601
3.0860000000000	-5.8716613595238
3.0880000000000	-5.8786801687714
3.0900000000000	-5.8857010489141
3.0920000000000	-5.8927239884406
3.0940000000000	-5.8997489757156
3.0960000000000	-5.9067759989783
3.0980000000000	-5.9138050463416
3.1000000000000	-5.9208361057901
3.1020000000000	-5.9278691651798
3.1040000000000	-5.9349042122359
3.1060000000000	-5.9419412345525
3.1080000000000	-5.9489802195912
3.1100000000000	-5.9560211546799
3.1120000000000	-5.9630640270123
3.1140000000000	-5.9701088236461
3.1160000000000	-5.9771555315030
3.1180000000000	-5.9842041373672
3.1200000000000	-5.9912546278847
3.1220000000000	-5.9983069895627
3.1240000000000	-6.0053612087685
3.1260000000000	-6.0124172717290
3.1280000000000	-6.0194751645299
3.1300000000000	-6.0265348731153
3.1320000000000	-6.0335963832865
3.1340000000000	-6.0406596807022
3.1360000000000	-6.0477247508772
3.1380000000000	-6.0547915791825
3.1400000000000	-6.0618601508443
3.1420000000000	-6.0689304509440
3.1440000000000	-6.0760024644176
3.1460000000000	-6.0830761760553
3.1480000000000	-6.0901515705011
3.1500000000000	-6.0972286322527
3.1520000000000	-6.1043073456611
3.1540000000000	-6.1113876949302
3.1560000000000	-6.1184696641172
3.1580000000000	-6.1255532371313
3.1600000000000	-6.1326383977349
3.1620000000000	-6.1397251295423
3.1640000000000	-6.1468134160205
3.1660000000000	-6.1539032404884
3.1680000000000	-6.1609945861174
3.1700000000000	-6.1680874359310
3.1720000000000	-6.1751817728050
3.1740000000000	-6.1822775794674
3.1760000000000	-6.1893748384989
3.1780000000000	-6.1964735323323
3.1800000000000	-6.2035736432533
3.1820000000000	-6.2106751534004
3.1840000000000	-6.2177780447649
3.1860000000000	-6.2248822991915
3.1880000000000	-6.2319878983783
3.1900000000000	-6.2390948238771
3.1920000000000	-6.2462030570938
3.1940000000000	-6.2533125792884
3.1960000000000	-6.2604233715759
3.1980000000000	-6.2675354149261
3.2000000000000	-6.2746486901642
#
#"Frequency / GHz"	"S4,1 [Magnitude / dB]"
#-----------------------------------------
1.2000000000000	-8.8487460062927
1.2020000000000	-8.8482768788527
1.2040000000000	-8.8478026139603
1.2060000000000	-8.8473234452360
1.2080000000000	-8.8468396094788
1.2100000000000	-8.8463513467038
1.2120000000000	-8.8458589001813
1.2140000000000	-8.8453625164754
1.2160000000000	-8.8448624454836
1.2180000000000	-8.8443589404765
1.2200000000000	-8.8438522581382
1.2220000000000	-8.8433426586067
1.2240000000000	-8.8428304055153
1.2260000000000	-8.8423157660336
1.2280000000000	-8.8417990109101
1.2300000000000	-8.8412804145140
1.2320000000000	-8.8407602548780
1.2340000000000	-8.8402388137419
1.2360000000000	-8.8397163765961
1.2380000000000	-8.8391932327252
1.2400000000000	-8.8386696752533
1.2420000000000	-8.8381460011883
1.2440000000000	-8.8376225114676
1.2460000000000	-8.8370995110041
1.2480000000000	-8.8365773087320
1.2500000000000	-8.8360562176537
1.2520000000000	-8.8355365548873
1.2540000000000	-8.8350186417139
1.2560000000000	-8.8345028036254
1.2580000000000	-8.8339893703735
1.2600000000000	-8.8334786760185
1.2620000000000	-8.8329710589785
1.2640000000000	-8.8324668620793
1.2660000000000	-8.8319664326049
1.2680000000000	-8.8314701223479
1.2700000000000	-8.8309782876611
1.2720000000000	-8.8304912895086
1.2740000000000	-8.8300094935184
1.2760000000000	-8.8295332700346
1.2780000000000	-8.8290629941706
1.2800000000000	-8.8285990458623
1.2820000000000	-8.8281418099219
1.2840000000000	-8.8276916760927
1.2860000000000	-8.8272490391033
1.2880000000000	-8.8268142987231
1.2900000000000	-8.8263878598177
1.2920000000000	-8.8259701324053
1.2940000000000	-8.8255615317130
1.2960000000000	-8.8251624782336
1.2980000000000	-8.8247733977834
1.3000000000000	-8.8243947215594
1.3020000000000	-8.8240268861982
1.3040000000000	-8.8236703338340
1.3060000000000	-8.8233255121583
1.3080000000000	-8.8229928744789
1.3100000000000	-8.8226728797799
1.3120000000000	-8.8223659927822
1.3140000000000	-8.8220726840042
1.3160000000000	-8.8217934298225
1.3180000000000	-8.8215287125341
1.3200000000000	-8.8212790204177
1.3220000000000	-8.8210448477963
1.3240000000000	-8.8208266950997
1.3260000000000	-8.8206250689279
1.3280000000000	-8.8204404821140
1.3300000000000	-8.8202734537884
1.3320000000000	-8.8201245094427
1.3340000000000	-8.8199941809942
1.3360000000000	-8.8198830068512
1.3380000000000	-8.8197915319773
1.3400000000000	-8.8197203079576
1.3420000000000	-8.8196698930642
1.3440000000000	-8.8196408523227
1.3460000000000	-8.8196337575779
1.3480000000000	-8.8196491875613
1.3500000000000	-8.8196877279578
1.3520000000000	-8.8197499714728
1.3540000000000	-8.8198365179001
1.3560000000000	-8.8199479741896
1.3580000000000	-8.8200849545151
1.3600000000000	-8.8202480803431
1.3620000000000	-8.8204379805008
1.3640000000000	-8.8206552912452
1.3660000000000	-8.8209006563318
1.3680000000000	-8.8211747270838
1.3700000000000	-8.8214781624616
1.3720000000000	-8.8218116291317
1.3740000000000	-8.8221758015369
1.3760000000000	-8.8225713619658
1.3780000000000	-8.8229990006225
1.3800000000000	-8.8234594156968
1.3820000000000	-8.8239533134341
1.3840000000000	-8.8244814082057
1.3860000000000	-8.8250444225787
1.3880000000000	-8.8256430873865
1.3900000000000	-8.8262781417990
1.3920000000000	-8.8269503333927
1.3940000000000	-8.8276604182213
1.3960000000000	-8.8284091608854
1.3980000000000	-8.8291973346033
1.4000000000000	-8.8300257212808
1.4020000000000	-8.8308951115812
1.4040000000000	-8.8318063049953
1.4060000000000	-8.8327601099115
1.4080000000000	-8.8337573436850
1.4100000000000	-8.8347988327078
1.4120000000000	-8.8358854124778
1.4140000000000	-8.8370179276680
1.4160000000000	-8.8381972321954
1.4180000000000	-8.8394241892897
1.4200000000000	-8.8406996715617
1.4220000000000	-8.8420245610717
1.4240000000000	-8.8433997493967
1.4260000000000	-8.8448261376986
1.4280000000000	-8.8463046367906
1.4300000000000	-8.8478361672046
1.4320000000000	-8.8494216592571
1.4340000000000	-8.8510620531152
1.4360000000000	-8.8527582988622
1.4380000000000	-8.8545113565622
1.4400000000000	-8.8563221963250
1.4420000000000	-8.8581917983698
1.4440000000000	-8.8601211530884
1.4460000000000	-8.8621112611082
1.4480000000000	-8.8641631333544
1.4500000000000	-8.8662777911115
1.4520000000000	-8.8684562660841
1.4540000000000	-8.8706996004570
1.4560000000000	-8.8730088469549
1.4580000000000	-8.8753850689011
1.4600000000000	-8.8778293402754
1.4620000000000	-8.8803427457711
1.4640000000000	-8.8829263808517
1.4660000000000	-8.8855813518062
1.4680000000000	-8.8883087758038
1.4700000000000	-8.8911097809474
1.4720000000000	-8.8939855063268
1.4740000000000	-8.8969371020702
1.4760000000000	-8.8999657293953
1.4780000000000	-8.9030725606589
1.4800000000000	-8.9062587794061
1.4820000000000	-8.9095255804177
1.4840000000000	-8.9128741697573
1.4860000000000	-8.9163057648163
1.4880000000000	-8.9198215943589
1.4900000000000	-8.9234228985655
1.4920000000000	-8.9271109290740
1.4940000000000	-8.9308869490216
1.4960000000000	-8.9347522330842
1.4980000000000	-8.9387080675148
1.5000000000000	-8.9427557501807
1.5020000000000	-8.9468965905994
1.5040000000000	-8.9511319099734
1.5060000000000	-8.9554630412234
1.5080000000000	-8.9598913290202
1.5100000000000	-8.9644181298151
1.5120000000000	-8.9690448118698
1.5140000000000	-8.9737727552833
1.5160000000000	-8.9786033520191
1.5180000000000	-8.9835380059302
1.5200000000000	-8.9885781327820
1.5220000000000	-8.9937251602755
1.5240000000000	-8.9989805280671
1.5260000000000	-9.0043456877886
1.5280000000000	-9.0098221030648
1.5300000000000	-9.0154112495298
1.5320000000000	-9.0211146148422
1.5340000000000	-9.0269336986984
1.5360000000000	-9.0328700128448
1.5380000000000	-9.0389250810881
1.5400000000000	-9.0451004393051
1.5420000000000	-9.0513976354497
1.5440000000000	-9.0578182295597
1.5460000000000	-9.0643637937615
1.5480000000000	-9.0710359122738
1.5500000000000	-9.0778361814095
1.5520000000000	-9.0847662095766
1.5540000000000	-9.0918276172778
1.5560000000000	-9.0990220371084
1.5580000000000	-9.1063511137534
1.5600000000000	-9.1138165039826
1.5620000000000	-9.1214198766460
1.5640000000000	-9.1291629126661
1.5660000000000	-9.1370473050302
1.5680000000000	-9.1450747587820
1.5700000000000	-9.1532469910105
1.5720000000000	-9.1615657308402
1.5740000000000	-9.1700327194179
1.5760000000000	-9.1786497099008
1.5780000000000	-9.1874184674424
1.5800000000000	-9.1963407691779
1.5820000000000	-9.2054184042094
1.5840000000000	-9.2146531735899
1.5860000000000	-9.2240468903073
1.5880000000000	-9.2336013792675
1.5900000000000	-9.2433184772768
1.5920000000000	-9.2532000330256
1.5940000000000	-9.2632479070697
1.5960000000000	-9.2734639718131
1.5980000000000	-9.2838501114905
1.6000000000000	-9.2944082221493
1.6020000000000	-9.3051402116326
1.6040000000000	-9.3160479995623
1.6060000000000	-9.3271335173220
1.6080000000000	-9.3383987080420
1.6100000000000	-9.3498455265832
1.6120000000000	-9.3614759395235
1.6140000000000	-9.3732919251442
1.6160000000000	-9.3852954734178
1.6180000000000	-9.3974885859974
1.6200000000000	-9.4098732762071
1.6220000000000	-9.4224515690345
1.6240000000000	-9.4352255011248
1.6260000000000	-9.4481971207766
1.6280000000000	-9.4613684879405
1.6300000000000	-9.4747416742195
1.6320000000000	-9.4883187628723
1.6340000000000	-9.5021018488188
1.6360000000000	-9.5160930386495
1.6380000000000	-9.5302944506374
1.6400000000000	-9.5447082147528
1.6420000000000	-9.5593364726833
1.6440000000000	-9.5741813778556
1.6460000000000	-9.5892450954634
1.6480000000000	-9.6045298024978
1.6500000000000	-9.6200376877836
1.6520000000000	-9.6357709520200
1.6540000000000	-9.6517318078257
1.6560000000000	-9.6679224797907
1.6580000000000	-9.6843452045327
1.6600000000000	-9.7010022307594
1.6620000000000	-9.7178958193380
1.6640000000000	-9.7350282433699
1.6660000000000	-9.7524017882732
1.6680000000000	-9.7700187518718
1.6700000000000	-9.7878814444922
1.6720000000000	-9.8059921890677
1.6740000000000	-9.8243533212512
1.6760000000000	-9.8429671895360
1.6780000000000	-9.8618361553855
1.6800000000000	-9.8809625933722
1.6820000000000	-9.9003488913258
1.6840000000000	-9.9199974504919
1.6860000000000	-9.9399106856997
1.6880000000000	-9.9600910255416
1.6900000000000	-9.9805409125633
1.6920000000000	-10.001262803465
1.6940000000000	-10.022259169314
1.6960000000000	-10.043532495773
1.6980000000000	-10.065085283333
1.7000000000000	-10.086920047571
1.7020000000000	-10.109039319411
1.7040000000000	-10.131445645402
1.7060000000000	-10.154141588013
1.7080000000000	-10.177129725941
1.7100000000000	-10.200412654436
1.7120000000000	-10.223992985636
1.7140000000000	-10.247873348926
1.7160000000000	-10.272056391310
1.7180000000000	-10.296544777803
1.7200000000000	-10.321341191835
1.7220000000000	-10.346448335680
1.7240000000000	-10.371868930899
1.7260000000000	-10.397605718811
1.7280000000000	-10.423661460969
1.7300000000000	-10.450038939675
1.7320000000000	-10.476740958501
1.7340000000000	-10.503770342841
1.7360000000000	-10.531129940481
1.7380000000000	-10.558822622197
1.7400000000000	-10.586851282369
1.7420000000000	-10.615218839630
1.7440000000000	-10.643928237531
1.7460000000000	-10.672982445236
1.7480000000000	-10.702384458245
1.7500000000000	-10.732137299140
1.7520000000000	-10.762244018367
1.7540000000000	-10.792707695034
1.7560000000000	-10.823531437755
1.7580000000000	-10.854718385509
1.7600000000000	-10.886271708544
1.7620000000000	-10.918194609303
1.7640000000000	-10.950490323389
1.7660000000000	-10.983162120561
1.7680000000000	-11.016213305770
1.7700000000000	-11.049647220224
1.7720000000000	-11.083467242496
1.7740000000000	-11.117676789667
1.7760000000000	-11.152279318512
1.7780000000000	-11.187278326720
1.7800000000000	-11.222677354163
1.7820000000000	-11.258479984204
1.7840000000000	-11.294689845046
1.7860000000000	-11.331310611132
1.7880000000000	-11.368346004594
1.7900000000000	-11.405799796735
1.7920000000000	-11.443675809583
1.7940000000000	-11.481977917475
1.7960000000000	-11.520710048709
1.7980000000000	-11.559876187240
1.8000000000000	-11.599480374438
1.8020000000000	-11.639526710904
1.8040000000000	-11.680019358338
1.8060000000000	-11.720962541480
1.8080000000000	-11.762360550103
1.8100000000000	-11.804217741082
1.8120000000000	-11.846538540522
1.8140000000000	-11.889327445961
1.8160000000000	-11.932589028646
1.8180000000000	-11.976327935879
1.8200000000000	-12.020548893444
1.8220000000000	-12.065256708117
1.8240000000000	-12.110456270253
1.8260000000000	-12.156152556460
1.8280000000000	-12.202350632368
1.8300000000000	-12.249055655485
1.8320000000000	-12.296272878146
1.8340000000000	-12.344007650572
1.8360000000000	-12.392265424020
1.8380000000000	-12.441051754048
1.8400000000000	-12.490372303888
1.8420000000000	-12.540232847937
1.8440000000000	-12.590639275363
1.8460000000000	-12.641597593843
1.8480000000000	-12.693113933426
1.8500000000000	-12.745194550530
1.8520000000000	-12.797845832087
1.8540000000000	-12.851074299827
1.8560000000000	-12.904886614718
1.8580000000000	-12.959289581569
1.8600000000000	-13.014290153790
1.8620000000000	-13.069895438336
1.8640000000000	-13.126112700827
1.8660000000000	-13.182949370854
1.8680000000000	-13.240413047493
1.8700000000000	-13.298511505010
1.8720000000000	-13.357252698800
1.8740000000000	-13.416644771538
1.8760000000000	-13.476696059571
1.8780000000000	-13.537415099562
1.8800000000000	-13.598810635392
1.8820000000000	-13.660891625323
1.8840000000000	-13.723667249468
1.8860000000000	-13.787146917537
1.8880000000000	-13.851340276918
1.8900000000000	-13.916257221070
1.8920000000000	-13.981907898276
1.8940000000000	-14.048302720751
1.8960000000000	-14.115452374142
1.8980000000000	-14.183367827420
1.9000000000000	-14.252060343206
1.9020000000000	-14.321541488539
1.9040000000000	-14.391823146114
1.9060000000000	-14.462917526017
1.9080000000000	-14.534837177983
1.9100000000000	-14.607595004209
1.9120000000000	-14.681204272740
1.9140000000000	-14.755678631482
1.9160000000000	-14.831032122860
1.9180000000000	-14.907279199159
1.9200000000000	-14.984434738602
1.9220000000000	-15.062514062190
1.9240000000000	-15.141532951363
1.9260000000000	-15.221507666518
1.9280000000000	-15.302454966453
1.9300000000000	-15.384392128773
1.9320000000000	-15.467336971337
1.9340000000000	-15.551307874791
1.9360000000000	-15.636323806279
1.9380000000000	-15.722404344379
1.9400000000000	-15.809569705367
1.9420000000000	-15.897840770883
1.9440000000000	-15.987239117090
1.9460000000000	-16.077787045433
1.9480000000000	-16.169507615096
1.9500000000000	-16.262424677284
1.9520000000000	-16.356562911437
1.9540000000000	-16.451947863530
1.9560000000000	-16.548605986597
1.9580000000000	-16.646564683627
1.9600000000000	-16.745852353024
1.9620000000000	-16.846498436794
1.9640000000000	-16.948533471684
1.9660000000000	-17.051989143464
1.9680000000000	-17.156898344625
1.9700000000000	-17.263295235714
1.9720000000000	-17.371215310625
1.9740000000000	-17.480695466127
1.9760000000000	-17.591774075987
1.9780000000000	-17.704491070040
1.9800000000000	-17.818888018627
1.9820000000000	-17.935008222826
1.9840000000000	-18.052896810981
1.9860000000000	-18.172600842050
1.9880000000000	-18.294169416368
1.9900000000000	-18.417653794469
1.9920000000000	-18.543107524683
1.9940000000000	-18.670586580311
1.9960000000000	-18.800149507230
1.9980000000000	-18.931857582919
2.0000000000000	-19.065774987973
2.0020000000000	-19.201968991308
2.0040000000000	-19.340510150380
2.0060000000000	-19.481472527919
2.0080000000000	-19.624933926832
2.0100000000000	-19.770976145128
2.0120000000000	-19.919685252976
2.0140000000000	-20.071151894206
2.0160000000000	-20.225471614927
2.0180000000000	-20.382745222210
2.0200000000000	-20.543079176226
2.0220000000000	-20.706586019634
2.0240000000000	-20.873384848568
2.0260000000000	-21.043601830138
2.0280000000000	-21.217370772082
2.0300000000000	-21.394833751003
2.0320000000000	-21.576141806563
2.0340000000000	-21.761455710150
2.0360000000000	-21.950946817776
2.0380000000000	-22.144798018574
2.0400000000000	-22.343204792015
2.0420000000000	-22.546376389166
2.0440000000000	-22.754537155879
2.0460000000000	-22.967928018858
2.0480000000000	-23.186808159296
2.0500000000000	-23.411456903217
2.0520000000000	-23.642175863085
2.0540000000000	-23.879291371869
2.0560000000000	-24.123157258823
2.0580000000000	-24.374158026220
2.0600000000000	-24.632712498612
2.0620000000000	-24.899278031546
2.0640000000000	-25.174355385922
2.0660000000000	-25.458494398452
2.0680000000000	-25.752300609540
2.0700000000000	-26.056443049342
2.0720000000000	-26.371663433706
2.0740000000000	-26.698787087860
2.0760000000000	-27.038736002649
2.0780000000000	-27.392544543258
2.0800000000000	-27.761378484514
2.0820000000000	-28.146558255643
2.0840000000000	-28.549587563358
2.0860000000000	-28.972188959314
2.0880000000000	-29.416348477136
2.0900000000000	-29.884372263985
2.0920000000000	-30.378959294906
2.0940000000000	-30.903295982191
2.0960000000000	-31.461181100428
2.0980000000000	-32.057193486166
2.1000000000000	-32.696921386391
2.1020000000000	-33.387282821891
2.1040000000000	-34.136984067461
2.1060000000000	-34.957194492593
2.1080000000000	-35.862573151729
2.1100000000000	-36.872892960775
2.1120000000000	-38.015735431563
2.1140000000000	-39.331232786282
2.1160000000000	-40.881063136106
2.1180000000000	-42.767293579460
2.1200000000000	-45.177717229502
2.1220000000000	-48.520443659915
2.1240000000000	-54.003534776431
2.1260000000000	-70.073431049550
2.1280000000000	-56.185538121237
2.1300000000000	-49.630145042252
2.1320000000000	-45.929584291129
2.1340000000000	-43.343020278107
2.1360000000000	-41.353623988365
2.1380000000000	-39.737175457700
2.1400000000000	-38.375961683245
2.1420000000000	-37.200472437105
2.1440000000000	-36.166221230941
2.1460000000000	-35.243012754904
2.1480000000000	-34.409410195332
2.1500000000000	-33.649644932828
2.1520000000000	-32.951779260334
2.1540000000000	-32.306557973260
2.1560000000000	-31.706660416523
2.1580000000000	-31.146196299205
2.1600000000000	-30.620355752125
2.1620000000000	-30.125160257194
2.1640000000000	-29.657281452035
2.1660000000000	-29.213906756993
2.1680000000000	-28.792638016642
2.1700000000000	-28.391413876601
2.1720000000000	-28.008449523434
2.1740000000000	-27.642189326039
2.1760000000000	-27.291269199657
2.1780000000000	-26.954486391492
2.1800000000000	-26.630774998211
2.1820000000000	-26.319185958048
2.1840000000000	-26.018870570672
2.1860000000000	-25.729066823764
2.1880000000000	-25.449087971562
2.1900000000000	-25.178312934445
2.1920000000000	-24.916178181910
2.1940000000000	-24.662170832098
2.1960000000000	-24.415822755449
2.1980000000000	-24.176705512083
2.2000000000000	-23.944425985325
2.2020000000000	-23.718622599581
2.2040000000000	-23.498962031163
2.2060000000000	-23.285136336909
2.2080000000000	-23.076860438512
2.2100000000000	-22.873869910928
2.2120000000000	-22.675919031829
2.2140000000000	-22.482779055944
2.2160000000000	-22.294236683899
2.2180000000000	-22.110092699825
2.2200000000000	-21.930160755878
2.2220000000000	-21.754266285083
2.2240000000000	-21.582245526563
2.2260000000000	-21.413944649508
2.2280000000000	-21.249218964106
2.2300000000000	-21.087932209296
2.2320000000000	-20.929955908526
2.2340000000000	-20.775168785870
2.2360000000000	-20.623456235862
2.2380000000000	-20.474709841195
2.2400000000000	-20.328826933221
2.2420000000000	-20.185710190753
2.2440000000000	-20.045267273244
2.2460000000000	-19.907410484860
2.2480000000000	-19.772056466391
2.2500000000000	-19.639125912258
2.2520000000000	-19.508543310221
2.2540000000000	-19.380236701623
2.2560000000000	-19.254137460273
2.2580000000000	-19.130180088236
2.2600000000000	-19.008302027022
2.2620000000000	-18.888443482791
2.2640000000000	-18.770547264347
2.2660000000000	-18.654558632813
2.2680000000000	-18.540425161997
2.2700000000000	-18.428096608544
2.2720000000000	-18.317524791063
2.2740000000000	-18.208663477504
2.2760000000000	-18.101468280105
2.2780000000000	-17.995896557319
2.2800000000000	-17.891907322168
2.2820000000000	-17.789461156524
2.2840000000000	-17.688520130863
2.2860000000000	-17.589047729087
2.2880000000000	-17.491008778022
2.2900000000000	-17.394369381256
2.2920000000000	-17.299096857005
2.2940000000000	-17.205159679702
2.2960000000000	-17.112527425060
2.2980000000000	-17.021170718359
2.3000000000000	-16.931061185726
2.3020000000000	-16.842171408219
2.3040000000000	-16.754474878504
2.3060000000000	-16.667945959972
2.3080000000000	-16.582559848116
2.3100000000000	-16.498292534031
2.3120000000000	-16.415120769895
2.3140000000000	-16.333022036302
2.3160000000000	-16.251974511337
2.3180000000000	-16.171957041269
2.3200000000000	-16.092949112780
2.3220000000000	-16.014930826617
2.3240000000000	-15.937882872593
2.3260000000000	-15.861786505851
2.3280000000000	-15.786623524314
2.3300000000000	-15.712376247255
2.3320000000000	-15.639027494913
2.3340000000000	-15.566560569109
2.3360000000000	-15.494959234786
2.3380000000000	-15.424207702437
2.3400000000000	-15.354290611360
2.3420000000000	-15.285193013698
2.3440000000000	-15.216900359221
2.3460000000000	-15.149398480807
2.3480000000000	-15.082673580585
2.3500000000000	-15.016712216708
2.3520000000000	-14.951501290711
2.3540000000000	-14.887028035438
2.3560000000000	-14.823280003501
2.3580000000000	-14.760245056236
2.3600000000000	-14.697911353143
2.3620000000000	-14.636267341780
2.3640000000000	-14.575301748085
2.3660000000000	-14.515003567110
2.3680000000000	-14.455362054136
2.3700000000000	-14.396366716170
2.3720000000000	-14.338007303780
2.3740000000000	-14.280273803273
2.3760000000000	-14.223156429186
2.3780000000000	-14.166645617081
2.3800000000000	-14.110732016629
2.3820000000000	-14.055406484965
2.3840000000000	-14.000660080311
2.3860000000000	-13.946484055840
2.3880000000000	-13.892869853784
2.3900000000000	-13.839809099768
2.3920000000000	-13.787293597356
2.3940000000000	-13.735315322812
2.3960000000000	-13.683866420049
2.3980000000000	-13.632939195773
2.4000000000000	-13.582526114806
2.4020000000000	-13.532619795581
2.4040000000000	-13.483213005798
2.4060000000000	-13.434298658247
2.4080000000000	-13.385869806770
2.4100000000000	-13.337919642378
2.4120000000000	-13.290441489496
2.4140000000000	-13.243428802353
2.4160000000000	-13.196875161485
2.4180000000000	-13.150774270368
2.4200000000000	-13.105119952170
2.4220000000000	-13.059906146602
2.4240000000000	-13.015126906891
2.4260000000000	-12.970776396847
2.4280000000000	-12.926848888030
2.4300000000000	-12.883338757012
2.4320000000000	-12.840240482730
2.4340000000000	-12.797548643928
2.4360000000000	-12.755257916678
2.4380000000000	-12.713363071988
2.4400000000000	-12.671858973480
2.4420000000000	-12.630740575150
2.4440000000000	-12.590002919192
2.4460000000000	-12.549641133897
2.4480000000000	-12.509650431615
2.4500000000000	-12.470026106780
2.4520000000000	-12.430763533996
2.4540000000000	-12.391858166189
2.4560000000000	-12.353305532804
2.4580000000000	-12.315101238064
2.4600000000000	-12.277240959281
2.4620000000000	-12.239720445219
2.4640000000000	-12.202535514497
2.4660000000000	-12.165682054054
2.4680000000000	-12.129156017646
2.4700000000000	-12.092953424391
2.4720000000000	-12.057070357362
2.4740000000000	-12.021502962211
2.4760000000000	-11.986247445838
2.4780000000000	-11.951300075099
2.4800000000000	-11.916657175547
2.4820000000000	-11.882315130207
2.4840000000000	-11.848270378393
2.4860000000000	-11.814519414549
2.4880000000000	-11.781058787125
2.4900000000000	-11.747885097486
2.4920000000000	-11.714994998849
2.4940000000000	-11.682385195245
2.4960000000000	-11.650052440517
2.4980000000000	-11.617993537335
2.5000000000000	-11.586205336244
2.5020000000000	-11.554684734737
2.5040000000000	-11.523428676346
2.5060000000000	-11.492434149760
2.5080000000000	-11.461698187972
2.5100000000000	-11.431217867434
2.5120000000000	-11.400990307249
2.5140000000000	-11.371012668369
2.5160000000000	-11.341282152824
2.5180000000000	-11.311796002964
2.5200000000000	-11.282551500723
2.5220000000000	-11.253545966897
2.5240000000000	-11.224776760447
2.5260000000000	-11.196241277808
2.5280000000000	-11.167936952226
2.5300000000000	-11.139861253102
2.5320000000000	-11.112011685357
2.5340000000000	-11.084385788808
2.5360000000000	-11.056981137565
2.5380000000000	-11.029795339432
2.5400000000000	-11.002826035331
2.5420000000000	-10.976070898735
2.5440000000000	-10.949527635113
2.5460000000000	-10.923193981391
2.5480000000000	-10.897067705423
2.5500000000000	-10.871146605472
2.5520000000000	-10.845428509708
2.5540000000000	-10.819911275709
2.5560000000000	-10.794592789982
2.5580000000000	-10.769470967487
2.5600000000000	-10.744543751173
2.5620000000000	-10.719809111529
2.5640000000000	-10.695265046137
2.5660000000000	-10.670909579241
2.5680000000000	-10.646740761319
2.5700000000000	-10.622756668669
2.5720000000000	-10.598955403002
2.5740000000000	-10.575335091040
2.5760000000000	-10.551893884128
2.5780000000000	-10.528629957852
2.5800000000000	-10.505541511660
2.5820000000000	-10.482626768498
2.5840000000000	-10.459883974446
2.5860000000000	-10.437311398370
2.5880000000000	-10.414907331570
2.5900000000000	-10.392670087443
2.5920000000000	-10.370598001154
2.5940000000000	-10.348689429301
2.5960000000000	-10.326942749601
2.5980000000000	-10.305356360578
2.6000000000000	-10.283928681245
2.6020000000000	-10.262658150814
2.6040000000000	-10.241543228388
2.6060000000000	-10.220582392678
2.6080000000000	-10.199774141713
2.6100000000000	-10.179116992561
2.6120000000000	-10.158609481053
2.6140000000000	-10.138250161511
2.6160000000000	-10.118037606486
2.6180000000000	-10.097970406493
2.6200000000000	-10.078047169759
2.6220000000000	-10.058266521968
2.6240000000000	-10.038627106013
2.6260000000000	-10.019127581759
2.6280000000000	-9.9997666257978
2.6300000000000	-9.9805429312151
2.6320000000000	-9.9614552073624
2.6340000000000	-9.9425021796281
2.6360000000000	-9.9236825892153
2.6380000000000	-9.9049951929232
2.6400000000000	-9.8864387629313
2.6420000000000	-9.8680120865879
2.6440000000000	-9.8497139662019
2.6460000000000	-9.8315432188381
2.6480000000000	-9.8134986761159
2.6500000000000	-9.7955791840108
2.6520000000000	-9.7777836026602
2.6540000000000	-9.7601108061712
2.6560000000000	-9.7425596824319
2.6580000000000	-9.7251291329264
2.6600000000000	-9.7078180725516
2.6620000000000	-9.6906254294374
2.6640000000000	-9.6735501447705
2.6660000000000	-9.6565911726195
2.6680000000000	-9.6397474797638
2.6700000000000	-9.6230180455249
2.6720000000000	-9.6064018616001
2.6740000000000	-9.5898979318993
2.6760000000000	-9.5735052723833
2.6780000000000	-9.5572229109058
2.6800000000000	-9.5410498870568
2.6820000000000	-9.5249852520090
2.6840000000000	-9.5090280683660
2.6860000000000	-9.4931774100134
2.6880000000000	-9.4774323619715
2.6900000000000	-9.4617920202503
2.6920000000000	-9.4462554917073
2.6940000000000	-9.4308218939065
2.6960000000000	-9.4154903549797
2.6980000000000	-9.4002600134905
2.7000000000000	-9.3851300182993
2.7020000000000	-9.3700995284310
2.7040000000000	-9.3551677129439
2.7060000000000	-9.3403337508015
2.7080000000000	-9.3255968307450
2.7100000000000	-9.3109561511683
2.7120000000000	-9.2964109199947
2.7140000000000	-9.2819603545552
2.7160000000000	-9.2676036814686
2.7180000000000	-9.2533401365231
2.7200000000000	-9.2391689645601
2.7220000000000	-9.2250894193586
2.7240000000000	-9.2111007635226
2.7260000000000	-9.1972022683684
2.7280000000000	-9.1833932138152
2.7300000000000	-9.1696728882757
2.7320000000000	-9.1560405885494
2.7340000000000	-9.1424956197161
2.7360000000000	-9.1290372950321
2.7380000000000	-9.1156649358272
2.7400000000000	-9.1023778714026
2.7420000000000	-9.0891754389316
2.7440000000000	-9.0760569833598
2.7460000000000	-9.0630218573083
2.7480000000000	-9.0500694209771
2.7500000000000	-9.0371990420502
2.7520000000000	-9.0244100956020
2.7540000000000	-9.0117019640046
2.7560000000000	-8.9990740368370
2.7580000000000	-8.9865257107947
2.7600000000000	-8.9740563896008
2.7620000000000	-8.9616654839185
2.7640000000000	-8.9493524112646
2.7660000000000	-8.9371165959237
2.7680000000000	-8.9249574688644
2.7700000000000	-8.9128744676554
2.7720000000000	-8.9008670363839
2.7740000000000	-8.8889346255742
2.7760000000000	-8.8770766921078
2.7780000000000	-8.8652926991441
2.7800000000000	-8.8535821160426
2.7820000000000	-8.8419444182856
2.7840000000000	-8.8303790874024
2.7860000000000	-8.8188856108940
2.7880000000000	-8.8074634821590
2.7900000000000	-8.7961122004204
2.7920000000000	-8.7848312706531
2.7940000000000	-8.7736202035127
2.7960000000000	-8.7624785152651
2.7980000000000	-8.7514057277164
2.8000000000000	-8.7404013681446
2.8020000000000	-8.7294649692315
2.8040000000000	-8.7185960689956
2.8060000000000	-8.7077942107260
2.8080000000000	-8.6970589429168
2.8100000000000	-8.6863898192025
2.8120000000000	-8.6757863982945
2.8140000000000	-8.6652482439175
2.8160000000000	-8.6547749247477
2.8180000000000	-8.6443660143511
2.8200000000000	-8.6340210911229
2.8220000000000	-8.6237397382272
2.8240000000000	-8.6135215435378
2.8260000000000	-8.6033660995801
2.8280000000000	-8.5932730034725
2.8300000000000	-8.5832418568696
2.8320000000000	-8.5732722659059
2.8340000000000	-8.5633638411397
2.8360000000000	-8.5535161974983
2.8380000000000	-8.5437289542231
2.8400000000000	-8.5340017348163
2.8420000000000	-8.5243341669872
2.8440000000000	-8.5147258826004
2.8460000000000	-8.5051765176232
2.8480000000000	-8.4956857120746
2.8500000000000	-8.4862531099747
2.8520000000000	-8.4768783592945
2.8540000000000	-8.4675611119066
2.8560000000000	-8.4583010235361
2.8580000000000	-8.4490977537125
2.8600000000000	-8.4399509657216
2.8620000000000	-8.4308603265589
2.8640000000000	-8.4218255068824
2.8660000000000	-8.4128461809670
2.8680000000000	-8.4039220266585
2.8700000000000	-8.3950527253291
2.8720000000000	-8.3862379618326
2.8740000000000	-8.3774774244604
2.8760000000000	-8.3687708048984
2.8780000000000	-8.3601177981837
2.8800000000000	-8.3515181026625
2.8820000000000	-8.3429714199480
2.8840000000000	-8.3344774548788
2.8860000000000	-8.3260359154783
2.8880000000000	-8.3176465129139
2.8900000000000	-8.3093089614572
2.8920000000000	-8.3010229784443
2.8940000000000	-8.2927882842368
2.8960000000000	-8.2846046021830
2.8980000000000	-8.2764716585799
2.9000000000000	-8.2683891826355
2.9020000000000	-8.2603569064311
2.9040000000000	-8.2523745648848
2.9060000000000	-8.2444418957150
2.9080000000000	-8.2365586394040
2.9100000000000	-8.2287245391629
2.9120000000000	-8.2209393408959
2.9140000000000	-8.2132027931659
2.9160000000000	-8.2055146471597
2.9180000000000	-8.1978746566544
2.9200000000000	-8.1902825779834
2.9220000000000	-8.1827381700033
2.9240000000000	-8.1752411940610
2.9260000000000	-8.1677914139615
2.9280000000000	-8.1603885959353
2.9300000000000	-8.1530325086071
2.9320000000000	-8.1457229229641
2.9340000000000	-8.1384596123251
2.9360000000000	-8.1312423523100
2.9380000000000	-8.1240709208092
2.9400000000000	-8.1169450979537
2.9420000000000	-8.1098646660858
2.9440000000000	-8.1028294097293
2.9460000000000	-8.0958391155608
2.9480000000000	-8.0888935723812
2.9500000000000	-8.0819925710872
2.9520000000000	-8.0751359046434
2.9540000000000	-8.0683233680548
2.9560000000000	-8.0615547583390
2.9580000000000	-8.0548298744998
2.9600000000000	-8.0481485175000
2.9620000000000	-8.0415104902352
2.9640000000000	-8.0349155975078
2.9660000000000	-8.0283636460007
2.9680000000000	-8.0218544442525
2.9700000000000	-8.0153878026317
2.9720000000000	-8.0089635333121
2.9740000000000	-8.0025814502478
2.9760000000000	-7.9962413691494
2.9780000000000	-7.9899431074592
2.9800000000000	-7.9836864843280
2.9820000000000	-7.9774713205912
2.9840000000000	-7.9712974387457
2.9860000000000	-7.9651646629268
2.9880000000000	-7.9590728188856
2.9900000000000	-7.9530217339663
2.9920000000000	-7.9470112370841
2.9940000000000	-7.9410411587034
2.9960000000000	-7.9351113308158
2.9980000000000	-7.9292215869188
3.0000000000000	-7.9233717619944
3.0020000000000	-7.9175616924887
3.0040000000000	-7.9117912162904
3.0060000000000	-7.9060601727107
3.0080000000000	-7.9003684024632
3.0100000000000	-7.8947157476436
3.0120000000000	-7.8891020517100
3.0140000000000	-7.8835271594634
3.0160000000000	-7.8779909170285
3.0180000000000	-7.8724931718341
3.0200000000000	-7.8670337725949
3.0220000000000	-7.8616125692923
3.0240000000000	-7.8562294131563
3.0260000000000	-7.8508841566470
3.0280000000000	-7.8455766534369
3.0300000000000	-7.8403067583927
3.0320000000000	-7.8350743275581
3.0340000000000	-7.8298792181363
3.0360000000000	-7.8247212884725
3.0380000000000	-7.8196003980376
3.0400000000000	-7.8145164074106
3.0420000000000	-7.8094691782627
3.0440000000000	-7.8044585733406
3.0460000000000	-7.7994844564502
3.0480000000000	-7.7945466924411
3.0500000000000	-7.7896451471902
3.0520000000000	-7.7847796875864
3.0540000000000	-7.7799501815153
3.0560000000000	-7.7751564978436
3.0580000000000	-7.7703985064043
3.0600000000000	-7.7656760779816
3.0620000000000	-7.7609890842967
3.0640000000000	-7.7563373979926
3.0660000000000	-7.7517208926203
3.0680000000000	-7.7471394426242
3.0700000000000	-7.7425929233284
3.0720000000000	-7.7380812109230
3.0740000000000	-7.7336041824500
3.0760000000000	-7.7291617157901
3.0780000000000	-7.7247536896494
3.0800000000000	-7.7203799835460
3.0820000000000	-7.7160404777973
3.0840000000000	-7.7117350535071
3.0860000000000	-7.7074635925528
3.0880000000000	-7.7032259775727
3.0900000000000	-7.6990220919543
3.0920000000000	-7.6948518198215
3.0940000000000	-7.6907150460225
3.0960000000000	-7.6866116561186
3.0980000000000	-7.6825415363715
3.1000000000000	-7.6785045737325
3.1020000000000	-7.6745006558306
3.1040000000000	-7.6705296709614
3.1060000000000	-7.6665915080758
3.1080000000000	-7.6626860567691
3.1100000000000	-7.6588132072699
3.1120000000000	-7.6549728504299
3.1140000000000	-7.6511648777127
3.1160000000000	-7.6473891811835
3.1180000000000	-7.6436456534992
3.1200000000000	-7.6399341878977
3.1220000000000	-7.6362546781880
3.1240000000000	-7.6326070187404
3.1260000000000	-7.6289911044768
3.1280000000000	-7.6254068308606
3.1300000000000	-7.6218540938878
3.1320000000000	-7.6183327900771
3.1340000000000	-7.6148428164609
3.1360000000000	-7.6113840705759
3.1380000000000	-7.6079564504547
3.1400000000000	-7.6045598546160
3.1420000000000	-7.6011941820565
3.1440000000000	-7.5978593322421
3.1460000000000	-7.5945552050993
3.1480000000000	-7.5912817010068
3.1500000000000	-7.5880387207872
3.1520000000000	-7.5848261656990
3.1540000000000	-7.5816439374282
3.1560000000000	-7.5784919380806
3.1580000000000	-7.5753700701740
3.1600000000000	-7.5722782366304
3.1620000000000	-7.5692163407682
3.1640000000000	-7.5661842862952
3.1660000000000	-7.5631819773007
3.1680000000000	-7.5602093182486
3.1700000000000	-7.5572662139697
3.1720000000000	-7.5543525696555
3.1740000000000	-7.5514682908504
3.1760000000000	-7.5486132834452
3.1780000000000	-7.5457874536705
3.1800000000000	-7.5429907080898
3.1820000000000	-7.5402229535929
3.1840000000000	-7.5374840973897
3.1860000000000	-7.5347740470038
3.1880000000000	-7.5320927102661
3.1900000000000	-7.5294399953087
3.1920000000000	-7.5268158105590
3.1940000000000	-7.5242200647335
3.1960000000000	-7.5216526668322
3.1980000000000	-7.5191135261324
3.2000000000000	-7.5166025521837
#
#"Frequency / GHz"	"S1,2 [Magnitude / dB]"
#-----------------------------------------
1.2000000000000	-10.739792055730
1.2020000000000	-10.739114279304
1.2040000000000	-10.738329705513
1.2060000000000	-10.737437277855
1.2080000000000	-10.736435936254
1.2100000000000	-10.735324617255
1.2120000000000	-10.734102254234
1.2140000000000	-10.732767777602
1.2160000000000	-10.731320115025
1.2180000000000	-10.729758191642
1.2200000000000	-10.728080930294
1.2220000000000	-10.726287251758
1.2240000000000	-10.724376074986
1.2260000000000	-10.722346317348
1.2280000000000	-10.720196894886
1.2300000000000	-10.717926722570
1.2320000000000	-10.715534714558
1.2340000000000	-10.713019784470
1.2360000000000	-10.710380845661
1.2380000000000	-10.707616811501
1.2400000000000	-10.704726595660
1.2420000000000	-10.701709112405
1.2440000000000	-10.698563276896
1.2460000000000	-10.695288005489
1.2480000000000	-10.691882216049
1.2500000000000	-10.688344828265
1.2520000000000	-10.684674763969
1.2540000000000	-10.680870947467
1.2560000000000	-10.676932305868
1.2580000000000	-10.672857769427
1.2600000000000	-10.668646271882
1.2620000000000	-10.664296750809
1.2640000000000	-10.659808147975
1.2660000000000	-10.655179409694
1.2680000000000	-10.650409487196
1.2700000000000	-10.645497336994
1.2720000000000	-10.640441921258
1.2740000000000	-10.635242208197
1.2760000000000	-10.629897172436
1.2780000000000	-10.624405795415
1.2800000000000	-10.618767065769
1.2820000000000	-10.612979979733
1.2840000000000	-10.607043541542
1.2860000000000	-10.600956763832
1.2880000000000	-10.594718668049
1.2900000000000	-10.588328284863
1.2920000000000	-10.581784654581
1.2940000000000	-10.575086827566
1.2960000000000	-10.568233864659
1.2980000000000	-10.561224837601
1.3000000000000	-10.554058829460
1.3020000000000	-10.546734935060
1.3040000000000	-10.539252261414
1.3060000000000	-10.531609928152
1.3080000000000	-10.523807067961
1.3100000000000	-10.515842827015
1.3120000000000	-10.507716365419
1.3140000000000	-10.499426857639
1.3160000000000	-10.490973492948
1.3180000000000	-10.482355475860
1.3200000000000	-10.473572026571
1.3220000000000	-10.464622381398
1.3240000000000	-10.455505793217
1.3260000000000	-10.446221531901
1.3280000000000	-10.436768884759
1.3300000000000	-10.427147156968
1.3320000000000	-10.417355672009
1.3340000000000	-10.407393772100
1.3360000000000	-10.397260818625
1.3380000000000	-10.386956192562
1.3400000000000	-10.376479294907
1.3420000000000	-10.365829547098
1.3440000000000	-10.355006391431
1.3460000000000	-10.344009291475
1.3480000000000	-10.332837732485
1.3500000000000	-10.321491221806
1.3520000000000	-10.309969289276
1.3540000000000	-10.298271487623
1.3560000000000	-10.286397392855
1.3580000000000	-10.274346604650
1.3600000000000	-10.262118746730
1.3620000000000	-10.249713467241
1.3640000000000	-10.237130439117
1.3660000000000	-10.224369360443
1.3680000000000	-10.211429954805
1.3700000000000	-10.198311971642
1.3720000000000	-10.185015186578
1.3740000000000	-10.171539401758
1.3760000000000	-10.157884446167
1.3780000000000	-10.144050175945
1.3800000000000	-10.130036474690
1.3820000000000	-10.115843253759
1.3840000000000	-10.101470452546
1.3860000000000	-10.086918038766
1.3880000000000	-10.072186008719
1.3900000000000	-10.057274387545
1.3920000000000	-10.042183229473
1.3940000000000	-10.026912618054
1.3960000000000	-10.011462666389
1.3980000000000	-9.9958335173388
1.4000000000000	-9.9800253437276
1.4020000000000	-9.9640383485351
1.4040000000000	-9.9478727650741
1.4060000000000	-9.9315288571580
1.4080000000000	-9.9150069192559
1.4100000000000	-9.8983072766356
1.4120000000000	-9.8814302854938
1.4140000000000	-9.8643763330743
1.4160000000000	-9.8471458377730
1.4180000000000	-9.8297392492306
1.4200000000000	-9.8121570484122
1.4220000000000	-9.7943997476736
1.4240000000000	-9.7764678908151
1.4260000000000	-9.7583620531217
1.4280000000000	-9.7400828413898
1.4300000000000	-9.7216308939417
1.4320000000000	-9.7030068806251
1.4340000000000	-9.6842115028011
1.4360000000000	-9.6652454933169
1.4380000000000	-9.6461096164666
1.4400000000000	-9.6268046679377
1.4420000000000	-9.6073314747447
1.4440000000000	-9.5876908951492
1.4460000000000	-9.5678838185659
1.4480000000000	-9.5479111654571
1.4500000000000	-9.5277738872118
1.4520000000000	-9.5074729660135
1.4540000000000	-9.4870094146933
1.4560000000000	-9.4663842765718
1.4580000000000	-9.4455986252863
1.4600000000000	-9.4246535646064
1.4620000000000	-9.4035502282367
1.4640000000000	-9.3822897796067
1.4660000000000	-9.3608734116487
1.4680000000000	-9.3393023465632
1.4700000000000	-9.3175778355724
1.4720000000000	-9.2957011586618
1.4740000000000	-9.2736736243100
1.4760000000000	-9.2514965692073
1.4780000000000	-9.2291713579625
1.4800000000000	-9.2066993827990
1.4820000000000	-9.1840820632401
1.4840000000000	-9.1613208457830
1.4860000000000	-9.1384172035630
1.4880000000000	-9.1153726360076
1.4900000000000	-9.0921886684798
1.4920000000000	-9.0688668519126
1.4940000000000	-9.0454087624336
1.4960000000000	-9.0218160009806
1.4980000000000	-8.9980901929079
1.5000000000000	-8.9742329875846
1.5020000000000	-8.9502460579839
1.5040000000000	-8.9261311002645
1.5060000000000	-8.9018898333446
1.5080000000000	-8.8775239984676
1.5100000000000	-8.8530353587608
1.5120000000000	-8.8284256987879
1.5140000000000	-8.8036968240938
1.5160000000000	-8.7788505607433
1.5180000000000	-8.7538887548542
1.5200000000000	-8.7288132721243
1.5220000000000	-8.7036259973523
1.5240000000000	-8.6783288339551
1.5260000000000	-8.6529237034784
1.5280000000000	-8.6274125451038
1.5300000000000	-8.6017973151516
1.5320000000000	-8.5760799865788
1.5340000000000	-8.5502625484744
1.5360000000000	-8.5243470055508
1.5380000000000	-8.4983353776318
1.5400000000000	-8.4722296991384
1.5420000000000	-8.4460320185713
1.5440000000000	-8.4197443979922
1.5460000000000	-8.3933689125020
1.5480000000000	-8.3669076497180
1.5500000000000	-8.3403627092493
1.5520000000000	-8.3137362021715
1.5540000000000	-8.2870302505000
1.5560000000000	-8.2602469866632
1.5580000000000	-8.2333885529747
1.5600000000000	-8.2064571011060
1.5620000000000	-8.1794547915592
1.5640000000000	-8.1523837931400
1.5660000000000	-8.1252462824310
1.5680000000000	-8.0980444432669
1.5700000000000	-8.0707804662097
1.5720000000000	-8.0434565480258
1.5740000000000	-8.0160748911648
1.5760000000000	-7.9886377032398
1.5780000000000	-7.9611471965098
1.5800000000000	-7.9336055873641
1.5820000000000	-7.9060150958097
1.5840000000000	-7.8783779449609
1.5860000000000	-7.8506963605315
1.5880000000000	-7.8229725703306
1.5900000000000	-7.7952088037610
1.5920000000000	-7.7674072913215
1.5940000000000	-7.7395702641123
1.5960000000000	-7.7116999533442
1.5980000000000	-7.6837985898519
1.6000000000000	-7.6558684036111
1.6020000000000	-7.6279116232600
1.6040000000000	-7.5999304756245
1.6060000000000	-7.5719271852490
1.6080000000000	-7.5439039739304
1.6100000000000	-7.5158630602584
1.6120000000000	-7.4878066591588
1.6140000000000	-7.4597369814440
1.6160000000000	-7.4316562333663
1.6180000000000	-7.4035666161784
1.6200000000000	-7.3754703256978
1.6220000000000	-7.3473695518772
1.6240000000000	-7.3192664783810
1.6260000000000	-7.2911632821661
1.6280000000000	-7.2630621330695
1.6300000000000	-7.2349651934012
1.6320000000000	-7.2068746175433
1.6340000000000	-7.1787925515546
1.6360000000000	-7.1507211327817
1.6380000000000	-7.1226624894761
1.6400000000000	-7.0946187404171
1.6420000000000	-7.0665919945413
1.6440000000000	-7.0385843505784
1.6460000000000	-7.0105978966932
1.6480000000000	-6.9826347101339
1.6500000000000	-6.9546968568872
1.6520000000000	-6.9267863913398
1.6540000000000	-6.8989053559457
1.6560000000000	-6.8710557809016
1.6580000000000	-6.8432396838273
1.6600000000000	-6.8154590694538
1.6620000000000	-6.7877159293177
1.6640000000000	-6.7600122414624
1.6660000000000	-6.7323499701456
1.6680000000000	-6.7047310655547
1.6700000000000	-6.6771574635276
1.6720000000000	-6.6496310852809
1.6740000000000	-6.6221538371455
1.6760000000000	-6.5947276103078
1.6780000000000	-6.5673542805586
1.6800000000000	-6.5400357080487
1.6820000000000	-6.5127737370514
1.6840000000000	-6.4855701957312
1.6860000000000	-6.4584268959205
1.6880000000000	-6.4313456329018
1.6900000000000	-6.4043281851983
1.6920000000000	-6.3773763143697
1.6940000000000	-6.3504917648164
1.6960000000000	-6.3236762635890
1.6980000000000	-6.2969315202061
1.7000000000000	-6.2702592264778
1.7020000000000	-6.2436610563366
1.7040000000000	-6.2171386656746
1.7060000000000	-6.1906936921881
1.7080000000000	-6.1643277552284
1.7100000000000	-6.1380424556595
1.7120000000000	-6.1118393757226
1.7140000000000	-6.0857200789069
1.7160000000000	-6.0596861098277
1.7180000000000	-6.0337389941105
1.7200000000000	-6.0078802382819
1.7220000000000	-5.9821113296672
1.7240000000000	-5.9564337362943
1.7260000000000	-5.9308489068044
1.7280000000000	-5.9053582703686
1.7300000000000	-5.8799632366114
1.7320000000000	-5.8546651955407
1.7340000000000	-5.8294655174834
1.7360000000000	-5.8043655530279
1.7380000000000	-5.7793666329729
1.7400000000000	-5.7544700682820
1.7420000000000	-5.7296771500445
1.7440000000000	-5.7049891494426
1.7460000000000	-5.6804073177246
1.7480000000000	-5.6559328861835
1.7500000000000	-5.6315670661425
1.7520000000000	-5.6073110489454
1.7540000000000	-5.5831660059539
1.7560000000000	-5.5591330885492
1.7580000000000	-5.5352134281411
1.7600000000000	-5.5114081361811
1.7620000000000	-5.4877183041820
1.7640000000000	-5.4641450037426
1.7660000000000	-5.4406892865785
1.7680000000000	-5.4173521845571
1.7700000000000	-5.3941347097390
1.7720000000000	-5.3710378544239
1.7740000000000	-5.3480625912023
1.7760000000000	-5.3252098730114
1.7780000000000	-5.3024806331970
1.7800000000000	-5.2798757855793
1.7820000000000	-5.2573962245247
1.7840000000000	-5.2350428250208
1.7860000000000	-5.2128164427580
1.7880000000000	-5.1907179142136
1.7900000000000	-5.1687480567424
1.7920000000000	-5.1469076686700
1.7940000000000	-5.1251975293918
1.7960000000000	-5.1036183994751
1.7980000000000	-5.0821710207661
1.8000000000000	-5.0608561165008
1.8020000000000	-5.0396743914195
1.8040000000000	-5.0186265318858
1.8060000000000	-4.9977132060084
1.8080000000000	-4.9769350637679
1.8100000000000	-4.9562927371458
1.8120000000000	-4.9357868402579
1.8140000000000	-4.9154179694907
1.8160000000000	-4.8951867036412
1.8180000000000	-4.8750936040597
1.8200000000000	-4.8551392147959
1.8220000000000	-4.8353240627478
1.8240000000000	-4.8156486578135
1.8260000000000	-4.7961134930458
1.8280000000000	-4.7767190448093
1.8300000000000	-4.7574657729405
1.8320000000000	-4.7383541209095
1.8340000000000	-4.7193845159852
1.8360000000000	-4.7005573694013
1.8380000000000	-4.6818730765259
1.8400000000000	-4.6633320170322
1.8420000000000	-4.6449345550710
1.8440000000000	-4.6266810394460
1.8460000000000	-4.6085718037894
1.8480000000000	-4.5906071667404
1.8500000000000	-4.5727874321244
1.8520000000000	-4.5551128891338
1.8540000000000	-4.5375838125098
1.8560000000000	-4.5202004627261
1.8580000000000	-4.5029630861730
1.8600000000000	-4.4858719153423
1.8620000000000	-4.4689271690137
1.8640000000000	-4.4521290524417
1.8660000000000	-4.4354777575429
1.8680000000000	-4.4189734630839
1.8700000000000	-4.4026163348698
1.8720000000000	-4.3864065259330
1.8740000000000	-4.3703441767224
1.8760000000000	-4.3544294152921
1.8780000000000	-4.3386623574905
1.8800000000000	-4.3230431071500
1.8820000000000	-4.3075717562754
1.8840000000000	-4.2922483852324
1.8860000000000	-4.2770730629364
1.8880000000000	-4.2620458470401
1.8900000000000	-4.2471667841205
1.8920000000000	-4.2324359098660
1.8940000000000	-4.2178532492622
1.8960000000000	-4.2034188167769
1.8980000000000	-4.1891326165441
1.9000000000000	-4.1749946425479
1.9020000000000	-4.1610048788040
1.9040000000000	-4.1471632995407
1.9060000000000	-4.1334698693793
1.9080000000000	-4.1199245435115
1.9100000000000	-4.1065272678776
1.9120000000000	-4.0932779793409
1.9140000000000	-4.0801766058625
1.9160000000000	-4.0672230666734
1.9180000000000	-4.0544172724452
1.9200000000000	-4.0417591254590
1.9220000000000	-4.0292485197723
1.9240000000000	-4.0168853413848
1.9260000000000	-4.0046694684008
1.9280000000000	-3.9926007711910
1.9300000000000	-3.9806791125515
1.9320000000000	-3.9689043478603
1.9340000000000	-3.9572763252328
1.9360000000000	-3.9457948856738
1.9380000000000	-3.9344598632278
1.9400000000000	-3.9232710851269
1.9420000000000	-3.9122283719361
1.9440000000000	-3.9013315376965
1.9460000000000	-3.8905803900653
1.9480000000000	-3.8799747304545
1.9500000000000	-3.8695143541653
1.9520000000000	-3.8591990505216
1.9540000000000	-3.8490286029995
1.9560000000000	-3.8390027893551
1.9580000000000	-3.8291213817486
1.9600000000000	-3.8193841468667
1.9620000000000	-3.8097908460414
1.9640000000000	-3.8003412353662
1.9660000000000	-3.7910350658097
1.9680000000000	-3.7818720833262
1.9700000000000	-3.7728520289629
1.9720000000000	-3.7639746389655
1.9740000000000	-3.7552396448792
1.9760000000000	-3.7466467736483
1.9780000000000	-3.7381957477117
1.9800000000000	-3.7298862850961
1.9820000000000	-3.7217180995064
1.9840000000000	-3.7136909004120
1.9860000000000	-3.7058043931318
1.9880000000000	-3.6980582789145
1.9900000000000	-3.6904522550176
1.9920000000000	-3.6829860147817
1.9940000000000	-3.6756592477034
1.9960000000000	-3.6684716395040
1.9980000000000	-3.6614228721964
2.0000000000000	-3.6545126241474
2.0020000000000	-3.6477405701392
2.0040000000000	-3.6411063814258
2.0060000000000	-3.6346097257882
2.0080000000000	-3.6282502675856
2.0100000000000	-3.6220276678043
2.0120000000000	-3.6159415841033
2.0140000000000	-3.6099916708574
2.0160000000000	-3.6041775791973
2.0180000000000	-3.5984989570472
2.0200000000000	-3.5929554491587
2.0220000000000	-3.5875466971432
2.0240000000000	-3.5822723395008
2.0260000000000	-3.5771320116466
2.0280000000000	-3.5721253459343
2.0300000000000	-3.5672519716774
2.0320000000000	-3.5625115151678
2.0340000000000	-3.5579035996916
2.0360000000000	-3.5534278455423
2.0380000000000	-3.5490838700320
2.0400000000000	-3.5448712874994
2.0420000000000	-3.5407897093166
2.0440000000000	-3.5368387438920
2.0460000000000	-3.5330179966719
2.0480000000000	-3.5293270701398
2.0500000000000	-3.5257655638130
2.0520000000000	-3.5223330742372
2.0540000000000	-3.5190291949793
2.0560000000000	-3.5158535166175
2.0580000000000	-3.5128056267301
2.0600000000000	-3.5098851098812
2.0620000000000	-3.5070915476060
2.0640000000000	-3.5044245183928
2.0660000000000	-3.5018835976641
2.0680000000000	-3.4994683577553
2.0700000000000	-3.4971783678920
2.0720000000000	-3.4950131941659
2.0740000000000	-3.4929723995085
2.0760000000000	-3.4910555436636
2.0780000000000	-3.4892621831585
2.0800000000000	-3.4875918712731
2.0820000000000	-3.4860441580086
2.0840000000000	-3.4846185900537
2.0860000000000	-3.4833147107511
2.0880000000000	-3.4821320600610
2.0900000000000	-3.4810701745251
2.0920000000000	-3.4801285872286
2.0940000000000	-3.4793068277613
2.0960000000000	-3.4786044221785
2.0980000000000	-3.4780208929596
2.1000000000000	-3.4775557589675
2.1020000000000	-3.4772085354062
2.1040000000000	-3.4769787337781
2.1060000000000	-3.4768658618407
2.1080000000000	-3.4768694235625
2.1100000000000	-3.4769889190788
2.1120000000000	-3.4772238446471
2.1140000000000	-3.4775736926014
2.1160000000000	-3.4780379513074
2.1180000000000	-3.4786161051164
2.1200000000000	-3.4793076343199
2.1220000000000	-3.4801120151034
2.1240000000000	-3.4810287195009
2.1260000000000	-3.4820572153487
2.1280000000000	-3.4831969662400
2.1300000000000	-3.4844474314789
2.1320000000000	-3.4858080660359
2.1340000000000	-3.4872783205021
2.1360000000000	-3.4888576410452
2.1380000000000	-3.4905454693648
2.1400000000000	-3.4923412426493
2.1420000000000	-3.4942443935324
2.1440000000000	-3.4962543500507
2.1460000000000	-3.4983705356019
2.1480000000000	-3.5005923689038
2.1500000000000	-3.5029192639541
2.1520000000000	-3.5053506299910
2.1540000000000	-3.5078858714548
2.1560000000000	-3.5105243879502
2.1580000000000	-3.5132655742104
2.1600000000000	-3.5161088200614
2.1620000000000	-3.5190535103879
2.1640000000000	-3.5220990251006
2.1660000000000	-3.5252447391044
2.1680000000000	-3.5284900222682
2.1700000000000	-3.5318342393957
2.1720000000000	-3.5352767501984
2.1740000000000	-3.5388169092690
2.1760000000000	-3.5424540660573
2.1780000000000	-3.5461875648471
2.1800000000000	-3.5500167447351
2.1820000000000	-3.5539409396112
2.1840000000000	-3.5579594781405
2.1860000000000	-3.5620716837475
2.1880000000000	-3.5662768746016
2.1900000000000	-3.5705743636047
2.1920000000000	-3.5749634583805
2.1940000000000	-3.5794434612663
2.1960000000000	-3.5840136693059
2.1980000000000	-3.5886733742453
2.2000000000000	-3.5934218625299
2.2020000000000	-3.5982584153043
2.2040000000000	-3.6031823084134
2.2060000000000	-3.6081928124068
2.2080000000000	-3.6132891925440
2.2100000000000	-3.6184707088034
2.2120000000000	-3.6237366158918
2.2140000000000	-3.6290861632576
2.2160000000000	-3.6345185951055
2.2180000000000	-3.6400331504137
2.2200000000000	-3.6456290629535
2.2220000000000	-3.6513055613110
2.2240000000000	-3.6570618689116
2.2260000000000	-3.6628972040464
2.2280000000000	-3.6688107799014
2.2300000000000	-3.6748018045887
2.2320000000000	-3.6808694811803
2.2340000000000	-3.6870130077447
2.2360000000000	-3.6932315773854
2.2380000000000	-3.6995243782820
2.2400000000000	-3.7058905937336
2.2420000000000	-3.7123294022053
2.2440000000000	-3.7188399773765
2.2460000000000	-3.7254214881917
2.2480000000000	-3.7320730989140
2.2500000000000	-3.7387939691812
2.2520000000000	-3.7455832540636
2.2540000000000	-3.7524401041252
2.2560000000000	-3.7593636654867
2.2580000000000	-3.7663530798911
2.2600000000000	-3.7734074847717
2.2620000000000	-3.7805260133226
2.2640000000000	-3.7877077945713
2.2660000000000	-3.7949519534541
2.2680000000000	-3.8022576108936
2.2700000000000	-3.8096238838783
2.2720000000000	-3.8170498855450
2.2740000000000	-3.8245347252631
2.2760000000000	-3.8320775087217
2.2780000000000	-3.8396773380180
2.2800000000000	-3.8473333117490
2.2820000000000	-3.8550445251043
2.2840000000000	-3.8628100699623
2.2860000000000	-3.8706290349875
2.2880000000000	-3.8785005057301
2.2900000000000	-3.8864235647283
2.2920000000000	-3.8943972916116
2.2940000000000	-3.9024207632072
2.2960000000000	-3.9104930536472
2.2980000000000	-3.9186132344790
2.3000000000000	-3.9267803747763
2.3020000000000	-3.9349935412527
2.3040000000000	-3.9432517983772
2.3060000000000	-3.9515542084909
2.3080000000000	-3.9598998319256
2.3100000000000	-3.9682877271246
2.3120000000000	-3.9767169507639
2.3140000000000	-3.9851865578767
2.3160000000000	-3.9936956019774
2.3180000000000	-4.0022431351890
2.3200000000000	-4.0108282083703
2.3220000000000	-4.0194498712459
2.3240000000000	-4.0281071725361
2.3260000000000	-4.0367991600892
2.3280000000000	-4.0455248810146
2.3300000000000	-4.0542833818167
2.3320000000000	-4.0630737085306
2.3340000000000	-4.0718949068579
2.3360000000000	-4.0807460223049
2.3380000000000	-4.0896261003199
2.3400000000000	-4.0985341864333
2.3420000000000	-4.1074693263965
2.3440000000000	-4.1164305663237
2.3460000000000	-4.1254169528324
2.3480000000000	-4.1344275331860
2.3500000000000	-4.1434613554358
2.3520000000000	-4.1525174685650
2.3540000000000	-4.1615949226314
2.3560000000000	-4.1706927689117
2.3580000000000	-4.1798100600459
2.3600000000000	-4.1889458501816
2.3620000000000	-4.1980991951190
2.3640000000000	-4.2072691524556
2.3660000000000	-4.2164547817312
2.3680000000000	-4.2256551445731
2.3700000000000	-4.2348693048409
2.3720000000000	-4.2440963287712
2.3740000000000	-4.2533352851228
2.3760000000000	-4.2625852453208
2.3780000000000	-4.2718452836007
2.3800000000000	-4.2811144771525
2.3820000000000	-4.2903919062644
2.3840000000000	-4.2996766544650
2.3860000000000	-4.3089678086665
2.3880000000000	-4.3182644593063
2.3900000000000	-4.3275657004880
2.3920000000000	-4.3368706301223
2.3940000000000	-4.3461783500667
2.3960000000000	-4.3554879662642
2.3980000000000	-4.3647985888815
2.4000000000000	-4.3741093324463
2.4020000000000	-4.3834193159832
2.4040000000000	-4.3927276631490
2.4060000000000	-4.4020335023666
2.4080000000000	-4.4113359669579
2.4100000000000	-4.4206341952754
2.4120000000000	-4.4299273308327
2.4140000000000	-4.4392145224334
2.4160000000000	-4.4484949242992
2.4180000000000	-4.4577676961958
2.4200000000000	-4.4670320035579
2.4220000000000	-4.4762870176129
2.4240000000000	-4.4855319155020
2.4260000000000	-4.4947658804010
2.4280000000000	-4.5039881016389
2.4300000000000	-4.5131977748141
2.4320000000000	-4.5223941019104
2.4340000000000	-4.5315762914097
2.4360000000000	-4.5407435584039
2.4380000000000	-4.5498951247044
2.4400000000000	-4.5590302189503
2.4420000000000	-4.5681480767136
2.4440000000000	-4.5772479406039
2.4460000000000	-4.5863290603696
2.4480000000000	-4.5953906929981
2.4500000000000	-4.6044321028138
2.4520000000000	-4.6134525615734
2.4540000000000	-4.6224513485596
2.4560000000000	-4.6314277506726
2.4580000000000	-4.6403810625193
2.4600000000000	-4.6493105865003
2.4620000000000	-4.6582156328943
2.4640000000000	-4.6670955199414
2.4660000000000	-4.6759495739224
2.4680000000000	-4.6847771292373
2.4700000000000	-4.6935775284806
2.4720000000000	-4.7023501225146
2.4740000000000	-4.7110942705403
2.4760000000000	-4.7198093401656
2.4780000000000	-4.7284947074717
2.4800000000000	-4.7371497570767
2.4820000000000	-4.7457738821963
2.4840000000000	-4.7543664847034
2.4860000000000	-4.7629269751838
2.4880000000000	-4.7714547729905
2.4900000000000	-4.7799493062947
2.4920000000000	-4.7884100121351
2.4940000000000	-4.7968363364642
2.4960000000000	-4.8052277341925
2.4980000000000	-4.8135836692295
2.5000000000000	-4.8219036145233
2.5020000000000	-4.8301870520969
2.5040000000000	-4.8384334730821
2.5060000000000	-4.8466423777516
2.5080000000000	-4.8548132755475
2.5100000000000	-4.8629456851082
2.5120000000000	-4.8710391342927
2.5140000000000	-4.8790931602023
2.5160000000000	-4.8871073091996
2.5180000000000	-4.8950811369255
2.5200000000000	-4.9030142083140
2.5220000000000	-4.9109060976033
2.5240000000000	-4.9187563883463
2.5260000000000	-4.9265646734173
2.5280000000000	-4.9343305550168
2.5300000000000	-4.9420536446743
2.5320000000000	-4.9497335632482
2.5340000000000	-4.9573699409235
2.5360000000000	-4.9649624172075
2.5380000000000	-4.9725106409231
2.5400000000000	-4.9800142701993
2.5420000000000	-4.9874729724605
2.5440000000000	-4.9948864244125
2.5460000000000	-5.0022543120271
2.5480000000000	-5.0095763305240
2.5500000000000	-5.0168521843512
2.5520000000000	-5.0240815871621
2.5540000000000	-5.0312642617922
2.5560000000000	-5.0383999402319
2.5580000000000	-5.0454883635988
2.5600000000000	-5.0525292821072
2.5620000000000	-5.0595224550354
2.5640000000000	-5.0664676506922
2.5660000000000	-5.0733646463798
2.5680000000000	-5.0802132283563
2.5700000000000	-5.0870131917956
2.5720000000000	-5.0937643407458
2.5740000000000	-5.1004664880851
2.5760000000000	-5.1071194554774
2.5780000000000	-5.1137230733242
2.5800000000000	-5.1202771807168
2.5820000000000	-5.1267816253854
2.5840000000000	-5.1332362636472
2.5860000000000	-5.1396409603530
2.5880000000000	-5.1459955888317
2.5900000000000	-5.1523000308342
2.5920000000000	-5.1585541764746
2.5940000000000	-5.1647579241713
2.5960000000000	-5.1709111805855
2.5980000000000	-5.1770138605592
2.6000000000000	-5.1830658870515
2.6020000000000	-5.1890671910736
2.6040000000000	-5.1950177116223
2.6060000000000	-5.2009173956133
2.6080000000000	-5.2067661978118
2.6100000000000	-5.2125640807632
2.6120000000000	-5.2183110147222
2.6140000000000	-5.2240069775808
2.6160000000000	-5.2296519547952
2.6180000000000	-5.2352459393124
2.6200000000000	-5.2407889314945
2.6220000000000	-5.2462809390436
2.6240000000000	-5.2517219769247
2.6260000000000	-5.2571120672882
2.6280000000000	-5.2624512393917
2.6300000000000	-5.2677395295209
2.6320000000000	-5.2729769809093
2.6340000000000	-5.2781636436584
2.6360000000000	-5.2832995746557
2.6380000000000	-5.2883848374934
2.6400000000000	-5.2934195023859
2.6420000000000	-5.2984036460867
2.6440000000000	-5.3033373518046
2.6460000000000	-5.3082207091206
2.6480000000000	-5.3130538139024
2.6500000000000	-5.3178367682204
2.6520000000000	-5.3225696802618
2.6540000000000	-5.3272526642458
2.6560000000000	-5.3318858403367
2.6580000000000	-5.3364693345586
2.6600000000000	-5.3410032787087
2.6620000000000	-5.3454878102703
2.6640000000000	-5.3499230723263
2.6660000000000	-5.3543092134725
2.6680000000000	-5.3586463877296
2.6700000000000	-5.3629347544568
2.6720000000000	-5.3671744782642
2.6740000000000	-5.3713657289256
2.6760000000000	-5.3755086812907
2.6780000000000	-5.3796035151986
2.6800000000000	-5.3836504153898
2.6820000000000	-5.3876495714194
2.6840000000000	-5.3916011775699
2.6860000000000	-5.3955054327641
2.6880000000000	-5.3993625404788
2.6900000000000	-5.4031727086574
2.6920000000000	-5.4069361496240
2.6940000000000	-5.4106530799971
2.6960000000000	-5.4143237206036
2.6980000000000	-5.4179482963931
2.7000000000000	-5.4215270363523
2.7020000000000	-5.4250601734204
2.7040000000000	-5.4285479444041
2.7060000000000	-5.4319905898930
2.7080000000000	-5.4353883541760
2.7100000000000	-5.4387414851574
2.7120000000000	-5.4420502342740
2.7140000000000	-5.4453148564121
2.7160000000000	-5.4485356098251
2.7180000000000	-5.4517127560521
2.7200000000000	-5.4548465598363
2.7220000000000	-5.4579372890441
2.7240000000000	-5.4609852145849
2.7260000000000	-5.4639906103315
2.7280000000000	-5.4669537530404
2.7300000000000	-5.4698749222736
2.7320000000000	-5.4727544003204
2.7340000000000	-5.4755924721199
2.7360000000000	-5.4783894251839
2.7380000000000	-5.4811455495212
2.7400000000000	-5.4838611375612
2.7420000000000	-5.4865364840795
2.7440000000000	-5.4891718861236
2.7460000000000	-5.4917676429387
2.7480000000000	-5.4943240558951
2.7500000000000	-5.4968414284158
2.7520000000000	-5.4993200659048
2.7540000000000	-5.5017602756762
2.7560000000000	-5.5041623668842
2.7580000000000	-5.5065266504529
2.7600000000000	-5.5088534390084
2.7620000000000	-5.5111430468100
2.7640000000000	-5.5133957896832
2.7660000000000	-5.5156119849532
2.7680000000000	-5.5177919513788
2.7700000000000	-5.5199360090872
2.7720000000000	-5.5220444795103
2.7740000000000	-5.5241176853201
2.7760000000000	-5.5261559503668
2.7780000000000	-5.5281595996162
2.7800000000000	-5.5301289590886
2.7820000000000	-5.5320643557980
2.7840000000000	-5.5339661176928
2.7860000000000	-5.5358345735965
2.7880000000000	-5.5376700531494
2.7900000000000	-5.5394728867516
2.7920000000000	-5.5412434055058
2.7940000000000	-5.5429819411618
2.7960000000000	-5.5446888260612
2.7980000000000	-5.5463643930834
2.8000000000000	-5.5480089755915
2.8020000000000	-5.5496229073801
2.8040000000000	-5.5512065226230
2.8060000000000	-5.5527601558220
2.8080000000000	-5.5542841417565
2.8100000000000	-5.5557788154339
2.8120000000000	-5.5572445120405
2.8140000000000	-5.5586815668937
2.8160000000000	-5.5600903153943
2.8180000000000	-5.5614710929801
2.8200000000000	-5.5628242350797
2.8220000000000	-5.5641500770680
2.8240000000000	-5.5654489542214
2.8260000000000	-5.5667212016744
2.8280000000000	-5.5679671543765
2.8300000000000	-5.5691871470505
2.8320000000000	-5.5703815141508
2.8340000000000	-5.5715505898228
2.8360000000000	-5.5726947078633
2.8380000000000	-5.5738142016808
2.8400000000000	-5.5749094042574
2.8420000000000	-5.5759806481111
2.8440000000000	-5.5770282652583
2.8460000000000	-5.5780525871780
2.8480000000000	-5.5790539447758
2.8500000000000	-5.5800326683490
2.8520000000000	-5.5809890875525
2.8540000000000	-5.5819235313649
2.8560000000000	-5.5828363280560
2.8580000000000	-5.5837278051542
2.8600000000000	-5.5845982894150
2.8620000000000	-5.5854481067903
2.8640000000000	-5.5862775823977
2.8660000000000	-5.5870870404913
2.8680000000000	-5.5878768044324
2.8700000000000	-5.5886471966614
2.8720000000000	-5.5893985386698
2.8740000000000	-5.5901311509734
2.8760000000000	-5.5908453530852
2.8780000000000	-5.5915414634904
2.8800000000000	-5.5922197996203
2.8820000000000	-5.5928806778279
2.8840000000000	-5.5935244133638
2.8860000000000	-5.5941513203527
2.8880000000000	-5.5947617117703
2.8900000000000	-5.5953558994209
2.8920000000000	-5.5959341939155
2.8940000000000	-5.5964969046509
2.8960000000000	-5.5970443397882
2.8980000000000	-5.5975768062333
2.9000000000000	-5.5980946096169
2.9020000000000	-5.5985980542751
2.9040000000000	-5.5990874432313
2.9060000000000	-5.5995630781776
2.9080000000000	-5.6000252594574
2.9100000000000	-5.6004742860481
2.9120000000000	-5.6009104555445
2.9140000000000	-5.6013340641428
2.9160000000000	-5.6017454066246
2.9180000000000	-5.6021447763419
2.9200000000000	-5.6025324652023
2.9220000000000	-5.6029087636547
2.9240000000000	-5.6032739606752
2.9260000000000	-5.6036283437541
2.9280000000000	-5.6039721988825
2.9300000000000	-5.6043058105400
2.9320000000000	-5.6046294616826
2.9340000000000	-5.6049434337307
2.9360000000000	-5.6052480065581
2.9380000000000	-5.6055434584808
2.9400000000000	-5.6058300662469
2.9420000000000	-5.6061081050258
2.9440000000000	-5.6063778483992
2.9460000000000	-5.6066395683513
2.9480000000000	-5.6068935352600
2.9500000000000	-5.6071400178879
2.9520000000000	-5.6073792833745
2.9540000000000	-5.6076115972281
2.9560000000000	-5.6078372233181
2.9580000000000	-5.6080564238679
2.9600000000000	-5.6082694594480
2.9620000000000	-5.6084765889694
2.9640000000000	-5.6086780696771
2.9660000000000	-5.6088741571448
2.9680000000000	-5.6090651052686
2.9700000000000	-5.6092511662620
2.9720000000000	-5.6094325906509
2.9740000000000	-5.6096096272687
2.9760000000000	-5.6097825232521
2.9780000000000	-5.6099515240368
2.9800000000000	-5.6101168733535
2.9820000000000	-5.6102788132248
2.9840000000000	-5.6104375839610
2.9860000000000	-5.6105934241581
2.9880000000000	-5.6107465706939
2.9900000000000	-5.6108972587263
2.9920000000000	-5.6110457216906
2.9940000000000	-5.6111921912974
2.9960000000000	-5.6113368975308
2.9980000000000	-5.6114800686469
3.0000000000000	-5.6116219311723
3.0020000000000	-5.6117627099032
3.0040000000000	-5.6119026279041
3.0060000000000	-5.6120419065073
3.0080000000000	-5.6121807653122
3.0100000000000	-5.6123194221856
3.0120000000000	-5.6124580932606
3.0140000000000	-5.6125969929377
3.0160000000000	-5.6127363338843
3.0180000000000	-5.6128763270358
3.0200000000000	-5.6130171815959
3.0220000000000	-5.6131591050374
3.0240000000000	-5.6133023031034
3.0260000000000	-5.6134469798086
3.0280000000000	-5.6135933374404
3.0300000000000	-5.6137415765606
3.0320000000000	-5.6138918960068
3.0340000000000	-5.6140444928948
3.0360000000000	-5.6141995626202
3.0380000000000	-5.6143572988604
3.0400000000000	-5.6145178935775
3.0420000000000	-5.6146815370201
3.0440000000000	-5.6148484177264
3.0460000000000	-5.6150187225265
3.0480000000000	-5.6151926365457
3.0500000000000	-5.6153703432070
3.0520000000000	-5.6155520242346
3.0540000000000	-5.6157378596570
3.0560000000000	-5.6159280278104
3.0580000000000	-5.6161227053421
3.0600000000000	-5.6163220672143
3.0620000000000	-5.6165262867074
3.0640000000000	-5.6167355354245
3.0660000000000	-5.6169499832945
3.0680000000000	-5.6171697985770
3.0700000000000	-5.6173951478656
3.0720000000000	-5.6176261960928
3.0740000000000	-5.6178631065341
3.0760000000000	-5.6181060408123
3.0780000000000	-5.6183551589022
3.0800000000000	-5.6186106191351
3.0820000000000	-5.6188725782036
3.0840000000000	-5.6191411911664
3.0860000000000	-5.6194166114528
3.0880000000000	-5.6196989908684
3.0900000000000	-5.6199884795994
3.0920000000000	-5.6202852262180
3.0940000000000	-5.6205893776876
3.0960000000000	-5.6209010793681
3.0980000000000	-5.6212204750210
3.1000000000000	-5.6215477068150
3.1020000000000	-5.6218829153314
3.1040000000000	-5.6222262395694
3.1060000000000	-5.6225778169522
3.1080000000000	-5.6229377833321
3.1100000000000	-5.6233062729964
3.1120000000000	-5.6236834186733
3.1140000000000	-5.6240693515376
3.1160000000000	-5.6244642012165
3.1180000000000	-5.6248680957954
3.1200000000000	-5.6252811618245
3.1220000000000	-5.6257035243240
3.1240000000000	-5.6261353067906
3.1260000000000	-5.6265766312036
3.1280000000000	-5.6270276180311
3.1300000000000	-5.6274883862360
3.1320000000000	-5.6279590532823
3.1340000000000	-5.6284397351415
3.1360000000000	-5.6289305462989
3.1380000000000	-5.6294315997599
3.1400000000000	-5.6299430070562
3.1420000000000	-5.6304648782528
3.1440000000000	-5.6309973219538
3.1460000000000	-5.6315404453093
3.1480000000000	-5.6320943540218
3.1500000000000	-5.6326591523529
3.1520000000000	-5.6332349431296
3.1540000000000	-5.6338218277512
3.1560000000000	-5.6344199061958
3.1580000000000	-5.6350292770269
3.1600000000000	-5.6356500374004
3.1620000000000	-5.6362822830708
3.1640000000000	-5.6369261083985
3.1660000000000	-5.6375816063562
3.1680000000000	-5.6382488685358
3.1700000000000	-5.6389279851552
3.1720000000000	-5.6396190450651
3.1740000000000	-5.6403221357558
3.1760000000000	-5.6410373433642
3.1780000000000	-5.6417647526805
3.1800000000000	-5.6425044471553
3.1820000000000	-5.6432565089061
3.1840000000000	-5.6440210187248
3.1860000000000	-5.6447980560841
3.1880000000000	-5.6455876991449
3.1900000000000	-5.6463900247627
3.1920000000000	-5.6472051084952
3.1940000000000	-5.6480330246087
3.1960000000000	-5.6488738460857
3.1980000000000	-5.6497276446311
3.2000000000000	-5.6505944906801
#
#"Frequency / GHz"	"S2,2 [Magnitude / dB]"
#-----------------------------------------
1.2000000000000	-2.7923763939709
1.2020000000000	-2.7968887034954
1.2040000000000	-2.8014609065336
1.2060000000000	-2.8060933704086
1.2080000000000	-2.8107864648064
1.2100000000000	-2.8155405617980
1.2120000000000	-2.8203560358609
1.2140000000000	-2.8252332639018
1.2160000000000	-2.8301726252785
1.2180000000000	-2.8351745018228
1.2200000000000	-2.8402392778635
1.2220000000000	-2.8453673402497
1.2240000000000	-2.8505590783741
1.2260000000000	-2.8558148841970
1.2280000000000	-2.8611351522699
1.2300000000000	-2.8665202797605
1.2320000000000	-2.8719706664765
1.2340000000000	-2.8774867148910
1.2360000000000	-2.8830688301675
1.2380000000000	-2.8887174201852
1.2400000000000	-2.8944328955648
1.2420000000000	-2.9002156696945
1.2440000000000	-2.9060661587560
1.2460000000000	-2.9119847817516
1.2480000000000	-2.9179719605305
1.2500000000000	-2.9240281198160
1.2520000000000	-2.9301536872331
1.2540000000000	-2.9363490933362
1.2560000000000	-2.9426147716370
1.2580000000000	-2.9489511586326
1.2600000000000	-2.9553586938344
1.2620000000000	-2.9618378197967
1.2640000000000	-2.9683889821461
1.2660000000000	-2.9750126296108
1.2680000000000	-2.9817092140503
1.2700000000000	-2.9884791904856
1.2720000000000	-2.9953230171292
1.2740000000000	-3.0022411554162
1.2760000000000	-3.0092340700349
1.2780000000000	-3.0163022289582
1.2800000000000	-3.0234461034748
1.2820000000000	-3.0306661682214
1.2840000000000	-3.0379629012145
1.2860000000000	-3.0453367838830
1.2880000000000	-3.0527883011005
1.2900000000000	-3.0603179412187
1.2920000000000	-3.0679261961006
1.2940000000000	-3.0756135611536
1.2960000000000	-3.0833805353639
1.2980000000000	-3.0912276213302
1.3000000000000	-3.0991553252981
1.3020000000000	-3.1071641571950
1.3040000000000	-3.1152546306649
1.3060000000000	-3.1234272631036
1.3080000000000	-3.1316825756941
1.3100000000000	-3.1400210934425
1.3120000000000	-3.1484433452139
1.3140000000000	-3.1569498637688
1.3160000000000	-3.1655411857993
1.3180000000000	-3.1742178519661
1.3200000000000	-3.1829804069357
1.3220000000000	-3.1918293994173
1.3240000000000	-3.2007653822005
1.3260000000000	-3.2097889121929
1.3280000000000	-3.2189005504581
1.3300000000000	-3.2281008622540
1.3320000000000	-3.2373904170711
1.3340000000000	-3.2467697886707
1.3360000000000	-3.2562395551246
1.3380000000000	-3.2658002988532
1.3400000000000	-3.2754526066650
1.3420000000000	-3.2851970697960
1.3440000000000	-3.2950342839492
1.3460000000000	-3.3049648493342
1.3480000000000	-3.3149893707071
1.3500000000000	-3.3251084574103
1.3520000000000	-3.3353227234129
1.3540000000000	-3.3456327873506
1.3560000000000	-3.3560392725661
1.3580000000000	-3.3665428071500
1.3600000000000	-3.3771440239804
1.3620000000000	-3.3878435607643
1.3640000000000	-3.3986420600779
1.3660000000000	-3.4095401694073
1.3680000000000	-3.4205385411896
1.3700000000000	-3.4316378328529
1.3720000000000	-3.4428387068579
1.3740000000000	-3.4541418307381
1.3760000000000	-3.4655478771410
1.3780000000000	-3.4770575238682
1.3800000000000	-3.4886714539167
1.3820000000000	-3.5003903555190
1.3840000000000	-3.5122149221837
1.3860000000000	-3.5241458527361
1.3880000000000	-3.5361838513581
1.3900000000000	-3.5483296276286
1.3920000000000	-3.5605838965631
1.3940000000000	-3.5729473786537
1.3960000000000	-3.5854207999087
1.3980000000000	-3.5980048918914
1.4000000000000	-3.6107003917599
1.4020000000000	-3.6235080423051
1.4040000000000	-3.6364285919896
1.4060000000000	-3.6494627949857
1.4080000000000	-3.6626114112134
1.4100000000000	-3.6758752063771
1.4120000000000	-3.6892549520036
1.4140000000000	-3.7027514254778
1.4160000000000	-3.7163654100791
1.4180000000000	-3.7300976950172
1.4200000000000	-3.7439490754667
1.4220000000000	-3.7579203526021
1.4240000000000	-3.7720123336314
1.4260000000000	-3.7862258318295
1.4280000000000	-3.8005616665710
1.4300000000000	-3.8150206633619
1.4320000000000	-3.8296036538713
1.4340000000000	-3.8443114759615
1.4360000000000	-3.8591449737178
1.4380000000000	-3.8741049974775
1.4400000000000	-3.8891924038581
1.4420000000000	-3.9044080557839
1.4440000000000	-3.9197528225127
1.4460000000000	-3.9352275796607
1.4480000000000	-3.9508332092271
1.4500000000000	-3.9665705996164
1.4520000000000	-3.9824406456614
1.4540000000000	-3.9984442486434
1.4560000000000	-4.0145823163119
1.4580000000000	-4.0308557629035
1.4600000000000	-4.0472655091586
1.4620000000000	-4.0638124823373
1.4640000000000	-4.0804976162340
1.4660000000000	-4.0973218511903
1.4680000000000	-4.1142861341065
1.4700000000000	-4.1313914184520
1.4720000000000	-4.1486386642732
1.4740000000000	-4.1660288382007
1.4760000000000	-4.1835629134545
1.4780000000000	-4.2012418698473
1.4800000000000	-4.2190666937861
1.4820000000000	-4.2370383782725
1.4840000000000	-4.2551579229001
1.4860000000000	-4.2734263338511
1.4880000000000	-4.2918446238899
1.4900000000000	-4.3104138123553
1.4920000000000	-4.3291349251507
1.4940000000000	-4.3480089947315
1.4960000000000	-4.3670370600909
1.4980000000000	-4.3862201667433
1.5000000000000	-4.4055593667051
1.5020000000000	-4.4250557184735
1.5040000000000	-4.4447102870028
1.5060000000000	-4.4645241436781
1.5080000000000	-4.4844983662866
1.5100000000000	-4.5046340389861
1.5120000000000	-4.5249322522710
1.5140000000000	-4.5453941029361
1.5160000000000	-4.5660206940365
1.5180000000000	-4.5868131348458
1.5200000000000	-4.6077725408109
1.5220000000000	-4.6289000335040
1.5240000000000	-4.6501967405719
1.5260000000000	-4.6716637956816
1.5280000000000	-4.6933023384637
1.5300000000000	-4.7151135144523
1.5320000000000	-4.7370984750215
1.5340000000000	-4.7592583773191
1.5360000000000	-4.7815943841970
1.5380000000000	-4.8041076641382
1.5400000000000	-4.8267993911806
1.5420000000000	-4.8496707448370
1.5440000000000	-4.8727229100127
1.5460000000000	-4.8959570769186
1.5480000000000	-4.9193744409812
1.5500000000000	-4.9429762027496
1.5520000000000	-4.9667635677981
1.5540000000000	-4.9907377466263
1.5560000000000	-5.0148999545542
1.5580000000000	-5.0392514116154
1.5600000000000	-5.0637933424455
1.5620000000000	-5.0885269761672
1.5640000000000	-5.1134535462719
1.5660000000000	-5.1385742904976
1.5680000000000	-5.1638904507032
1.5700000000000	-5.1894032727391
1.5720000000000	-5.2151140063143
1.5740000000000	-5.2410239048598
1.5760000000000	-5.2671342253883
1.5780000000000	-5.2934462283510
1.5800000000000	-5.3199611774895
1.5820000000000	-5.3466803396861
1.5840000000000	-5.3736049848086
1.5860000000000	-5.4007363855534
1.5880000000000	-5.4280758172841
1.5900000000000	-5.4556245578674
1.5920000000000	-5.4833838875055
1.5940000000000	-5.5113550885655
1.5960000000000	-5.5395394454052
1.5980000000000	-5.5679382441971
1.6000000000000	-5.5965527727476
1.6020000000000	-5.6253843203155
1.6040000000000	-5.6544341774260
1.6060000000000	-5.6837036356833
1.6080000000000	-5.7131939875802
1.6100000000000	-5.7429065263054
1.6120000000000	-5.7728425455487
1.6140000000000	-5.8030033393045
1.6160000000000	-5.8333902016725
1.6180000000000	-5.8640044266581
1.6200000000000	-5.8948473079696
1.6220000000000	-5.9259201388160
1.6240000000000	-5.9572242117017
1.6260000000000	-5.9887608182219
1.6280000000000	-6.0205312488566
1.6300000000000	-6.0525367927641
1.6320000000000	-6.0847787375746
1.6340000000000	-6.1172583691836
1.6360000000000	-6.1499769715459
1.6380000000000	-6.1829358264701
1.6400000000000	-6.2161362134137
1.6420000000000	-6.2495794092802
1.6440000000000	-6.2832666882169
1.6460000000000	-6.3171993214149
1.6480000000000	-6.3513785769117
1.6500000000000	-6.3858057193954
1.6520000000000	-6.4204820100129
1.6540000000000	-6.4554087061810
1.6560000000000	-6.4905870614005
1.6580000000000	-6.5260183250759
1.6600000000000	-6.5617037423382
1.6620000000000	-6.5976445538735
1.6640000000000	-6.6338419957569
1.6660000000000	-6.6702972992919
1.6680000000000	-6.7070116908564
1.6700000000000	-6.7439863917560
1.6720000000000	-6.7812226180835
1.6740000000000	-6.8187215805874
1.6760000000000	-6.8564844845477
1.6780000000000	-6.8945125296618
1.6800000000000	-6.9328069099386
1.6820000000000	-6.9713688136034
1.6840000000000	-7.0101994230131
1.6860000000000	-7.0492999145824
1.6880000000000	-7.0886714587219
1.6900000000000	-7.1283152197887
1.6920000000000	-7.1682323560494
1.6940000000000	-7.2084240196574
1.6960000000000	-7.2488913566435
1.6980000000000	-7.2896355069221
1.7000000000000	-7.3306576043128
1.7020000000000	-7.3719587765775
1.7040000000000	-7.4135401454748
1.7060000000000	-7.4554028268322
1.7080000000000	-7.4975479306355
1.7100000000000	-7.5399765611381
1.7120000000000	-7.5826898169887
1.7140000000000	-7.6256887913803
1.7160000000000	-7.6689745722196
1.7180000000000	-7.7125482423176
1.7200000000000	-7.7564108796032
1.7220000000000	-7.8005635573596
1.7240000000000	-7.8450073444843
1.7260000000000	-7.8897433057734
1.7280000000000	-7.9347725022313
1.7300000000000	-7.9800959914064
1.7320000000000	-8.0257148277527
1.7340000000000	-8.0716300630188
1.7360000000000	-8.1178427466657
1.7380000000000	-8.1643539263119
1.7400000000000	-8.2111646482085
1.7420000000000	-8.2582759577441
1.7440000000000	-8.3056888999808
1.7460000000000	-8.3534045202204
1.7480000000000	-8.4014238646035
1.7500000000000	-8.4497479807408
1.7520000000000	-8.4983779183779
1.7540000000000	-8.5473147300932
1.7560000000000	-8.5965594720307
1.7580000000000	-8.6461132046682
1.7600000000000	-8.6959769936201
1.7620000000000	-8.7461519104769
1.7640000000000	-8.7966390336816
1.7660000000000	-8.8474394494425
1.7680000000000	-8.8985542526843
1.7700000000000	-8.9499845480370
1.7720000000000	-9.0017314508638
1.7740000000000	-9.0537960883275
1.7760000000000	-9.1061796004968
1.7780000000000	-9.1588831414920
1.7800000000000	-9.2119078806715
1.7820000000000	-9.2652550038586
1.7840000000000	-9.3189257146086
1.7860000000000	-9.3729212355182
1.7880000000000	-9.4272428095751
1.7900000000000	-9.4818917015505
1.7920000000000	-9.5368691994323
1.7940000000000	-9.5921766159012
1.7960000000000	-9.6478152898489
1.7980000000000	-9.7037865879381
1.8000000000000	-9.7600919062055
1.8020000000000	-9.8167326717074
1.8040000000000	-9.8737103442070
1.8060000000000	-9.9310264179056
1.8080000000000	-9.9886824232149
1.8100000000000	-10.046679928573
1.8120000000000	-10.105020542301
1.8140000000000	-10.163705914506
1.8160000000000	-10.222737739020
1.8180000000000	-10.282117755386
1.8200000000000	-10.341847750883
1.8220000000000	-10.401929562595
1.8240000000000	-10.462365079517
1.8260000000000	-10.523156244709
1.8280000000000	-10.584305057479
1.8300000000000	-10.645813575622
1.8320000000000	-10.707683917683
1.8340000000000	-10.769918265271
1.8360000000000	-10.832518865404
1.8380000000000	-10.895488032898
1.8400000000000	-10.958828152791
1.8420000000000	-11.022541682804
1.8440000000000	-11.086631155841
1.8460000000000	-11.151099182520
1.8480000000000	-11.215948453747
1.8500000000000	-11.281181743315
1.8520000000000	-11.346801910546
1.8540000000000	-11.412811902957
1.8560000000000	-11.479214758968
1.8580000000000	-11.546013610628
1.8600000000000	-11.613211686385
1.8620000000000	-11.680812313874
1.8640000000000	-11.748818922735
1.8660000000000	-11.817235047467
1.8680000000000	-11.886064330289
1.8700000000000	-11.955310524042
1.8720000000000	-12.024977495105
1.8740000000000	-12.095069226331
1.8760000000000	-12.165589820004
1.8780000000000	-12.236543500815
1.8800000000000	-12.307934618849
1.8820000000000	-12.379767652586
1.8840000000000	-12.452047211916
1.8860000000000	-12.524778041157
1.8880000000000	-12.597965022079
1.8900000000000	-12.671613176937
1.8920000000000	-12.745727671494
1.8940000000000	-12.820313818043
1.8960000000000	-12.895377078424
1.8980000000000	-12.970923067026
1.9000000000000	-13.046957553767
1.9020000000000	-13.123486467063
1.9040000000000	-13.200515896760
1.9060000000000	-13.278052097038
1.9080000000000	-13.356101489273
1.9100000000000	-13.434670664850
1.9120000000000	-13.513766387927
1.9140000000000	-13.593395598132
1.9160000000000	-13.673565413182
1.9180000000000	-13.754283131432
1.9200000000000	-13.835556234315
1.9220000000000	-13.917392388683
1.9240000000000	-13.999799449027
1.9260000000000	-14.082785459559
1.9280000000000	-14.166358656140
1.9300000000000	-14.250527468043
1.9320000000000	-14.335300519518
1.9340000000000	-14.420686631149
1.9360000000000	-14.506694820975
1.9380000000000	-14.593334305343
1.9400000000000	-14.680614499472
1.9420000000000	-14.768545017687
1.9440000000000	-14.857135673300
1.9460000000000	-14.946396478086
1.9480000000000	-15.036337641316
1.9500000000000	-15.126969568308
1.9520000000000	-15.218302858425
1.9540000000000	-15.310348302488
1.9560000000000	-15.403116879519
1.9580000000000	-15.496619752760
1.9600000000000	-15.590868264881
1.9620000000000	-15.685873932310
1.9640000000000	-15.781648438569
1.9660000000000	-15.878203626544
1.9680000000000	-15.975551489555
1.9700000000000	-16.073704161116
1.9720000000000	-16.172673903246
1.9740000000000	-16.272473093196
1.9760000000000	-16.373114208412
1.9780000000000	-16.474609809567
1.9800000000000	-16.576972521473
1.9820000000000	-16.680215011646
1.9840000000000	-16.784349966295
1.9860000000000	-16.889390063481
1.9880000000000	-16.995347943149
1.9900000000000	-17.102236173740
1.9920000000000	-17.210067215027
1.9940000000000	-17.318853376799
1.9960000000000	-17.428606772999
1.9980000000000	-17.539339270843
2.0000000000000	-17.651062434446
2.0020000000000	-17.763787462400
2.0040000000000	-17.877525118722
2.0060000000000	-17.992285656524
2.0080000000000	-18.108078733699
2.0100000000000	-18.224913319853
2.0120000000000	-18.342797593650
2.0140000000000	-18.461738829647
2.0160000000000	-18.581743273648
2.0180000000000	-18.702816005481
2.0200000000000	-18.824960788053
2.0220000000000	-18.948179901429
2.0240000000000	-19.072473960575
2.0260000000000	-19.197841715333
2.0280000000000	-19.324279831069
2.0300000000000	-19.451782648361
2.0320000000000	-19.580341919982
2.0340000000000	-19.709946523338
2.0360000000000	-19.840582146469
2.0380000000000	-19.972230945610
2.0400000000000	-20.104871172309
2.0420000000000	-20.238476768034
2.0440000000000	-20.373016924256
2.0460000000000	-20.508455606034
2.0480000000000	-20.644751037257
2.0500000000000	-20.781855145892
2.0520000000000	-20.919712967888
2.0540000000000	-21.058262008764
2.0560000000000	-21.197431562480
2.0580000000000	-21.337141987865
2.0600000000000	-21.477303943777
2.0620000000000	-21.617817585318
2.0640000000000	-21.758571724775
2.0660000000000	-21.899442962656
2.0680000000000	-22.040294796206
2.0700000000000	-22.180976715158
2.0720000000000	-22.321323297221
2.0740000000000	-22.461153319020
2.0760000000000	-22.600268901705
2.0780000000000	-22.738454714469
2.0800000000000	-22.875477263419
2.0820000000000	-23.011084297787
2.0840000000000	-23.145004370025
2.0860000000000	-23.276946590798
2.0880000000000	-23.406600623956
2.0900000000000	-23.533636969895
2.0920000000000	-23.657707587894
2.0940000000000	-23.778446908589
2.0960000000000	-23.895473286052
2.0980000000000	-24.008390934691
2.1000000000000	-24.116792388482
2.1020000000000	-24.220261508845
2.1040000000000	-24.318377052106
2.1060000000000	-24.410716788258
2.1080000000000	-24.496862139577
2.1100000000000	-24.576403281562
2.1120000000000	-24.648944620496
2.1140000000000	-24.714110533416
2.1160000000000	-24.771551229301
2.1180000000000	-24.820948567099
2.1200000000000	-24.862021649176
2.1220000000000	-24.894531999982
2.1240000000000	-24.918288140991
2.1260000000000	-24.933149385343
2.1280000000000	-24.939028699095
2.1300000000000	-24.935894509903
2.1320000000000	-24.923771386093
2.1340000000000	-24.902739556891
2.1360000000000	-24.872933294461
2.1380000000000	-24.834538226803
2.1400000000000	-24.787787693935
2.1420000000000	-24.732958295257
2.1440000000000	-24.670364801414
2.1460000000000	-24.600354618246
2.1480000000000	-24.523301993584
2.1500000000000	-24.439602150473
2.1520000000000	-24.349665514659
2.1540000000000	-24.253912181875
2.1560000000000	-24.152766744000
2.1580000000000	-24.046653564732
2.1600000000000	-23.935992567104
2.1620000000000	-23.821195568590
2.1640000000000	-23.702663175867
2.1660000000000	-23.580782231301
2.1680000000000	-23.455923787263
2.1700000000000	-23.328441572386
2.1720000000000	-23.198670905659
2.1740000000000	-23.066928009413
2.1760000000000	-22.933509670150
2.1780000000000	-22.798693196410
2.1800000000000	-22.662736624788
2.1820000000000	-22.525879128374
2.1840000000000	-22.388341585877
2.1860000000000	-22.250327274077
2.1880000000000	-22.112022650857
2.1900000000000	-21.973598200564
2.1920000000000	-21.835209317790
2.1940000000000	-21.696997209648
2.1960000000000	-21.559089800282
2.1980000000000	-21.421602624557
2.2000000000000	-21.284639700742
2.2020000000000	-21.148294374411
2.2040000000000	-21.012650127874
2.2060000000000	-20.877781351190
2.2080000000000	-20.743754072220
2.2100000000000	-20.610626644390
2.2120000000000	-20.478450391707
2.2140000000000	-20.347270211367
2.2160000000000	-20.217125134806
2.2180000000000	-20.088048848517
2.2200000000000	-19.960070176209
2.2220000000000	-19.833213524151
2.2240000000000	-19.707499291644
2.2260000000000	-19.582944248636
2.2280000000000	-19.459561882543
2.2300000000000	-19.337362716285
2.2320000000000	-19.216354599558
2.2340000000000	-19.096542975235
2.2360000000000	-18.977931122764
2.2380000000000	-18.860520380316
2.2400000000000	-18.744310347338
2.2420000000000	-18.629299069082
2.2440000000000	-18.515483204572
2.2460000000000	-18.402858179378
2.2480000000000	-18.291418324453
2.2500000000000	-18.181157002237
2.2520000000000	-18.072066721088
2.2540000000000	-17.964139239068
2.2560000000000	-17.857365657990
2.2580000000000	-17.751736508598
2.2600000000000	-17.647241827639
2.2620000000000	-17.543871227567
2.2640000000000	-17.441613959514
2.2660000000000	-17.340458970139
2.2680000000000	-17.240394952913
2.2700000000000	-17.141410394323
2.2720000000000	-17.043493615467
2.2740000000000	-16.946632809457
2.2760000000000	-16.850816075004
2.2780000000000	-16.756031446547
2.2800000000000	-16.662266921224
2.2820000000000	-16.569510482992
2.2840000000000	-16.477750124153
2.2860000000000	-16.386973864518
2.2880000000000	-16.297169768440
2.2900000000000	-16.208325959907
2.2920000000000	-16.120430635877
2.2940000000000	-16.033472078026
2.2960000000000	-15.947438663041
2.2980000000000	-15.862318871624
2.3000000000000	-15.778101296299
2.3020000000000	-15.694774648158
2.3040000000000	-15.612327762638
2.3060000000000	-15.530749604427
2.3080000000000	-15.450029271578
2.3100000000000	-15.370155998919
2.3120000000000	-15.291119160812
2.3140000000000	-15.212908273348
2.3160000000000	-15.135512996016
2.3180000000000	-15.058923132904
2.3200000000000	-14.983128633494
2.3220000000000	-14.908119593067
2.3240000000000	-14.833886252790
2.3260000000000	-14.760418999493
2.3280000000000	-14.687708365184
2.3300000000000	-14.615745026333
2.3320000000000	-14.544519802941
2.3340000000000	-14.474023657427
2.3360000000000	-14.404247693354
2.3380000000000	-14.335183154011
2.3400000000000	-14.266821420875
2.3420000000000	-14.199154011960
2.3440000000000	-14.132172580081
2.3460000000000	-14.065868911036
2.3480000000000	-14.000234921719
2.3500000000000	-13.935262658181
2.3520000000000	-13.870944293650
2.3540000000000	-13.807272126503
2.3560000000000	-13.744238578224
2.3580000000000	-13.681836191330
2.3600000000000	-13.620057627291
2.3620000000000	-13.558895664434
2.3640000000000	-13.498343195852
2.3660000000000	-13.438393227310
2.3680000000000	-13.379038875157
2.3700000000000	-13.320273364250
2.3720000000000	-13.262090025888
2.3740000000000	-13.204482295768
2.3760000000000	-13.147443711952
2.3780000000000	-13.090967912858
2.3800000000000	-13.035048635279
2.3820000000000	-12.979679712418
2.3840000000000	-12.924855071955
2.3860000000000	-12.870568734140
2.3880000000000	-12.816814809915
2.3900000000000	-12.763587499063
2.3920000000000	-12.710881088393
2.3940000000000	-12.658689949948
2.3960000000000	-12.607008539252
2.3980000000000	-12.555831393584
2.4000000000000	-12.505153130284
2.4020000000000	-12.454968445096
2.4040000000000	-12.405272110538
2.4060000000000	-12.356058974303
2.4080000000000	-12.307323957703
2.4100000000000	-12.259062054130
2.4120000000000	-12.211268327559
2.4140000000000	-12.163937911083
2.4160000000000	-12.117066005472
2.4180000000000	-12.070647877772
2.4200000000000	-12.024678859925
2.4220000000000	-11.979154347432
2.4240000000000	-11.934069798032
2.4260000000000	-11.889420730423
2.4280000000000	-11.845202723004
2.4300000000000	-11.801411412649
2.4320000000000	-11.758042493509
2.4340000000000	-11.715091715841
2.4360000000000	-11.672554884865
2.4380000000000	-11.630427859650
2.4400000000000	-11.588706552020
2.4420000000000	-11.547386925493
2.4440000000000	-11.506464994241
2.4460000000000	-11.465936822077
2.4480000000000	-11.425798521463
2.4500000000000	-11.386046252546
2.4520000000000	-11.346676222217
2.4540000000000	-11.307684683187
2.4560000000000	-11.269067933094
2.4580000000000	-11.230822313626
2.4600000000000	-11.192944209665
2.4620000000000	-11.155430048456
2.4640000000000	-11.118276298792
2.4660000000000	-11.081479470225
2.4680000000000	-11.045036112287
2.4700000000000	-11.008942813740
2.4720000000000	-10.973196201839
2.4740000000000	-10.937792941612
2.4760000000000	-10.902729735163
2.4780000000000	-10.868003320987
2.4800000000000	-10.833610473306
2.4820000000000	-10.799548001415
2.4840000000000	-10.765812749057
2.4860000000000	-10.732401593795
2.4880000000000	-10.699311446417
2.4900000000000	-10.666539250345
2.4920000000000	-10.634081981063
2.4940000000000	-10.601936645554
2.4960000000000	-10.570100281762
2.4980000000000	-10.538569958053
2.5000000000000	-10.507342772699
2.5020000000000	-10.476415853374
2.5040000000000	-10.445786356655
2.5060000000000	-10.415451467546
2.5080000000000	-10.385408399004
2.5100000000000	-10.355654391482
2.5120000000000	-10.326186712484
2.5140000000000	-10.297002656124
2.5160000000000	-10.268099542705
2.5180000000000	-10.239474718300
2.5200000000000	-10.211125554348
2.5220000000000	-10.183049447261
2.5240000000000	-10.155243818031
2.5260000000000	-10.127706111862
2.5280000000000	-10.100433797795
2.5300000000000	-10.073424368352
2.5320000000000	-10.046675339186
2.5340000000000	-10.020184248737
2.5360000000000	-9.9939486578998
2.5380000000000	-9.9679661496956
2.5400000000000	-9.9422343289555
2.5420000000000	-9.9167508220082
2.5440000000000	-9.8915132763762
2.5460000000000	-9.8665193604792
2.5480000000000	-9.8417667633439
2.5500000000000	-9.8172531943206
2.5520000000000	-9.7929763828067
2.5540000000000	-9.7689340779757
2.5560000000000	-9.7451240485131
2.5580000000000	-9.7215440823578
2.5600000000000	-9.6981919864495
2.5620000000000	-9.6750655864816
2.5640000000000	-9.6521627266598
2.5660000000000	-9.6294812694660
2.5680000000000	-9.6070190954270
2.5700000000000	-9.5847741028887
2.5720000000000	-9.5627442077951
2.5740000000000	-9.5409273434720
2.5760000000000	-9.5193214604152
2.5780000000000	-9.4979245260834
2.5800000000000	-9.4767345246957
2.5820000000000	-9.4557494570327
2.5840000000000	-9.4349673402421
2.5860000000000	-9.4143862076491
2.5880000000000	-9.3940041085688
2.5900000000000	-9.3738191081245
2.5920000000000	-9.3538292870685
2.5940000000000	-9.3340327416066
2.5960000000000	-9.3144275832264
2.5980000000000	-9.2950119385289
2.6000000000000	-9.2757839490630
2.6020000000000	-9.2567417711644
2.6040000000000	-9.2378835757957
2.6060000000000	-9.2192075483914
2.6080000000000	-9.2007118887051
2.6100000000000	-9.1823948106588
2.6120000000000	-9.1642545421966
2.6140000000000	-9.1462893251397
2.6160000000000	-9.1284974150448
2.6180000000000	-9.1108770810648
2.6200000000000	-9.0934266058120
2.6220000000000	-9.0761442852240
2.6240000000000	-9.0590284284311
2.6260000000000	-9.0420773576275
2.6280000000000	-9.0252894079431
2.6300000000000	-9.0086629273185
2.6320000000000	-8.9921962763818
2.6340000000000	-8.9758878283277
2.6360000000000	-8.9597359687981
2.6380000000000	-8.9437390957647
2.6400000000000	-8.9278956194144
2.6420000000000	-8.9122039620352
2.6440000000000	-8.8966625579049
2.6460000000000	-8.8812698531811
2.6480000000000	-8.8660243057930
2.6500000000000	-8.8509243853347
2.6520000000000	-8.8359685729606
2.6540000000000	-8.8211553612815
2.6560000000000	-8.8064832542633
2.6580000000000	-8.7919507671262
2.6600000000000	-8.7775564262462
2.6620000000000	-8.7632987690572
2.6640000000000	-8.7491763439550
2.6660000000000	-8.7351877102027
2.6680000000000	-8.7213314378372
2.6700000000000	-8.7076061075768
2.6720000000000	-8.6940103107303
2.6740000000000	-8.6805426491075
2.6760000000000	-8.6672017349305
2.6780000000000	-8.6539861907463
2.6800000000000	-8.6408946493406
2.6820000000000	-8.6279257536527
2.6840000000000	-8.6150781566912
2.6860000000000	-8.6023505214514
2.6880000000000	-8.5897415208330
2.6900000000000	-8.5772498375591
2.6920000000000	-8.5648741640965
2.6940000000000	-8.5526132025764
2.6960000000000	-8.5404656647163
2.6980000000000	-8.5284302717433
2.7000000000000	-8.5165057543171
2.7020000000000	-8.5046908524554
2.7040000000000	-8.4929843154587
2.7060000000000	-8.4813849018371
2.7080000000000	-8.4698913792375
2.7100000000000	-8.4585025243712
2.7120000000000	-8.4472171229430
2.7140000000000	-8.4360339695808
2.7160000000000	-8.4249518677657
2.7180000000000	-8.4139696297635
2.7200000000000	-8.4030860765562
2.7220000000000	-8.3923000377745
2.7240000000000	-8.3816103516316
2.7260000000000	-8.3710158648568
2.7280000000000	-8.3605154326302
2.7300000000000	-8.3501079185183
2.7320000000000	-8.3397921944100
2.7340000000000	-8.3295671404532
2.7360000000000	-8.3194316449920
2.7380000000000	-8.3093846045054
2.7400000000000	-8.2994249235452
2.7420000000000	-8.2895515146756
2.7440000000000	-8.2797632984131
2.7460000000000	-8.2700592031669
2.7480000000000	-8.2604381651802
2.7500000000000	-8.2508991284717
2.7520000000000	-8.2414410447778
2.7540000000000	-8.2320628734957
2.7560000000000	-8.2227635816267
2.7580000000000	-8.2135421437203
2.7600000000000	-8.2043975418185
2.7620000000000	-8.1953287654012
2.7640000000000	-8.1863348113318
2.7660000000000	-8.1774146838032
2.7680000000000	-8.1685673942849
2.7700000000000	-8.1597919614699
2.7720000000000	-8.1510874112227
2.7740000000000	-8.1424527765276
2.7760000000000	-8.1338870974378
2.7780000000000	-8.1253894210242
2.7800000000000	-8.1169588013258
2.7820000000000	-8.1085942992999
2.7840000000000	-8.1002949827729
2.7860000000000	-8.0920599263919
2.7880000000000	-8.0838882115765
2.7900000000000	-8.0757789264710
2.7920000000000	-8.0677311658977
2.7940000000000	-8.0597440313099
2.7960000000000	-8.0518166307460
2.7980000000000	-8.0439480787837
2.8000000000000	-8.0361374964948
2.8020000000000	-8.0283840114008
2.8040000000000	-8.0206867574283
2.8060000000000	-8.0130448748656
2.8080000000000	-8.0054575103192
2.8100000000000	-7.9979238166712
2.8120000000000	-7.9904429530369
2.8140000000000	-7.9830140847227
2.8160000000000	-7.9756363831854
2.8180000000000	-7.9683090259906
2.8200000000000	-7.9610311967726
2.8220000000000	-7.9538020851945
2.8240000000000	-7.9466208869082
2.8260000000000	-7.9394868035161
2.8280000000000	-7.9323990425318
2.8300000000000	-7.9253568173424
2.8320000000000	-7.9183593471708
2.8340000000000	-7.9114058570382
2.8360000000000	-7.9044955777277
2.8380000000000	-7.8976277457479
2.8400000000000	-7.8908016032968
2.8420000000000	-7.8840163982268
2.8440000000000	-7.8772713840097
2.8460000000000	-7.8705658197021
2.8480000000000	-7.8638989699112
2.8500000000000	-7.8572701047619
2.8520000000000	-7.8506784998630
2.8540000000000	-7.8441234362750
2.8560000000000	-7.8376042004777
2.8580000000000	-7.8311200843385
2.8600000000000	-7.8246703850811
2.8620000000000	-7.8182544052550
2.8640000000000	-7.8118714527046
2.8660000000000	-7.8055208405394
2.8680000000000	-7.7992018871050
2.8700000000000	-7.7929139159536
2.8720000000000	-7.7866562558156
2.8740000000000	-7.7804282405716
2.8760000000000	-7.7742292092245
2.8780000000000	-7.7680585058728
2.8800000000000	-7.7619154796832
2.8820000000000	-7.7557994848650
2.8840000000000	-7.7497098806437
2.8860000000000	-7.7436460312361
2.8880000000000	-7.7376073058252
2.8900000000000	-7.7315930785357
2.8920000000000	-7.7256027284099
2.8940000000000	-7.7196356393847
2.8960000000000	-7.7136912002680
2.8980000000000	-7.7077688047161
2.9000000000000	-7.7018678512119
2.9020000000000	-7.6959877430429
2.9040000000000	-7.6901278882802
2.9060000000000	-7.6842876997575
2.9080000000000	-7.6784665950509
2.9100000000000	-7.6726639964590
2.9120000000000	-7.6668793309837
2.9140000000000	-7.6611120303109
2.9160000000000	-7.6553615307925
2.9180000000000	-7.6496272734280
2.9200000000000	-7.6439087038472
2.9220000000000	-7.6382052722932
2.9240000000000	-7.6325164336054
2.9260000000000	-7.6268416472037
2.9280000000000	-7.6211803770730
2.9300000000000	-7.6155320917476
2.9320000000000	-7.6098962642964
2.9340000000000	-7.6042723723093
2.9360000000000	-7.5986598978825
2.9380000000000	-7.5930583276061
2.9400000000000	-7.5874671525505
2.9420000000000	-7.5818858682543
2.9440000000000	-7.5763139747124
2.9460000000000	-7.5707509763647
2.9480000000000	-7.5651963820848
2.9500000000000	-7.5596497051696
2.9520000000000	-7.5541104633296
2.9540000000000	-7.5485781786789
2.9560000000000	-7.5430523777264
2.9580000000000	-7.5375325913672
2.9600000000000	-7.5320183548744
2.9620000000000	-7.5265092078913
2.9640000000000	-7.5210046944246
2.9660000000000	-7.5155043628374
2.9680000000000	-7.5100077658432
2.9700000000000	-7.5045144604999
2.9720000000000	-7.4990240082049
2.9740000000000	-7.4935359746900
2.9760000000000	-7.4880499300174
2.9780000000000	-7.4825654485757
2.9800000000000	-7.4770821090763
2.9820000000000	-7.4715994945514
2.9840000000000	-7.4661171923506
2.9860000000000	-7.4606347941399
2.9880000000000	-7.4551518958995
2.9900000000000	-7.4496680979236
2.9920000000000	-7.4441830048194
2.9940000000000	-7.4386962255078
2.9960000000000	-7.4332073732229
2.9980000000000	-7.4277160655143
3.0000000000000	-7.4222219242475
3.0020000000000	-7.4167245756064
3.0040000000000	-7.4112236500959
3.0060000000000	-7.4057187825445
3.0080000000000	-7.4002096121078
3.0100000000000	-7.3946957822727
3.0120000000000	-7.3891769408616
3.0140000000000	-7.3836527400373
3.0160000000000	-7.3781228363084
3.0180000000000	-7.3725868905351
3.0200000000000	-7.3670445679359
3.0220000000000	-7.3614955380938
3.0240000000000	-7.3559394749643
3.0260000000000	-7.3503760568826
3.0280000000000	-7.3448049665726
3.0300000000000	-7.3392258911548
3.0320000000000	-7.3336385221564
3.0340000000000	-7.3280425555203
3.0360000000000	-7.3224376916160
3.0380000000000	-7.3168236352497
3.0400000000000	-7.3112000956760
3.0420000000000	-7.3055667866092
3.0440000000000	-7.2999234262357
3.0460000000000	-7.2942697372263
3.0480000000000	-7.2886054467497
3.0500000000000	-7.2829302864857
3.0520000000000	-7.2772439926396
3.0540000000000	-7.2715463059566
3.0560000000000	-7.2658369717365
3.0580000000000	-7.2601157398497
3.0600000000000	-7.2543823647528
3.0620000000000	-7.2486366055051
3.0640000000000	-7.2428782257856
3.0660000000000	-7.2371069939101
3.0680000000000	-7.2313226828491
3.0700000000000	-7.2255250702464
3.0720000000000	-7.2197139384373
3.0740000000000	-7.2138890744682
3.0760000000000	-7.2080502701161
3.0780000000000	-7.2021973219087
3.0800000000000	-7.1963300311449
3.0820000000000	-7.1904482039161
3.0840000000000	-7.1845516511273
3.0860000000000	-7.1786401885192
3.0880000000000	-7.1727136366903
3.0900000000000	-7.1667718211201
3.0920000000000	-7.1608145721920
3.0940000000000	-7.1548417252170
3.0960000000000	-7.1488531204577
3.0980000000000	-7.1428486031530
3.1000000000000	-7.1368280235428
3.1020000000000	-7.1307912368935
3.1040000000000	-7.1247381035238
3.1060000000000	-7.1186684888304
3.1080000000000	-7.1125822633152
3.1100000000000	-7.1064793026119
3.1120000000000	-7.1003594875132
3.1140000000000	-7.0942227039989
3.1160000000000	-7.0880688432641
3.1180000000000	-7.0818978017470
3.1200000000000	-7.0757094811587
3.1220000000000	-7.0695037885119
3.1240000000000	-7.0632806361505
3.1260000000000	-7.0570399417799
3.1280000000000	-7.0507816284970
3.1300000000000	-7.0445056248211
3.1320000000000	-7.0382118647246
3.1340000000000	-7.0319002876649
3.1360000000000	-7.0255708386152
3.1380000000000	-7.0192234680974
3.1400000000000	-7.0128581322136
3.1420000000000	-7.0064747926793
3.1440000000000	-7.0000734168557
3.1460000000000	-6.9936539777832
3.1480000000000	-6.9872164542150
3.1500000000000	-6.9807608306503
3.1520000000000	-6.9742870973685
3.1540000000000	-6.9677952504635
3.1560000000000	-6.9612852918779
3.1580000000000	-6.9547572294379
3.1600000000000	-6.9482110768880
3.1620000000000	-6.9416468539261
3.1640000000000	-6.9350645862389
3.1660000000000	-6.9284643055372
3.1680000000000	-6.9218460495917
3.1700000000000	-6.9152098622684
3.1720000000000	-6.9085557935651
3.1740000000000	-6.9018838996470
3.1760000000000	-6.8951942428834
3.1780000000000	-6.8884868918832
3.1800000000000	-6.8817619215322
3.1820000000000	-6.8750194130288
3.1840000000000	-6.8682594539212
3.1860000000000	-6.8614821381434
3.1880000000000	-6.8546875660522
3.1900000000000	-6.8478758444640
3.1920000000000	-6.8410470866907
3.1940000000000	-6.8342014125773
3.1960000000000	-6.8273389485377
3.1980000000000	-6.8204598275920
3.2000000000000	-6.8135641894022
#
#"Frequency / GHz"	"S3,2 [Magnitude / dB]"
#-----------------------------------------
1.2000000000000	-8.8542001453828
1.2020000000000	-8.8537569229434
1.2040000000000	-8.8533088272486
1.2060000000000	-8.8528560909032
1.2080000000000	-8.8523989496963
1.2100000000000	-8.8519376426394
1.2120000000000	-8.8514724120056
1.2140000000000	-8.8510035033684
1.2160000000000	-8.8505311656419
1.2180000000000	-8.8500556511206
1.2200000000000	-8.8495772155198
1.2220000000000	-8.8490961180168
1.2240000000000	-8.8486126212924
1.2260000000000	-8.8481269915721
1.2280000000000	-8.8476394986690
1.2300000000000	-8.8471504160260
1.2320000000000	-8.8466600207592
1.2340000000000	-8.8461685937012
1.2360000000000	-8.8456764194452
1.2380000000000	-8.8451837863891
1.2400000000000	-8.8446909867811
1.2420000000000	-8.8441983167641
1.2440000000000	-8.8437060764220
1.2460000000000	-8.8432145698255
1.2480000000000	-8.8427241050792
1.2500000000000	-8.8422349943682
1.2520000000000	-8.8417475540060
1.2540000000000	-8.8412621044821
1.2560000000000	-8.8407789705106
1.2580000000000	-8.8402984810793
1.2600000000000	-8.8398209694986
1.2620000000000	-8.8393467734516
1.2640000000000	-8.8388762350440
1.2660000000000	-8.8384097008554
1.2680000000000	-8.8379475219896
1.2700000000000	-8.8374900541269
1.2720000000000	-8.8370376575756
1.2740000000000	-8.8365906973251
1.2760000000000	-8.8361495430982
1.2780000000000	-8.8357145694049
1.2800000000000	-8.8352861555962
1.2820000000000	-8.8348646859184
1.2840000000000	-8.8344505495677
1.2860000000000	-8.8340441407455
1.2880000000000	-8.8336458587141
1.2900000000000	-8.8332561078527
1.2920000000000	-8.8328752977142
1.2940000000000	-8.8325038430816
1.2960000000000	-8.8321421640260
1.2980000000000	-8.8317906859643
1.3000000000000	-8.8314498397171
1.3020000000000	-8.8311200615681
1.3040000000000	-8.8308017933227
1.3060000000000	-8.8304954823678
1.3080000000000	-8.8302015817317
1.3100000000000	-8.8299205501446
1.3120000000000	-8.8296528520994
1.3140000000000	-8.8293989579132
1.3160000000000	-8.8291593437883
1.3180000000000	-8.8289344918749
1.3200000000000	-8.8287248903332
1.3220000000000	-8.8285310333965
1.3240000000000	-8.8283534214340
1.3260000000000	-8.8281925610151
1.3280000000000	-8.8280489649725
1.3300000000000	-8.8279231524674
1.3320000000000	-8.8278156490536
1.3340000000000	-8.8277269867430
1.3360000000000	-8.8276577040707
1.3380000000000	-8.8276083461611
1.3400000000000	-8.8275794647935
1.3420000000000	-8.8275716184691
1.3440000000000	-8.8275853724775
1.3460000000000	-8.8276212989634
1.3480000000000	-8.8276799769947
1.3500000000000	-8.8277619926295
1.3520000000000	-8.8278679389843
1.3540000000000	-8.8279984163022
1.3560000000000	-8.8281540320213
1.3580000000000	-8.8283354008434
1.3600000000000	-8.8285431448030
1.3620000000000	-8.8287778933365
1.3640000000000	-8.8290402833516
1.3660000000000	-8.8293309592967
1.3680000000000	-8.8296505732311
1.3700000000000	-8.8299997848946
1.3720000000000	-8.8303792617778
1.3740000000000	-8.8307896791924
1.3760000000000	-8.8312317203415
1.3780000000000	-8.8317060763906
1.3800000000000	-8.8322134465376
1.3820000000000	-8.8327545380842
1.3840000000000	-8.8333300665061
1.3860000000000	-8.8339407555247
1.3880000000000	-8.8345873371773
1.3900000000000	-8.8352705518887
1.3920000000000	-8.8359911485417
1.3940000000000	-8.8367498845484
1.3960000000000	-8.8375475259212
1.3980000000000	-8.8383848473436
1.4000000000000	-8.8392626322410
1.4020000000000	-8.8401816728520
1.4040000000000	-8.8411427702984
1.4060000000000	-8.8421467346563
1.4080000000000	-8.8431943850264
1.4100000000000	-8.8442865496043
1.4120000000000	-8.8454240657508
1.4140000000000	-8.8466077800615
1.4160000000000	-8.8478385484366
1.4180000000000	-8.8491172361507
1.4200000000000	-8.8504447179217
1.4220000000000	-8.8518218779795
1.4240000000000	-8.8532496101352
1.4260000000000	-8.8547288178490
1.4280000000000	-8.8562604142979
1.4300000000000	-8.8578453224437
1.4320000000000	-8.8594844751001
1.4340000000000	-8.8611788149988
1.4360000000000	-8.8629292948564
1.4380000000000	-8.8647368774401
1.4400000000000	-8.8666025356326
1.4420000000000	-8.8685272524969
1.4440000000000	-8.8705120213410
1.4460000000000	-8.8725578457807
1.4480000000000	-8.8746657398032
1.4500000000000	-8.8768367278293
1.4520000000000	-8.8790718447747
1.4540000000000	-8.8813721361118
1.4560000000000	-8.8837386579291
1.4580000000000	-8.8861724769915
1.4600000000000	-8.8886746707984
1.4620000000000	-8.8912463276423
1.4640000000000	-8.8938885466657
1.4660000000000	-8.8966024379172
1.4680000000000	-8.8993891224074
1.4700000000000	-8.9022497321631
1.4720000000000	-8.9051854102810
1.4740000000000	-8.9081973109804
1.4760000000000	-8.9112865996549
1.4780000000000	-8.9144544529229
1.4800000000000	-8.9177020586776
1.4820000000000	-8.9210306161352
1.4840000000000	-8.9244413358825
1.4860000000000	-8.9279354399237
1.4880000000000	-8.9315141617248
1.4900000000000	-8.9351787462589
1.4920000000000	-8.9389304500479
1.4940000000000	-8.9427705412051
1.4960000000000	-8.9467002994755
1.4980000000000	-8.9507210162747
1.5000000000000	-8.9548339947276
1.5020000000000	-8.9590405497044
1.5040000000000	-8.9633420078564
1.5060000000000	-8.9677397076503
1.5080000000000	-8.9722349994003
1.5100000000000	-8.9768292453002
1.5120000000000	-8.9815238194531
1.5140000000000	-8.9863201078999
1.5160000000000	-8.9912195086470
1.5180000000000	-8.9962234316916
1.5200000000000	-9.0013332990467
1.5220000000000	-9.0065505447636
1.5240000000000	-9.0118766149537
1.5260000000000	-9.0173129678087
1.5280000000000	-9.0228610736190
1.5300000000000	-9.0285224147913
1.5320000000000	-9.0342984858641
1.5340000000000	-9.0401907935219
1.5360000000000	-9.0462008566086
1.5380000000000	-9.0523302061385
1.5400000000000	-9.0585803853065
1.5420000000000	-9.0649529494965
1.5440000000000	-9.0714494662889
1.5460000000000	-9.0780715154662
1.5480000000000	-9.0848206890173
1.5500000000000	-9.0916985911405
1.5520000000000	-9.0987068382455
1.5540000000000	-9.1058470589536
1.5560000000000	-9.1131208940964
1.5580000000000	-9.1205299967142
1.5600000000000	-9.1280760320523
1.5620000000000	-9.1357606775563
1.5640000000000	-9.1435856228664
1.5660000000000	-9.1515525698104
1.5680000000000	-9.1596632323959
1.5700000000000	-9.1679193368012
1.5720000000000	-9.1763226213654
1.5740000000000	-9.1848748365773
1.5760000000000	-9.1935777450638
1.5780000000000	-9.2024331215774
1.5800000000000	-9.2114427529829
1.5820000000000	-9.2206084382433
1.5840000000000	-9.2299319884057
1.5860000000000	-9.2394152265855
1.5880000000000	-9.2490599879520
1.5900000000000	-9.2588681197116
1.5920000000000	-9.2688414810925
1.5940000000000	-9.2789819433281
1.5960000000000	-9.2892913896411
1.5980000000000	-9.2997717152269
1.6000000000000	-9.3104248272382
1.6020000000000	-9.3212526447688
1.6040000000000	-9.3322570988382
1.6060000000000	-9.3434401323776
1.6080000000000	-9.3548037002149
1.6100000000000	-9.3663497690617
1.6120000000000	-9.3780803175010
1.6140000000000	-9.3899973359759
1.6160000000000	-9.4021028267794
1.6180000000000	-9.4143988040456
1.6200000000000	-9.4268872937429
1.6220000000000	-9.4395703336682
1.6240000000000	-9.4524499734438
1.6260000000000	-9.4655282745154
1.6280000000000	-9.4788073101534
1.6300000000000	-9.4922891654560
1.6320000000000	-9.5059759373549
1.6340000000000	-9.5198697346243
1.6360000000000	-9.5339726778927
1.6380000000000	-9.5482868996579
1.6400000000000	-9.5628145443057
1.6420000000000	-9.5775577681319
1.6440000000000	-9.5925187393691
1.6460000000000	-9.6076996382170
1.6480000000000	-9.6231026568771
1.6500000000000	-9.6387299995926
1.6520000000000	-9.6545838826930
1.6540000000000	-9.6706665346441
1.6560000000000	-9.6869801961031
1.6580000000000	-9.7035271199798
1.6600000000000	-9.7203095715043
1.6620000000000	-9.7373298282999
1.6640000000000	-9.7545901804641
1.6660000000000	-9.7720929306556
1.6680000000000	-9.7898403941890
1.6700000000000	-9.8078348991369
1.6720000000000	-9.8260787864402
1.6740000000000	-9.8445744100268
1.6760000000000	-9.8633241369386
1.6780000000000	-9.8823303474674
1.6800000000000	-9.9015954353010
1.6820000000000	-9.9211218076780
1.6840000000000	-9.9409118855533
1.6860000000000	-9.9609681037740
1.6880000000000	-9.9812929112660
1.6900000000000	-10.001888771232
1.6920000000000	-10.022758161362
1.6940000000000	-10.043903574053
1.6960000000000	-10.065327516646
1.6980000000000	-10.087032511671
1.7000000000000	-10.109021097111
1.7020000000000	-10.131295826671
1.7040000000000	-10.153859270072
1.7060000000000	-10.176714013355
1.7080000000000	-10.199862659193
1.7100000000000	-10.223307827234
1.7120000000000	-10.247052154449
1.7140000000000	-10.271098295497
1.7160000000000	-10.295448923113
1.7180000000000	-10.320106728511
1.7200000000000	-10.345074421802
1.7220000000000	-10.370354732439
1.7240000000000	-10.395950409673
1.7260000000000	-10.421864223031
1.7280000000000	-10.448098962822
1.7300000000000	-10.474657440653
1.7320000000000	-10.501542489976
1.7340000000000	-10.528756966650
1.7360000000000	-10.556303749535
1.7380000000000	-10.584185741099
1.7400000000000	-10.612405868061
1.7420000000000	-10.640967082049
1.7440000000000	-10.669872360289
1.7460000000000	-10.699124706322
1.7480000000000	-10.728727150744
1.7500000000000	-10.758682751978
1.7520000000000	-10.788994597070
1.7540000000000	-10.819665802524
1.7560000000000	-10.850699515154
1.7580000000000	-10.882098912980
1.7600000000000	-10.913867206150
1.7620000000000	-10.946007637895
1.7640000000000	-10.978523485522
1.7660000000000	-11.011418061435
1.7680000000000	-11.044694714203
1.7700000000000	-11.078356829652
1.7720000000000	-11.112407832008
1.7740000000000	-11.146851185068
1.7760000000000	-11.181690393420
1.7780000000000	-11.216929003699
1.7800000000000	-11.252570605889
1.7820000000000	-11.288618834667
1.7840000000000	-11.325077370794
1.7860000000000	-11.361949942551
1.7880000000000	-11.399240327225
1.7900000000000	-11.436952352642
1.7920000000000	-11.475089898754
1.7940000000000	-11.513656899276
1.7960000000000	-11.552657343377
1.7980000000000	-11.592095277432
1.8000000000000	-11.631974806825
1.8020000000000	-11.672300097814
1.8040000000000	-11.713075379459
1.8060000000000	-11.754304945612
1.8080000000000	-11.795993156975
1.8100000000000	-11.838144443218
1.8120000000000	-11.880763305177
1.8140000000000	-11.923854317119
1.8160000000000	-11.967422129081
1.8180000000000	-12.011471469289
1.8200000000000	-12.056007146656
1.8220000000000	-12.101034053363
1.8240000000000	-12.146557167524
1.8260000000000	-12.192581555945
1.8280000000000	-12.239112376970
1.8300000000000	-12.286154883423
1.8320000000000	-12.333714425655
1.8340000000000	-12.381796454687
1.8360000000000	-12.430406525463
1.8380000000000	-12.479550300215
1.8400000000000	-12.529233551939
1.8420000000000	-12.579462167998
1.8440000000000	-12.630242153845
1.8460000000000	-12.681579636872
1.8480000000000	-12.733480870405
1.8500000000000	-12.785952237827
1.8520000000000	-12.839000256859
1.8540000000000	-12.892631583983
1.8560000000000	-12.946853019032
1.8580000000000	-13.001671509942
1.8600000000000	-13.057094157677
1.8620000000000	-13.113128221339
1.8640000000000	-13.169781123462
1.8660000000000	-13.227060455500
1.8680000000000	-13.284973983536
1.8700000000000	-13.343529654185
1.8720000000000	-13.402735600744
1.8740000000000	-13.462600149558
1.8760000000000	-13.523131826651
1.8780000000000	-13.584339364606
1.8800000000000	-13.646231709713
1.8820000000000	-13.708818029413
1.8840000000000	-13.772107720032
1.8860000000000	-13.836110414826
1.8880000000000	-13.900835992368
1.8900000000000	-13.966294585261
1.8920000000000	-14.032496589234
1.8940000000000	-14.099452672604
1.8960000000000	-14.167173786148
1.8980000000000	-14.235671173396
1.9000000000000	-14.304956381367
1.9020000000000	-14.375041271777
1.9040000000000	-14.445938032740
1.9060000000000	-14.517659190985
1.9080000000000	-14.590217624636
1.9100000000000	-14.663626576553
1.9120000000000	-14.737899668307
1.9140000000000	-14.813050914785
1.9160000000000	-14.889094739494
1.9180000000000	-14.966045990576
1.9200000000000	-15.043919957603
1.9220000000000	-15.122732389176
1.9240000000000	-15.202499511385
1.9260000000000	-15.283238047185
1.9280000000000	-15.364965236737
1.9300000000000	-15.447698858780
1.9320000000000	-15.531457253089
1.9340000000000	-15.616259344097
1.9360000000000	-15.702124665750
1.9380000000000	-15.789073387673
1.9400000000000	-15.877126342737
1.9420000000000	-15.966305056112
1.9440000000000	-16.056631775909
1.9460000000000	-16.148129505518
1.9480000000000	-16.240822037756
1.9500000000000	-16.334733990945
1.9520000000000	-16.429890847058
1.9540000000000	-16.526318992085
1.9560000000000	-16.624045758757
1.9580000000000	-16.723099471819
1.9600000000000	-16.823509496020
1.9620000000000	-16.925306287037
1.9640000000000	-17.028521445529
1.9660000000000	-17.133187774582
1.9680000000000	-17.239339340786
1.9700000000000	-17.347011539227
1.9720000000000	-17.456241162715
1.9740000000000	-17.567066475562
1.9760000000000	-17.679527292291
1.9780000000000	-17.793665061682
1.9800000000000	-17.909522956574
1.9820000000000	-18.027145969929
1.9840000000000	-18.146581017680
1.9860000000000	-18.267877048943
1.9880000000000	-18.391085164242
1.9900000000000	-18.516258742464
1.9920000000000	-18.643453577312
1.9940000000000	-18.772728024145
1.9960000000000	-18.904143158150
1.9980000000000	-19.037762944932
2.0000000000000	-19.173654424691
2.0020000000000	-19.311887911332
2.0040000000000	-19.452537207956
2.0060000000000	-19.595679840411
2.0080000000000	-19.741397310716
2.0100000000000	-19.889775372463
2.0120000000000	-20.040904330484
2.0140000000000	-20.194879367429
2.0160000000000	-20.351800900194
2.0180000000000	-20.511774969536
2.0200000000000	-20.674913666656
2.0220000000000	-20.841335601045
2.0240000000000	-21.011166414467
2.0260000000000	-21.184539346668
2.0280000000000	-21.361595859170
2.0300000000000	-21.542486324463
2.0320000000000	-21.727370789001
2.0340000000000	-21.916419819701
2.0360000000000	-22.109815445136
2.0380000000000	-22.307752204457
2.0400000000000	-22.510438319158
2.0420000000000	-22.718097005377
2.0440000000000	-22.930967947464
2.0460000000000	-23.149308957178
2.0480000000000	-23.373397847315
2.0500000000000	-23.603534553905
2.0520000000000	-23.840043547619
2.0540000000000	-24.083276583018
2.0560000000000	-24.333615844078
2.0580000000000	-24.591477556568
2.0600000000000	-24.857316152986
2.0620000000000	-25.131629094659
2.0640000000000	-25.414962479519
2.0660000000000	-25.707917594337
2.0680000000000	-26.011158608959
2.0700000000000	-26.325421660033
2.0720000000000	-26.651525636633
2.0740000000000	-26.990385065357
2.0760000000000	-27.343025605174
2.0780000000000	-27.710602813173
2.0800000000000	-28.094425046379
2.0820000000000	-28.495981644099
2.0840000000000	-28.916977922694
2.0860000000000	-29.359379059469
2.0880000000000	-29.825465720640
2.0900000000000	-30.317905418766
2.0920000000000	-30.839845257743
2.0940000000000	-31.395034249933
2.0960000000000	-31.987987293847
2.0980000000000	-32.624209088906
2.1000000000000	-33.310506358947
2.1020000000000	-34.055433772271
2.1040000000000	-34.869948723795
2.1060000000000	-35.768404571301
2.1080000000000	-36.770116610447
2.1100000000000	-37.901949120668
2.1120000000000	-39.202843161701
2.1140000000000	-40.732343475121
2.1160000000000	-42.588282713768
2.1180000000000	-44.948698769891
2.1200000000000	-48.193170866151
2.1220000000000	-53.397355897296
2.1240000000000	-66.403490048485
2.1260000000000	-56.752969804340
2.1280000000000	-49.910068545999
2.1300000000000	-46.107300468769
2.1320000000000	-43.469171846437
2.1340000000000	-41.448733082622
2.1360000000000	-39.811538121888
2.1380000000000	-38.435466964801
2.1400000000000	-37.248801489591
2.1420000000000	-36.205827748946
2.1440000000000	-35.275613848071
2.1460000000000	-34.436254282485
2.1480000000000	-33.671668037193
2.1500000000000	-32.969701186669
2.1520000000000	-32.320944126763
2.1540000000000	-31.717963007143
2.1560000000000	-31.154782663230
2.1580000000000	-30.626528339244
2.1600000000000	-30.129171062247
2.1620000000000	-29.659342646544
2.1640000000000	-29.214198661079
2.1660000000000	-28.791315171616
2.1680000000000	-28.388609736505
2.1700000000000	-28.004280126006
2.1720000000000	-27.636756198388
2.1740000000000	-27.284661682426
2.1760000000000	-26.946783515777
2.1780000000000	-26.622047014686
2.1800000000000	-26.309495592861
2.1820000000000	-26.008274064677
2.1840000000000	-25.717614798447
2.1860000000000	-25.436826155217
2.1880000000000	-25.165282774828
2.1900000000000	-24.902417366010
2.1920000000000	-24.647713729435
2.1940000000000	-24.400700798011
2.1960000000000	-24.160947521466
2.1980000000000	-23.928058455646
2.2000000000000	-23.701669943146
2.2020000000000	-23.481446792627
2.2040000000000	-23.267079380655
2.2060000000000	-23.058281113163
2.2080000000000	-22.854786194276
2.2100000000000	-22.656347658895
2.2120000000000	-22.462735632484
2.2140000000000	-22.273735787296
2.2160000000000	-22.089147969002
2.2180000000000	-21.908784971647
2.2200000000000	-21.732471442120
2.2220000000000	-21.560042898032
2.2240000000000	-21.391344845222
2.2260000000000	-21.226231982982
2.2280000000000	-21.064567486763
2.2300000000000	-20.906222359452
2.2320000000000	-20.751074843524
2.2340000000000	-20.599009887314
2.2360000000000	-20.449918659567
2.2380000000000	-20.303698107096
2.2400000000000	-20.160250551051
2.2420000000000	-20.019483317812
2.2440000000000	-19.881308401016
2.2460000000000	-19.745642151610
2.2480000000000	-19.612404993191
2.2500000000000	-19.481521160196
2.2520000000000	-19.352918456783
2.2540000000000	-19.226528034459
2.2560000000000	-19.102284186747
2.2580000000000	-18.980124159339
2.2600000000000	-18.859987974366
2.2620000000000	-18.741818267526
2.2640000000000	-18.625560136985
2.2660000000000	-18.511161003016
2.2680000000000	-18.398570477495
2.2700000000000	-18.287740242425
2.2720000000000	-18.178623936754
2.2740000000000	-18.071177050815
2.2760000000000	-17.965356827777
2.2780000000000	-17.861122171567
2.2800000000000	-17.758433560750
2.2820000000000	-17.657252967911
2.2840000000000	-17.557543784135
2.2860000000000	-17.459270748187
2.2880000000000	-17.362399880056
2.2900000000000	-17.266898418545
2.2920000000000	-17.172734762610
2.2940000000000	-17.079878416183
2.2960000000000	-16.988299936242
2.2980000000000	-16.897970883887
2.3000000000000	-16.808863778231
2.3020000000000	-16.720952052901
2.3040000000000	-16.634210014986
2.3060000000000	-16.548612806265
2.3080000000000	-16.464136366555
2.3100000000000	-16.380757399060
2.3120000000000	-16.298453337577
2.3140000000000	-16.217202315451
2.3160000000000	-16.136983136156
2.3180000000000	-16.057775245419
2.3200000000000	-15.979558704775
2.3220000000000	-15.902314166476
2.3240000000000	-15.826022849666
2.3260000000000	-15.750666517750
2.3280000000000	-15.676227456887
2.3300000000000	-15.602688455534
2.3320000000000	-15.530032784992
2.3340000000000	-15.458244180887
2.3360000000000	-15.387306825530
2.3380000000000	-15.317205331119
2.3400000000000	-15.247924723722
2.3420000000000	-15.179450428013
2.3440000000000	-15.111768252700
2.3460000000000	-15.044864376622
2.3480000000000	-14.978725335481
2.3500000000000	-14.913338009160
2.3520000000000	-14.848689609611
2.3540000000000	-14.784767669270
2.3560000000000	-14.721560029989
2.3580000000000	-14.659054832439
2.3600000000000	-14.597240505968
2.3620000000000	-14.536105758901
2.3640000000000	-14.475639569238
2.3660000000000	-14.415831175751
2.3680000000000	-14.356670069447
2.3700000000000	-14.298145985385
2.3720000000000	-14.240248894829
2.3740000000000	-14.182968997716
2.3760000000000	-14.126296715432
2.3780000000000	-14.070222683877
2.3800000000000	-14.014737746798
2.3820000000000	-13.959832949397
2.3840000000000	-13.905499532178
2.3860000000000	-13.851728925037
2.3880000000000	-13.798512741584
2.3900000000000	-13.745842773669
2.3920000000000	-13.693710986134
2.3940000000000	-13.642109511748
2.3960000000000	-13.591030646336
2.3980000000000	-13.540466844091
2.4000000000000	-13.490410713058
2.4020000000000	-13.440855010781
2.4040000000000	-13.391792640110
2.4060000000000	-13.343216645161
2.4080000000000	-13.295120207413
2.4100000000000	-13.247496641956
2.4120000000000	-13.200339393863
2.4140000000000	-13.153642034690
2.4160000000000	-13.107398259100
2.4180000000000	-13.061601881603
2.4200000000000	-13.016246833409
2.4220000000000	-12.971327159386
2.4240000000000	-12.926837015125
2.4260000000000	-12.882770664098
2.4280000000000	-12.839122474918
2.4300000000000	-12.795886918681
2.4320000000000	-12.753058566408
2.4340000000000	-12.710632086559
2.4360000000000	-12.668602242633
2.4380000000000	-12.626963890848
2.4400000000000	-12.585711977889
2.4420000000000	-12.544841538734
2.4440000000000	-12.504347694545
2.4460000000000	-12.464225650628
2.4480000000000	-12.424470694456
2.4500000000000	-12.385078193748
2.4520000000000	-12.346043594619
2.4540000000000	-12.307362419774
2.4560000000000	-12.269030266768
2.4580000000000	-12.231042806306
2.4600000000000	-12.193395780609
2.4620000000000	-12.156085001816
2.4640000000000	-12.119106350440
2.4660000000000	-12.082455773868
2.4680000000000	-12.046129284903
2.4700000000000	-12.010122960353
2.4720000000000	-11.974432939655
2.4740000000000	-11.939055423542
2.4760000000000	-11.903986672748
2.4780000000000	-11.869223006747
2.4800000000000	-11.834760802530
2.4820000000000	-11.800596493415
2.4840000000000	-11.766726567890
2.4860000000000	-11.733147568488
2.4880000000000	-11.699856090695
2.4900000000000	-11.666848781881
2.4920000000000	-11.634122340269
2.4940000000000	-11.601673513923
2.4960000000000	-11.569499099770
2.4980000000000	-11.537595942642
2.5000000000000	-11.505960934349
2.5020000000000	-11.474591012769
2.5040000000000	-11.443483160970
2.5060000000000	-11.412634406347
2.5080000000000	-11.382041819788
2.5100000000000	-11.351702514851
2.5120000000000	-11.321613646976
2.5140000000000	-11.291772412704
2.5160000000000	-11.262176048921
2.5180000000000	-11.232821832123
2.5200000000000	-11.203707077692
2.5220000000000	-11.174829139198
2.5240000000000	-11.146185407709
2.5260000000000	-11.117773311127
2.5280000000000	-11.089590313535
2.5300000000000	-11.061633914553
2.5320000000000	-11.033901648726
2.5340000000000	-11.006391084908
2.5360000000000	-10.979099825672
2.5380000000000	-10.952025506730
2.5400000000000	-10.925165796368
2.5420000000000	-10.898518394888
2.5440000000000	-10.872081034070
2.5460000000000	-10.845851476644
2.5480000000000	-10.819827515772
2.5500000000000	-10.794006974538
2.5520000000000	-10.768387705462
2.5540000000000	-10.742967590010
2.5560000000000	-10.717744538122
2.5580000000000	-10.692716487751
2.5600000000000	-10.667881404406
2.5620000000000	-10.643237280715
2.5640000000000	-10.618782135984
2.5660000000000	-10.594514015778
2.5680000000000	-10.570430991501
2.5700000000000	-10.546531159990
2.5720000000000	-10.522812643116
2.5740000000000	-10.499273587396
2.5760000000000	-10.475912163604
2.5780000000000	-10.452726566401
2.5800000000000	-10.429715013967
2.5820000000000	-10.406875747637
2.5840000000000	-10.384207031552
2.5860000000000	-10.361707152311
2.5880000000000	-10.339374418632
2.5900000000000	-10.317207161021
2.5920000000000	-10.295203731439
2.5940000000000	-10.273362502991
2.5960000000000	-10.251681869607
2.5980000000000	-10.230160245733
2.6000000000000	-10.208796066030
2.6020000000000	-10.187587785080
2.6040000000000	-10.166533877092
2.6060000000000	-10.145632835615
2.6080000000000	-10.124883173261
2.6100000000000	-10.104283421428
2.6120000000000	-10.083832130030
2.6140000000000	-10.063527867231
2.6160000000000	-10.043369219183
2.6180000000000	-10.023354789774
2.6200000000000	-10.003483200372
2.6220000000000	-9.9837530895814
2.6240000000000	-9.9641631129967
2.6260000000000	-9.9447119429670
2.6280000000000	-9.9253982683604
2.6300000000000	-9.9062207943331
2.6320000000000	-9.8871782421037
2.6340000000000	-9.8682693487300
2.6360000000000	-9.8494928668908
2.6380000000000	-9.8308475646700
2.6400000000000	-9.8123322253453
2.6420000000000	-9.7939456471805
2.6440000000000	-9.7756866432203
2.6460000000000	-9.7575540410893
2.6480000000000	-9.7395466827941
2.6500000000000	-9.7216634245285
2.6520000000000	-9.7039031364819
2.6540000000000	-9.6862647026507
2.6560000000000	-9.6687470206528
2.6580000000000	-9.6513490015455
2.6600000000000	-9.6340695696451
2.6620000000000	-9.6169076623508
2.6640000000000	-9.5998622299703
2.6660000000000	-9.5829322355484
2.6680000000000	-9.5661166546988
2.6700000000000	-9.5494144754374
2.6720000000000	-9.5328246980196
2.6740000000000	-9.5163463347785
2.6760000000000	-9.4999784099671
2.6780000000000	-9.4837199596015
2.6800000000000	-9.4675700313078
2.6820000000000	-9.4515276841701
2.6840000000000	-9.4355919885816
2.6860000000000	-9.4197620260975
2.6880000000000	-9.4040368892905
2.6900000000000	-9.3884156816076
2.6920000000000	-9.3728975172303
2.6940000000000	-9.3574815209352
2.6960000000000	-9.3421668279585
2.6980000000000	-9.3269525838608
2.7000000000000	-9.3118379443948
2.7020000000000	-9.2968220753746
2.7040000000000	-9.2819041525472
2.7060000000000	-9.2670833614652
2.7080000000000	-9.2523588973620
2.7100000000000	-9.2377299650280
2.7120000000000	-9.2231957786896
2.7140000000000	-9.2087555618890
2.7160000000000	-9.1944085473658
2.7180000000000	-9.1801539769409
2.7200000000000	-9.1659911014009
2.7220000000000	-9.1519191803856
2.7240000000000	-9.1379374822755
2.7260000000000	-9.1240452840817
2.7280000000000	-9.1102418713376
2.7300000000000	-9.0965265379911
2.7320000000000	-9.0828985862990
2.7340000000000	-9.0693573267228
2.7360000000000	-9.0559020778255
2.7380000000000	-9.0425321661704
2.7400000000000	-9.0292469262205
2.7420000000000	-9.0160457002399
2.7440000000000	-9.0029278381960
2.7460000000000	-8.9898926976638
2.7480000000000	-8.9769396437305
2.7500000000000	-8.9640680489018
2.7520000000000	-8.9512772930096
2.7540000000000	-8.9385667631206
2.7560000000000	-8.9259358534467
2.7580000000000	-8.9133839652553
2.7600000000000	-8.9009105067823
2.7620000000000	-8.8885148931453
2.7640000000000	-8.8761965462578
2.7660000000000	-8.8639548947456
2.7680000000000	-8.8517893738627
2.7700000000000	-8.8396994254097
2.7720000000000	-8.8276844976522
2.7740000000000	-8.8157440452414
2.7760000000000	-8.8038775291340
2.7780000000000	-8.7920844165150
2.7800000000000	-8.7803641807202
2.7820000000000	-8.7687163011602
2.7840000000000	-8.7571402632452
2.7860000000000	-8.7456355583108
2.7880000000000	-8.7342016835448
2.7900000000000	-8.7228381419145
2.7920000000000	-8.7115444420959
2.7940000000000	-8.7003200984027
2.7960000000000	-8.6891646307164
2.7980000000000	-8.6780775644180
2.8000000000000	-8.6670584303200
2.8020000000000	-8.6561067645986
2.8040000000000	-8.6452221087282
2.8060000000000	-8.6344040094156
2.8080000000000	-8.6236520185353
2.8100000000000	-8.6129656930656
2.8120000000000	-8.6023445950255
2.8140000000000	-8.5917882914127
2.8160000000000	-8.5812963541414
2.8180000000000	-8.5708683599820
2.8200000000000	-8.5605038905008
2.8220000000000	-8.5502025320009
2.8240000000000	-8.5399638754629
2.8260000000000	-8.5297875164879
2.8280000000000	-8.5196730552394
2.8300000000000	-8.5096200963875
2.8320000000000	-8.4996282490524
2.8340000000000	-8.4896971267497
2.8360000000000	-8.4798263473354
2.8380000000000	-8.4700155329525
2.8400000000000	-8.4602643099776
2.8420000000000	-8.4505723089678
2.8440000000000	-8.4409391646097
2.8460000000000	-8.4313645156670
2.8480000000000	-8.4218480049305
2.8500000000000	-8.4123892791676
2.8520000000000	-8.4029879890729
2.8540000000000	-8.3936437892189
2.8560000000000	-8.3843563380081
2.8580000000000	-8.3751252976246
2.8600000000000	-8.3659503339875
2.8620000000000	-8.3568311167035
2.8640000000000	-8.3477673190213
2.8660000000000	-8.3387586177854
2.8680000000000	-8.3298046933916
2.8700000000000	-8.3209052297421
2.8720000000000	-8.3120599142015
2.8740000000000	-8.3032684375532
2.8760000000000	-8.2945304939566
2.8780000000000	-8.2858457809044
2.8800000000000	-8.2772139991803
2.8820000000000	-8.2686348528182
2.8840000000000	-8.2601080490603
2.8860000000000	-8.2516332983169
2.8880000000000	-8.2432103141266
2.8900000000000	-8.2348388131158
2.8920000000000	-8.2265185149604
2.8940000000000	-8.2182491423464
2.8960000000000	-8.2100304209319
2.8980000000000	-8.2018620793091
2.9000000000000	-8.1937438489670
2.9020000000000	-8.1856754642543
2.9040000000000	-8.1776566623430
2.9060000000000	-8.1696871831918
2.9080000000000	-8.1617667695109
2.9100000000000	-8.1538951667264
2.9120000000000	-8.1460721229452
2.9140000000000	-8.1382973889209
2.9160000000000	-8.1305707180192
2.9180000000000	-8.1228918661846
2.9200000000000	-8.1152605919067
2.9220000000000	-8.1076766561872
2.9240000000000	-8.1001398225077
2.9260000000000	-8.0926498567969
2.9280000000000	-8.0852065273992
2.9300000000000	-8.0778096050430
2.9320000000000	-8.0704588628094
2.9340000000000	-8.0631540761019
2.9360000000000	-8.0558950226152
2.9380000000000	-8.0486814823060
2.9400000000000	-8.0415132373623
2.9420000000000	-8.0343900721749
2.9440000000000	-8.0273117733075
2.9460000000000	-8.0202781294686
2.9480000000000	-8.0132889314825
2.9500000000000	-8.0063439722619
2.9520000000000	-7.9994430467792
2.9540000000000	-7.9925859520400
2.9560000000000	-7.9857724870550
2.9580000000000	-7.9790024528141
2.9600000000000	-7.9722756522590
2.9620000000000	-7.9655918902574
2.9640000000000	-7.9589509735771
2.9660000000000	-7.9523527108602
2.9680000000000	-7.9457969125975
2.9700000000000	-7.9392833911041
2.9720000000000	-7.9328119604938
2.9740000000000	-7.9263824366552
2.9760000000000	-7.9199946372271
2.9780000000000	-7.9136483815750
2.9800000000000	-7.9073434907667
2.9820000000000	-7.9010797875497
2.9840000000000	-7.8948570963272
2.9860000000000	-7.8886752431361
2.9880000000000	-7.8825340556237
2.9900000000000	-7.8764333630257
2.9920000000000	-7.8703729961439
2.9940000000000	-7.8643527873244
2.9960000000000	-7.8583725704360
2.9980000000000	-7.8524321808489
3.0000000000000	-7.8465314554134
3.0020000000000	-7.8406702324394
3.0040000000000	-7.8348483516753
3.0060000000000	-7.8290656542877
3.0080000000000	-7.8233219828417
3.0100000000000	-7.8176171812803
3.0120000000000	-7.8119510949051
3.0140000000000	-7.8063235703568
3.0160000000000	-7.8007344555958
3.0180000000000	-7.7951835998832
3.0200000000000	-7.7896708537621
3.0220000000000	-7.7841960690388
3.0240000000000	-7.7787590987648
3.0260000000000	-7.7733597972182
3.0280000000000	-7.7679980198860
3.0300000000000	-7.7626736234461
3.0320000000000	-7.7573864657502
3.0340000000000	-7.7521364058061
3.0360000000000	-7.7469233037606
3.0380000000000	-7.7417470208827
3.0400000000000	-7.7366074195469
3.0420000000000	-7.7315043632163
3.0440000000000	-7.7264377164268
3.0460000000000	-7.7214073447706
3.0480000000000	-7.7164131148801
3.0500000000000	-7.7114548944125
3.0520000000000	-7.7065325520342
3.0540000000000	-7.7016459574048
3.0560000000000	-7.6967949811628
3.0580000000000	-7.6919794949098
3.0600000000000	-7.6871993711961
3.0620000000000	-7.6824544835056
3.0640000000000	-7.6777447062418
3.0660000000000	-7.6730699147131
3.0680000000000	-7.6684299851188
3.0700000000000	-7.6638247945350
3.0720000000000	-7.6592542209010
3.0740000000000	-7.6547181430052
3.0760000000000	-7.6502164404723
3.0780000000000	-7.6457489937493
3.0800000000000	-7.6413156840928
3.0820000000000	-7.6369163935559
3.0840000000000	-7.6325510049750
3.0860000000000	-7.6282194019578
3.0880000000000	-7.6239214688702
3.0900000000000	-7.6196570908242
3.0920000000000	-7.6154261536657
3.0940000000000	-7.6112285439621
3.0960000000000	-7.6070641489911
3.0980000000000	-7.6029328567280
3.1000000000000	-7.5988345558351
3.1020000000000	-7.5947691356493
3.1040000000000	-7.5907364861714
3.1060000000000	-7.5867364980547
3.1080000000000	-7.5827690625939
3.1100000000000	-7.5788340717145
3.1120000000000	-7.5749314179616
3.1140000000000	-7.5710609944897
3.1160000000000	-7.5672226950519
3.1180000000000	-7.5634164139899
3.1200000000000	-7.5596420462234
3.1220000000000	-7.5558994872404
3.1240000000000	-7.5521886330868
3.1260000000000	-7.5485093803573
3.1280000000000	-7.5448616261848
3.1300000000000	-7.5412452682317
3.1320000000000	-7.5376602046801
3.1340000000000	-7.5341063342222
3.1360000000000	-7.5305835560517
3.1380000000000	-7.5270917698544
3.1400000000000	-7.5236308757995
3.1420000000000	-7.5202007745304
3.1440000000000	-7.5168013671564
3.1460000000000	-7.5134325552440
3.1480000000000	-7.5100942408085
3.1500000000000	-7.5067863263055
3.1520000000000	-7.5035087146228
3.1540000000000	-7.5002613090725
3.1560000000000	-7.4970440133826
3.1580000000000	-7.4938567316894
3.1600000000000	-7.4906993685297
3.1620000000000	-7.4875718288332
3.1640000000000	-7.4844740179148
3.1660000000000	-7.4814058414673
3.1680000000000	-7.4783672055539
3.1700000000000	-7.4753580166014
3.1720000000000	-7.4723781813926
3.1740000000000	-7.4694276070595
3.1760000000000	-7.4665062010764
3.1780000000000	-7.4636138712532
3.1800000000000	-7.4607505257285
3.1820000000000	-7.4579160729632
3.1840000000000	-7.4551104217337
3.1860000000000	-7.4523334811260
3.1880000000000	-7.4495851605288
3.1900000000000	-7.4468653696279
3.1920000000000	-7.4441740183995
3.1940000000000	-7.4415110171048
3.1960000000000	-7.4388762762835
3.1980000000000	-7.4362697067484
3.2000000000000	-7.4336912195796
#
#"Frequency / GHz"	"S4,2 [Magnitude / dB]"
#-----------------------------------------
1.2000000000000	-6.5441763452914
1.2020000000000	-6.5353227492966
1.2040000000000	-6.5264406110785
1.2060000000000	-6.5175299217827
1.2080000000000	-6.5085906749903
1.2100000000000	-6.4996228667591
1.2120000000000	-6.4906264956641
1.2140000000000	-6.4816015628399
1.2160000000000	-6.4725480720218
1.2180000000000	-6.4634660295881
1.2200000000000	-6.4543554446023
1.2220000000000	-6.4452163288558
1.2240000000000	-6.4360486969108
1.2260000000000	-6.4268525661431
1.2280000000000	-6.4176279567859
1.2300000000000	-6.4083748919730
1.2320000000000	-6.3990933977829
1.2340000000000	-6.3897835032827
1.2360000000000	-6.3804452405724
1.2380000000000	-6.3710786448295
1.2400000000000	-6.3616837543537
1.2420000000000	-6.3522606106116
1.2440000000000	-6.3428092582820
1.2460000000000	-6.3333297453012
1.2480000000000	-6.3238221229082
1.2500000000000	-6.3142864456904
1.2520000000000	-6.3047227716295
1.2540000000000	-6.2951311621472
1.2560000000000	-6.2855116821513
1.2580000000000	-6.2758644000819
1.2600000000000	-6.2661893879573
1.2620000000000	-6.2564867214208
1.2640000000000	-6.2467564797869
1.2660000000000	-6.2369987460878
1.2680000000000	-6.2272136071198
1.2700000000000	-6.2174011534903
1.2720000000000	-6.2075614796639
1.2740000000000	-6.1976946840094
1.2760000000000	-6.1878008688463
1.2780000000000	-6.1778801404917
1.2800000000000	-6.1679326093062
1.2820000000000	-6.1579583897414
1.2840000000000	-6.1479576003857
1.2860000000000	-6.1379303640108
1.2880000000000	-6.1278768076185
1.2900000000000	-6.1177970624863
1.2920000000000	-6.1076912642141
1.2940000000000	-6.0975595527695
1.2960000000000	-6.0874020725343
1.2980000000000	-6.0772189723494
1.3000000000000	-6.0670104055607
1.3020000000000	-6.0567765300641
1.3040000000000	-6.0465175083504
1.3060000000000	-6.0362335075502
1.3080000000000	-6.0259246994778
1.3100000000000	-6.0155912606760
1.3120000000000	-6.0052333724592
1.3140000000000	-5.9948512209571
1.3160000000000	-5.9844449971578
1.3180000000000	-5.9740148969504
1.3200000000000	-5.9635611211669
1.3220000000000	-5.9530838756246
1.3240000000000	-5.9425833711668
1.3260000000000	-5.9320598237040
1.3280000000000	-5.9215134542541
1.3300000000000	-5.9109444889820
1.3320000000000	-5.9003531592389
1.3340000000000	-5.8897397016010
1.3360000000000	-5.8791043579072
1.3380000000000	-5.8684473752964
1.3400000000000	-5.8577690062443
1.3420000000000	-5.8470695085994
1.3440000000000	-5.8363491456177
1.3460000000000	-5.8256081859975
1.3480000000000	-5.8148469039127
1.3500000000000	-5.8040655790457
1.3520000000000	-5.7932644966195
1.3540000000000	-5.7824439474283
1.3560000000000	-5.7716042278677
1.3580000000000	-5.7607456399638
1.3600000000000	-5.7498684914017
1.3620000000000	-5.7389730955519
1.3640000000000	-5.7280597714970
1.3660000000000	-5.7171288440561
1.3680000000000	-5.7061806438092
1.3700000000000	-5.6952155071193
1.3720000000000	-5.6842337761544
1.3740000000000	-5.6732357989073
1.3760000000000	-5.6622219292149
1.3780000000000	-5.6511925267757
1.3800000000000	-5.6401479571664
1.3820000000000	-5.6290885918565
1.3840000000000	-5.6180148082222
1.3860000000000	-5.6069269895585
1.3880000000000	-5.5958255250896
1.3900000000000	-5.5847108099785
1.3920000000000	-5.5735832453341
1.3940000000000	-5.5624432382176
1.3960000000000	-5.5512912016464
1.3980000000000	-5.5401275545973
1.4000000000000	-5.5289527220074
1.4020000000000	-5.5177671347728
1.4040000000000	-5.5065712297471
1.4060000000000	-5.4953654497360
1.4080000000000	-5.4841502434919
1.4100000000000	-5.4729260657054
1.4120000000000	-5.4616933769955
1.4140000000000	-5.4504526438975
1.4160000000000	-5.4392043388490
1.4180000000000	-5.4279489401741
1.4200000000000	-5.4166869320653
1.4220000000000	-5.4054188045627
1.4240000000000	-5.3941450535327
1.4260000000000	-5.3828661806425
1.4280000000000	-5.3715826933338
1.4300000000000	-5.3602951047938
1.4320000000000	-5.3490039339238
1.4340000000000	-5.3377097053054
1.4360000000000	-5.3264129491649
1.4380000000000	-5.3151142013346
1.4400000000000	-5.3038140032119
1.4420000000000	-5.2925129017165
1.4440000000000	-5.2812114492441
1.4460000000000	-5.2699102036184
1.4480000000000	-5.2586097280403
1.4500000000000	-5.2473105910341
1.4520000000000	-5.2360133663919
1.4540000000000	-5.2247186331149
1.4560000000000	-5.2134269753516
1.4580000000000	-5.2021389823343
1.4600000000000	-5.1908552483118
1.4620000000000	-5.1795763724805
1.4640000000000	-5.1683029589118
1.4660000000000	-5.1570356164769
1.4680000000000	-5.1457749587691
1.4700000000000	-5.1345216040233
1.4720000000000	-5.1232761750321
1.4740000000000	-5.1120392990596
1.4760000000000	-5.1008116077520
1.4780000000000	-5.0895937370456
1.4800000000000	-5.0783863270713
1.4820000000000	-5.0671900220571
1.4840000000000	-5.0560054702268
1.4860000000000	-5.0448333236962
1.4880000000000	-5.0336742383662
1.4900000000000	-5.0225288738134
1.4920000000000	-5.0113978931767
1.4940000000000	-5.0002819630421
1.4960000000000	-4.9891817533240
1.4980000000000	-4.9780979371433
1.5000000000000	-4.9670311907033
1.5020000000000	-4.9559821931618
1.5040000000000	-4.9449516265009
1.5060000000000	-4.9339401753936
1.5080000000000	-4.9229485270673
1.5100000000000	-4.9119773711651
1.5120000000000	-4.9010273996034
1.5140000000000	-4.8900993064270
1.5160000000000	-4.8791937876614
1.5180000000000	-4.8683115411623
1.5200000000000	-4.8574532664621
1.5220000000000	-4.8466196646138
1.5240000000000	-4.8358114380320
1.5260000000000	-4.8250292903318
1.5280000000000	-4.8142739261637
1.5300000000000	-4.8035460510474
1.5320000000000	-4.7928463712023
1.5340000000000	-4.7821755933749
1.5360000000000	-4.7715344246649
1.5380000000000	-4.7609235723479
1.5400000000000	-4.7503437436958
1.5420000000000	-4.7397956457956
1.5440000000000	-4.7292799853647
1.5460000000000	-4.7187974685651
1.5480000000000	-4.7083488008148
1.5500000000000	-4.6979346865968
1.5520000000000	-4.6875558292669
1.5540000000000	-4.6772129308589
1.5560000000000	-4.6669066918881
1.5580000000000	-4.6566378111527
1.5600000000000	-4.6464069855337
1.5620000000000	-4.6362149097932
1.5640000000000	-4.6260622763706
1.5660000000000	-4.6159497751780
1.5680000000000	-4.6058780933934
1.5700000000000	-4.5958479152530
1.5720000000000	-4.5858599218424
1.5740000000000	-4.5759147908859
1.5760000000000	-4.5660131965357
1.5780000000000	-4.5561558091591
1.5800000000000	-4.5463432951258
1.5820000000000	-4.5365763165937
1.5840000000000	-4.5268555312946
1.5860000000000	-4.5171815923184
1.5880000000000	-4.5075551478982
1.5900000000000	-4.4979768411938
1.5920000000000	-4.4884473100759
1.5940000000000	-4.4789671869093
1.5960000000000	-4.4695370983369
1.5980000000000	-4.4601576650635
1.6000000000000	-4.4508295016393
1.6020000000000	-4.4415532162449
1.6040000000000	-4.4323294104757
1.6060000000000	-4.4231586791273
1.6080000000000	-4.4140416099819
1.6100000000000	-4.4049787835947
1.6120000000000	-4.3959707730825
1.6140000000000	-4.3870181439122
1.6160000000000	-4.3781214536914
1.6180000000000	-4.3692812519594
1.6200000000000	-4.3604980799812
1.6220000000000	-4.3517724705410
1.6240000000000	-4.3431049477397
1.6260000000000	-4.3344960267924
1.6280000000000	-4.3259462138291
1.6300000000000	-4.3174560056968
1.6320000000000	-4.3090258897644
1.6340000000000	-4.3006563437297
1.6360000000000	-4.2923478354286
1.6380000000000	-4.2841008226480
1.6400000000000	-4.2759157529399
1.6420000000000	-4.2677930634402
1.6440000000000	-4.2597331806888
1.6460000000000	-4.2517365204543
1.6480000000000	-4.2438034875607
1.6500000000000	-4.2359344757190
1.6520000000000	-4.2281298673605
1.6540000000000	-4.2203900334755
1.6560000000000	-4.2127153334545
1.6580000000000	-4.2051061149341
1.6600000000000	-4.1975627136463
1.6620000000000	-4.1900854532723
1.6640000000000	-4.1826746453003
1.6660000000000	-4.1753305888881
1.6680000000000	-4.1680535707290
1.6700000000000	-4.1608438649239
1.6720000000000	-4.1537017328564
1.6740000000000	-4.1466274230740
1.6760000000000	-4.1396211711731
1.6780000000000	-4.1326831996894
1.6800000000000	-4.1258137179938
1.6820000000000	-4.1190129221922
1.6840000000000	-4.1122809950316
1.6860000000000	-4.1056181058109
1.6880000000000	-4.0990244102976
1.6900000000000	-4.0925000506487
1.6920000000000	-4.0860451553391
1.6940000000000	-4.0796598390935
1.6960000000000	-4.0733442028250
1.6980000000000	-4.0670983335798
1.7000000000000	-4.0609223044860
1.7020000000000	-4.0548161747105
1.7040000000000	-4.0487799894194
1.7060000000000	-4.0428137797460
1.7080000000000	-4.0369175627640
1.7100000000000	-4.0310913414665
1.7120000000000	-4.0253351047516
1.7140000000000	-4.0196488274134
1.7160000000000	-4.0140324701393
1.7180000000000	-4.0084859795137
1.7200000000000	-4.0030092880270
1.7220000000000	-3.9976023140913
1.7240000000000	-3.9922649620620
1.7260000000000	-3.9869971222656
1.7280000000000	-3.9817986710333
1.7300000000000	-3.9766694707411
1.7320000000000	-3.9716093698553
1.7340000000000	-3.9666182029852
1.7360000000000	-3.9616957909404
1.7380000000000	-3.9568419407955
1.7400000000000	-3.9520564459596
1.7420000000000	-3.9473390862527
1.7440000000000	-3.9426896279873
1.7460000000000	-3.9381078240566
1.7480000000000	-3.9335934140278
1.7500000000000	-3.9291461242417
1.7520000000000	-3.9247656679178
1.7540000000000	-3.9204517452652
1.7560000000000	-3.9162040435993
1.7580000000000	-3.9120222374636
1.7600000000000	-3.9079059887573
1.7620000000000	-3.9038549468685
1.7640000000000	-3.8998687488124
1.7660000000000	-3.8959470193751
1.7680000000000	-3.8920893712624
1.7700000000000	-3.8882954052539
1.7720000000000	-3.8845647103619
1.7740000000000	-3.8808968639954
1.7760000000000	-3.8772914321293
1.7780000000000	-3.8737479694778
1.7800000000000	-3.8702660196728
1.7820000000000	-3.8668451154467
1.7840000000000	-3.8634847788201
1.7860000000000	-3.8601845212934
1.7880000000000	-3.8569438440430
1.7900000000000	-3.8537622381214
1.7920000000000	-3.8506391846616
1.7940000000000	-3.8475741550856
1.7960000000000	-3.8445666113159
1.7980000000000	-3.8416160059922
1.8000000000000	-3.8387217826900
1.8020000000000	-3.8358833761445
1.8040000000000	-3.8331002124759
1.8060000000000	-3.8303717094199
1.8080000000000	-3.8276972765600
1.8100000000000	-3.8250763155635
1.8120000000000	-3.8225082204199
1.8140000000000	-3.8199923776827
1.8160000000000	-3.8175281667134
1.8180000000000	-3.8151149599280
1.8200000000000	-3.8127521230463
1.8220000000000	-3.8104390153433
1.8240000000000	-3.8081749899023
1.8260000000000	-3.8059593938710
1.8280000000000	-3.8037915687187
1.8300000000000	-3.8016708504954
1.8320000000000	-3.7995965700932
1.8340000000000	-3.7975680535083
1.8360000000000	-3.7955846221052
1.8380000000000	-3.7936455928815
1.8400000000000	-3.7917502787346
1.8420000000000	-3.7898979887292
1.8440000000000	-3.7880880283651
1.8460000000000	-3.7863196998466
1.8480000000000	-3.7845923023524
1.8500000000000	-3.7829051323059
1.8520000000000	-3.7812574836457
1.8540000000000	-3.7796486480971
1.8560000000000	-3.7780779154432
1.8580000000000	-3.7765445737964
1.8600000000000	-3.7750479098696
1.8620000000000	-3.7735872092478
1.8640000000000	-3.7721617566586
1.8660000000000	-3.7707708362430
1.8680000000000	-3.7694137318257
1.8700000000000	-3.7680897271842
1.8720000000000	-3.7667981063181
1.8740000000000	-3.7655381537167
1.8760000000000	-3.7643091546262
1.8780000000000	-3.7631103953159
1.8800000000000	-3.7619411633428
1.8820000000000	-3.7608007478158
1.8840000000000	-3.7596884396575
1.8860000000000	-3.7586035318655
1.8880000000000	-3.7575453197717
1.8900000000000	-3.7565131012998
1.8920000000000	-3.7555061772218
1.8940000000000	-3.7545238514118
1.8960000000000	-3.7535654310986
1.8980000000000	-3.7526302271156
1.9000000000000	-3.7517175541492
1.9020000000000	-3.7508267309849
1.9040000000000	-3.7499570807507
1.9060000000000	-3.7491079311586
1.9080000000000	-3.7482786147436
1.9100000000000	-3.7474684690998
1.9120000000000	-3.7466768371140
1.9140000000000	-3.7459030671973
1.9160000000000	-3.7451465135127
1.9180000000000	-3.7444065362008
1.9200000000000	-3.7436825016020
1.9220000000000	-3.7429737824763
1.9240000000000	-3.7422797582192
1.9260000000000	-3.7415998150750
1.9280000000000	-3.7409333463466
1.9300000000000	-3.7402797526025
1.9320000000000	-3.7396384418794
1.9340000000000	-3.7390088298824
1.9360000000000	-3.7383903401811
1.9380000000000	-3.7377824044021
1.9400000000000	-3.7371844624183
1.9420000000000	-3.7365959625338
1.9440000000000	-3.7360163616659
1.9460000000000	-3.7354451255221
1.9480000000000	-3.7348817287744
1.9500000000000	-3.7343256552289
1.9520000000000	-3.7337763979915
1.9540000000000	-3.7332334596295
1.9560000000000	-3.7326963523296
1.9580000000000	-3.7321645980506
1.9600000000000	-3.7316377286730
1.9620000000000	-3.7311152861436
1.9640000000000	-3.7305968226163
1.9660000000000	-3.7300819005877
1.9680000000000	-3.7295700930288
1.9700000000000	-3.7290609835126
1.9720000000000	-3.7285541663363
1.9740000000000	-3.7280492466392
1.9760000000000	-3.7275458405164
1.9780000000000	-3.7270435751276
1.9800000000000	-3.7265420888005
1.9820000000000	-3.7260410311306
1.9840000000000	-3.7255400630756
1.9860000000000	-3.7250388570449
1.9880000000000	-3.7245370969842
1.9900000000000	-3.7240344784559
1.9920000000000	-3.7235307087134
1.9940000000000	-3.7230255067717
1.9960000000000	-3.7225186034720
1.9980000000000	-3.7220097415419
2.0000000000000	-3.7214986756501
2.0020000000000	-3.7209851724566
2.0040000000000	-3.7204690106573
2.0060000000000	-3.7199499810237
2.0080000000000	-3.7194278864376
2.0100000000000	-3.7189025419202
2.0120000000000	-3.7183737746566
2.0140000000000	-3.7178414240149
2.0160000000000	-3.7173053415600
2.0180000000000	-3.7167653910621
2.0200000000000	-3.7162214485005
2.0220000000000	-3.7156734020618
2.0240000000000	-3.7151211521328
2.0260000000000	-3.7145646112887
2.0280000000000	-3.7140037042750
2.0300000000000	-3.7134383679861
2.0320000000000	-3.7128685514362
2.0340000000000	-3.7122942157273
2.0360000000000	-3.7117153340108
2.0380000000000	-3.7111318914438
2.0400000000000	-3.7105438851409
2.0420000000000	-3.7099513241208
2.0440000000000	-3.7093542292469
2.0460000000000	-3.7087526331639
2.0480000000000	-3.7081465802289
2.0500000000000	-3.7075361264372
2.0520000000000	-3.7069213393431
2.0540000000000	-3.7063022979766
2.0560000000000	-3.7056790927536
2.0580000000000	-3.7050518253827
2.0600000000000	-3.7044206087662
2.0620000000000	-3.7037855668965
2.0640000000000	-3.7031468347482
2.0660000000000	-3.7025045581642
2.0680000000000	-3.7018588937388
2.0700000000000	-3.7012100086949
2.0720000000000	-3.7005580807573
2.0740000000000	-3.6999032980210
2.0760000000000	-3.6992458588155
2.0780000000000	-3.6985859715645
2.0800000000000	-3.6979238546415
2.0820000000000	-3.6972597362207
2.0840000000000	-3.6965938541243
2.0860000000000	-3.6959264556654
2.0880000000000	-3.6952577974870
2.0900000000000	-3.6945881453968
2.0920000000000	-3.6939177741989
2.0940000000000	-3.6932469675207
2.0960000000000	-3.6925760176372
2.0980000000000	-3.6919052252909
2.1000000000000	-3.6912348995087
2.1020000000000	-3.6905653574155
2.1040000000000	-3.6898969240442
2.1060000000000	-3.6892299321425
2.1080000000000	-3.6885647219773
2.1100000000000	-3.6879016411352
2.1120000000000	-3.6872410443210
2.1140000000000	-3.6865832931532
2.1160000000000	-3.6859287559563
2.1180000000000	-3.6852778075518
2.1200000000000	-3.6846308290459
2.1220000000000	-3.6839882076148
2.1240000000000	-3.6833503362892
2.1260000000000	-3.6827176137349
2.1280000000000	-3.6820904440331
2.1300000000000	-3.6814692364583
2.1320000000000	-3.6808544052544
2.1340000000000	-3.6802463694097
2.1360000000000	-3.6796455524305
2.1380000000000	-3.6790523821128
2.1400000000000	-3.6784672903143
2.1420000000000	-3.6778907127238
2.1440000000000	-3.6773230886310
2.1460000000000	-3.6767648606952
2.1480000000000	-3.6762164747132
2.1500000000000	-3.6756783793872
2.1520000000000	-3.6751510260921
2.1540000000000	-3.6746348686428
2.1560000000000	-3.6741303630618
2.1580000000000	-3.6736379673460
2.1600000000000	-3.6731581412351
2.1620000000000	-3.6726913459792
2.1640000000000	-3.6722380441078
2.1660000000000	-3.6717986991987
2.1680000000000	-3.6713737756487
2.1700000000000	-3.6709637384443
2.1720000000000	-3.6705690529339
2.1740000000000	-3.6701901846015
2.1760000000000	-3.6698275988412
2.1780000000000	-3.6694817607336
2.1800000000000	-3.6691531348234
2.1820000000000	-3.6688421848993
2.1840000000000	-3.6685493737752
2.1860000000000	-3.6682751630736
2.1880000000000	-3.6680200130115
2.1900000000000	-3.6677843821878
2.1920000000000	-3.6675687273735
2.1940000000000	-3.6673735033043
2.1960000000000	-3.6671991624757
2.1980000000000	-3.6670461549410
2.2000000000000	-3.6669149281116
2.2020000000000	-3.6668059265609
2.2040000000000	-3.6667195918306
2.2060000000000	-3.6666563622401
2.2080000000000	-3.6666166727000
2.2100000000000	-3.6666009545274
2.2120000000000	-3.6666096352660
2.2140000000000	-3.6666431385089
2.2160000000000	-3.6667018837251
2.2180000000000	-3.6667862860896
2.2200000000000	-3.6668967563173
2.2220000000000	-3.6670337005010
2.2240000000000	-3.6671975199524
2.2260000000000	-3.6673886110481
2.2280000000000	-3.6676073650787
2.2300000000000	-3.6678541681024
2.2320000000000	-3.6681294008030
2.2340000000000	-3.6684334383510
2.2360000000000	-3.6687666502704
2.2380000000000	-3.6691294003082
2.2400000000000	-3.6695220463098
2.2420000000000	-3.6699449400972
2.2440000000000	-3.6703984273527
2.2460000000000	-3.6708828475068
2.2480000000000	-3.6713985336297
2.2500000000000	-3.6719458123284
2.2520000000000	-3.6725250036477
2.2540000000000	-3.6731364209758
2.2560000000000	-3.6737803709543
2.2580000000000	-3.6744571533927
2.2600000000000	-3.6751670611877
2.2620000000000	-3.6759103802467
2.2640000000000	-3.6766873894162
2.2660000000000	-3.6774983604140
2.2680000000000	-3.6783435577668
2.2700000000000	-3.6792232387517
2.2720000000000	-3.6801376533423
2.2740000000000	-3.6810870441592
2.2760000000000	-3.6820716464251
2.2780000000000	-3.6830916879244
2.2800000000000	-3.6841473889666
2.2820000000000	-3.6852389623547
2.2840000000000	-3.6863666133574
2.2860000000000	-3.6875305396861
2.2880000000000	-3.6887309314756
2.2900000000000	-3.6899679712695
2.2920000000000	-3.6912418340088
2.2940000000000	-3.6925526870258
2.2960000000000	-3.6939006900416
2.2980000000000	-3.6952859951667
2.3000000000000	-3.6967087469069
2.3020000000000	-3.6981690821722
2.3040000000000	-3.6996671302896
2.3060000000000	-3.7012030130201
2.3080000000000	-3.7027768445787
2.3100000000000	-3.7043887316584
2.3120000000000	-3.7060387734579
2.3140000000000	-3.7077270617120
2.3160000000000	-3.7094536807267
2.3180000000000	-3.7112187074161
2.3200000000000	-3.7130222113438
2.3220000000000	-3.7148642547667
2.3240000000000	-3.7167448926821
2.3260000000000	-3.7186641728782
2.3280000000000	-3.7206221359868
2.3300000000000	-3.7226188155392
2.3320000000000	-3.7246542380252
2.3340000000000	-3.7267284229544
2.3360000000000	-3.7288413829201
2.3380000000000	-3.7309931236655
2.3400000000000	-3.7331836441534
2.3420000000000	-3.7354129366366
2.3440000000000	-3.7376809867321
2.3460000000000	-3.7399877734964
2.3480000000000	-3.7423332695036
2.3500000000000	-3.7447174409251
2.3520000000000	-3.7471402476111
2.3540000000000	-3.7496016431747
2.3560000000000	-3.7521015750769
2.3580000000000	-3.7546399847136
2.3600000000000	-3.7572168075042
2.3620000000000	-3.7598319729819
2.3640000000000	-3.7624854048850
2.3660000000000	-3.7651770212497
2.3680000000000	-3.7679067345045
2.3700000000000	-3.7706744515652
2.3720000000000	-3.7734800739315
2.3740000000000	-3.7763234977840
2.3760000000000	-3.7792046140831
2.3780000000000	-3.7821233086675
2.3800000000000	-3.7850794623550
2.3820000000000	-3.7880729510424
2.3840000000000	-3.7911036458071
2.3860000000000	-3.7941714130091
2.3880000000000	-3.7972761143932
2.3900000000000	-3.8004176071917
2.3920000000000	-3.8035957442278
2.3940000000000	-3.8068103740186
2.3960000000000	-3.8100613408789
2.3980000000000	-3.8133484850252
2.4000000000000	-3.8166716426789
2.4020000000000	-3.8200306461708
2.4040000000000	-3.8234253240444
2.4060000000000	-3.8268555011601
2.4080000000000	-3.8303209987982
2.4100000000000	-3.8338216347625
2.4120000000000	-3.8373572234835
2.4140000000000	-3.8409275761209
2.4160000000000	-3.8445325006657
2.4180000000000	-3.8481718020427
2.4200000000000	-3.8518452822116
2.4220000000000	-3.8555527402676
2.4240000000000	-3.8592939725423
2.4260000000000	-3.8630687727031
2.4280000000000	-3.8668769318521
2.4300000000000	-3.8707182386247
2.4320000000000	-3.8745924792871
2.4340000000000	-3.8784994378331
2.4360000000000	-3.8824388960798
2.4380000000000	-3.8864106337632
2.4400000000000	-3.8904144286323
2.4420000000000	-3.8944500565421
2.4440000000000	-3.8985172915464
2.4460000000000	-3.9026159059886
2.4480000000000	-3.9067456705928
2.4500000000000	-3.9109063545525
2.4520000000000	-3.9150977256191
2.4540000000000	-3.9193195501891
2.4560000000000	-3.9235715933899
2.4580000000000	-3.9278536191652
2.4600000000000	-3.9321653903581
2.4620000000000	-3.9365066687945
2.4640000000000	-3.9408772153637
2.4660000000000	-3.9452767900990
2.4680000000000	-3.9497051522569
2.4700000000000	-3.9541620603942
2.4720000000000	-3.9586472724453
2.4740000000000	-3.9631605457968
2.4760000000000	-3.9677016373615
2.4780000000000	-3.9722703036517
2.4800000000000	-3.9768663008498
2.4820000000000	-3.9814893848792
2.4840000000000	-3.9861393114725
2.4860000000000	-3.9908158362392
2.4880000000000	-3.9955187147322
2.4900000000000	-4.0002477025123
2.4920000000000	-4.0050025552120
2.4940000000000	-4.0097830285978
2.4960000000000	-4.0145888786312
2.4980000000000	-4.0194198615281
2.5000000000000	-4.0242757338174
2.5020000000000	-4.0291562523980
2.5040000000000	-4.0340611745945
2.5060000000000	-4.0389902582115
2.5080000000000	-4.0439432615872
2.5100000000000	-4.0489199436446
2.5120000000000	-4.0539200639425
2.5140000000000	-4.0589433827247
2.5160000000000	-4.0639896609681
2.5180000000000	-4.0690586604290
2.5200000000000	-4.0741501436894
2.5220000000000	-4.0792638742004
2.5240000000000	-4.0843996163258
2.5260000000000	-4.0895571353835
2.5280000000000	-4.0947361976865
2.5300000000000	-4.0999365705817
2.5320000000000	-4.1051580224887
2.5340000000000	-4.1104003229362
2.5360000000000	-4.1156632425983
2.5380000000000	-4.1209465533285
2.5400000000000	-4.1262500281942
2.5420000000000	-4.1315734415081
2.5440000000000	-4.1369165688600
2.5460000000000	-4.1422791871467
2.5480000000000	-4.1476610746013
2.5500000000000	-4.1530620108210
2.5520000000000	-4.1584817767939
2.5540000000000	-4.1639201549251
2.5560000000000	-4.1693769290614
2.5580000000000	-4.1748518845152
2.5600000000000	-4.1803448080873
2.5620000000000	-4.1858554880883
2.5640000000000	-4.1913837143602
2.5660000000000	-4.1969292782956
2.5680000000000	-4.2024919728568
2.5700000000000	-4.2080715925942
2.5720000000000	-4.2136679336627
2.5740000000000	-4.2192807938386
2.5760000000000	-4.2249099725343
2.5780000000000	-4.2305552708131
2.5800000000000	-4.2362164914028
2.5820000000000	-4.2418934387082
2.5840000000000	-4.2475859188232
2.5860000000000	-4.2532937395421
2.5880000000000	-4.2590167103695
2.5900000000000	-4.2647546425305
2.5920000000000	-4.2705073489787
2.5940000000000	-4.2762746444053
2.5960000000000	-4.2820563452453
2.5980000000000	-4.2878522696852
2.6000000000000	-4.2936622376682
2.6020000000000	-4.2994860708998
2.6040000000000	-4.3053235928523
2.6060000000000	-4.3111746287689
2.6080000000000	-4.3170390056669
2.6100000000000	-4.3229165523401
2.6120000000000	-4.3288070993615
2.6140000000000	-4.3347104790843
2.6160000000000	-4.3406265256431
2.6180000000000	-4.3465550749541
2.6200000000000	-4.3524959647149
2.6220000000000	-4.3584490344040
2.6240000000000	-4.3644141252793
2.6260000000000	-4.3703910803763
2.6280000000000	-4.3763797445062
2.6300000000000	-4.3823799642529
2.6320000000000	-4.3883915879699
2.6340000000000	-4.3944144657764
2.6360000000000	-4.4004484495538
2.6380000000000	-4.4064933929405
2.6400000000000	-4.4125491513276
2.6420000000000	-4.4186155818529
2.6440000000000	-4.4246925433958
2.6460000000000	-4.4307798965707
2.6480000000000	-4.4368775037210
2.6500000000000	-4.4429852289117
2.6520000000000	-4.4491029379228
2.6540000000000	-4.4552304982414
2.6560000000000	-4.4613677790539
2.6580000000000	-4.4675146512381
2.6600000000000	-4.4736709873546
2.6620000000000	-4.4798366616380
2.6640000000000	-4.4860115499879
2.6660000000000	-4.4921955299598
2.6680000000000	-4.4983884807553
2.6700000000000	-4.5045902832127
2.6720000000000	-4.5108008197962
2.6740000000000	-4.5170199745867
2.6760000000000	-4.5232476332703
2.6780000000000	-4.5294836831283
2.6800000000000	-4.5357280130261
2.6820000000000	-4.5419805134017
2.6840000000000	-4.5482410762551
2.6860000000000	-4.5545095951365
2.6880000000000	-4.5607859651344
2.6900000000000	-4.5670700828643
2.6920000000000	-4.5733618464565
2.6940000000000	-4.5796611555441
2.6960000000000	-4.5859679112505
2.6980000000000	-4.5922820161774
2.7000000000000	-4.5986033743922
2.7020000000000	-4.6049318914152
2.7040000000000	-4.6112674742071
2.7060000000000	-4.6176100311563
2.7080000000000	-4.6239594720655
2.7100000000000	-4.6303157081392
2.7120000000000	-4.6366786519703
2.7140000000000	-4.6430482175273
2.7160000000000	-4.6494243201405
2.7180000000000	-4.6558068764892
2.7200000000000	-4.6621958045881
2.7220000000000	-4.6685910237738
2.7240000000000	-4.6749924546916
2.7260000000000	-4.6814000192818
2.7280000000000	-4.6878136407662
2.7300000000000	-4.6942332436344
2.7320000000000	-4.7006587536305
2.7340000000000	-4.7070900977389
2.7360000000000	-4.7135272041714
2.7380000000000	-4.7199700023527
2.7400000000000	-4.7264184229074
2.7420000000000	-4.7328723976459
2.7440000000000	-4.7393318595507
2.7460000000000	-4.7457967427632
2.7480000000000	-4.7522669825693
2.7500000000000	-4.7587425153861
2.7520000000000	-4.7652232787483
2.7540000000000	-4.7717092112943
2.7560000000000	-4.7782002527528
2.7580000000000	-4.7846963439291
2.7600000000000	-4.7911974266914
2.7620000000000	-4.7977034439574
2.7640000000000	-4.8042143396806
2.7660000000000	-4.8107300588371
2.7680000000000	-4.8172505474119
2.7700000000000	-4.8237757523855
2.7720000000000	-4.8303056217208
2.7740000000000	-4.8368401043492
2.7760000000000	-4.8433791501581
2.7780000000000	-4.8499227099770
2.7800000000000	-4.8564707355648
2.7820000000000	-4.8630231795964
2.7840000000000	-4.8695799956496
2.7860000000000	-4.8761411381924
2.7880000000000	-4.8827065625700
2.7900000000000	-4.8892762249916
2.7920000000000	-4.8958500825180
2.7940000000000	-4.9024280930485
2.7960000000000	-4.9090102153085
2.7980000000000	-4.9155964088368
2.8000000000000	-4.9221866339731
2.8020000000000	-4.9287808518456
2.8040000000000	-4.9353790243582
2.8060000000000	-4.9419811141789
2.8080000000000	-4.9485870847270
2.8100000000000	-4.9551969001612
2.8120000000000	-4.9618105253674
2.8140000000000	-4.9684279259469
2.8160000000000	-4.9750490682044
2.8180000000000	-4.9816739191360
2.8200000000000	-4.9883024464176
2.8220000000000	-4.9949346183935
2.8240000000000	-5.0015704040644
2.8260000000000	-5.0082097730760
2.8280000000000	-5.0148526957080
2.8300000000000	-5.0214991428623
2.8320000000000	-5.0281490860520
2.8340000000000	-5.0348024973903
2.8360000000000	-5.0414593495793
2.8380000000000	-5.0481196158992
2.8400000000000	-5.0547832701976
2.8420000000000	-5.0614502868782
2.8440000000000	-5.0681206408907
2.8460000000000	-5.0747943077199
2.8480000000000	-5.0814712633753
2.8500000000000	-5.0881514843807
2.8520000000000	-5.0948349477639
2.8540000000000	-5.1015216310463
2.8560000000000	-5.1082115122332
2.8580000000000	-5.1149045698035
2.8600000000000	-5.1216007826997
2.8620000000000	-5.1283001303183
2.8640000000000	-5.1350025924999
2.8660000000000	-5.1417081495195
2.8680000000000	-5.1484167820773
2.8700000000000	-5.1551284712887
2.8720000000000	-5.1618431986754
2.8740000000000	-5.1685609461561
2.8760000000000	-5.1752816960368
2.8780000000000	-5.1820054310026
2.8800000000000	-5.1887321341080
2.8820000000000	-5.1954617887681
2.8840000000000	-5.2021943787503
2.8860000000000	-5.2089298881652
2.8880000000000	-5.2156683014578
2.8900000000000	-5.2224096033995
2.8920000000000	-5.2291537790794
2.8940000000000	-5.2359008138960
2.8960000000000	-5.2426506935489
2.8980000000000	-5.2494034040308
2.9000000000000	-5.2561589316196
2.9020000000000	-5.2629172628699
2.9040000000000	-5.2696783846057
2.9060000000000	-5.2764422839124
2.9080000000000	-5.2832089481291
2.9100000000000	-5.2899783648411
2.9120000000000	-5.2967505218723
2.9140000000000	-5.3035254072780
2.9160000000000	-5.3103030093373
2.9180000000000	-5.3170833165462
2.9200000000000	-5.3238663176099
2.9220000000000	-5.3306520014367
2.9240000000000	-5.3374403571300
2.9260000000000	-5.3442313739822
2.9280000000000	-5.3510250414674
2.9300000000000	-5.3578213492353
2.9320000000000	-5.3646202871038
2.9340000000000	-5.3714218450532
2.9360000000000	-5.3782260132193
2.9380000000000	-5.3850327818874
2.9400000000000	-5.3918421414857
2.9420000000000	-5.3986540825794
2.9440000000000	-5.4054685958643
2.9460000000000	-5.4122856721612
2.9480000000000	-5.4191053024096
2.9500000000000	-5.4259274776620
2.9520000000000	-5.4327521890780
2.9540000000000	-5.4395794279191
2.9560000000000	-5.4464091855424
2.9580000000000	-5.4532414533955
2.9600000000000	-5.4600762230111
2.9620000000000	-5.4669134860013
2.9640000000000	-5.4737532340527
2.9660000000000	-5.4805954589210
2.9680000000000	-5.4874401524257
2.9700000000000	-5.4942873064456
2.9720000000000	-5.5011369129131
2.9740000000000	-5.5079889638099
2.9760000000000	-5.5148434511619
2.9780000000000	-5.5217003670345
2.9800000000000	-5.5285597035280
2.9820000000000	-5.5354214527727
2.9840000000000	-5.5422856069249
2.9860000000000	-5.5491521581620
2.9880000000000	-5.5560210986784
2.9900000000000	-5.5628924206809
2.9920000000000	-5.5697661163849
2.9940000000000	-5.5766421780096
2.9960000000000	-5.5835205977747
2.9980000000000	-5.5904013678958
3.0000000000000	-5.5972844805804
3.0020000000000	-5.6041699280245
3.0040000000000	-5.6110577024084
3.0060000000000	-5.6179477958931
3.0080000000000	-5.6248402006164
3.0100000000000	-5.6317349086896
3.0120000000000	-5.6386319121938
3.0140000000000	-5.6455312031763
3.0160000000000	-5.6524327736474
3.0180000000000	-5.6593366155769
3.0200000000000	-5.6662427208908
3.0220000000000	-5.6731510814682
3.0240000000000	-5.6800616891379
3.0260000000000	-5.6869745356755
3.0280000000000	-5.6938896128003
3.0300000000000	-5.7008069121723
3.0320000000000	-5.7077264253893
3.0340000000000	-5.7146481439840
3.0360000000000	-5.7215720594212
3.0380000000000	-5.7284981630950
3.0400000000000	-5.7354264463264
3.0420000000000	-5.7423569003601
3.0440000000000	-5.7492895163627
3.0460000000000	-5.7562242854195
3.0480000000000	-5.7631611985322
3.0500000000000	-5.7701002466170
3.0520000000000	-5.7770414205014
3.0540000000000	-5.7839847109226
3.0560000000000	-5.7909301085251
3.0580000000000	-5.7978776038581
3.0600000000000	-5.8048271873741
3.0620000000000	-5.8117788494261
3.0640000000000	-5.8187325802660
3.0660000000000	-5.8256883700426
3.0680000000000	-5.8326462087994
3.0700000000000	-5.8396060864730
3.0720000000000	-5.8465679928911
3.0740000000000	-5.8535319177710
3.0760000000000	-5.8604978507174
3.0780000000000	-5.8674657812212
3.0800000000000	-5.8744356986575
3.0820000000000	-5.8814075922844
3.0840000000000	-5.8883814512409
3.0860000000000	-5.8953572645460
3.0880000000000	-5.9023350210969
3.0900000000000	-5.9093147096678
3.0920000000000	-5.9162963189083
3.0940000000000	-5.9232798373422
3.0960000000000	-5.9302652533666
3.0980000000000	-5.9372525552499
3.1000000000000	-5.9442417311314
3.1020000000000	-5.9512327690195
3.1040000000000	-5.9582256567913
3.1060000000000	-5.9652203821910
3.1080000000000	-5.9722169328290
3.1100000000000	-5.9792152961810
3.1120000000000	-5.9862154595872
3.1140000000000	-5.9932174102512
3.1160000000000	-6.0002211352392
3.1180000000000	-6.0072266214792
3.1200000000000	-6.0142338557603
3.1220000000000	-6.0212428247318
3.1240000000000	-6.0282535149026
3.1260000000000	-6.0352659126406
3.1280000000000	-6.0422800041720
3.1300000000000	-6.0492957755808
3.1320000000000	-6.0563132128079
3.1340000000000	-6.0633323016511
3.1360000000000	-6.0703530277644
3.1380000000000	-6.0773753766573
3.1400000000000	-6.0843993336947
3.1420000000000	-6.0914248840965
3.1440000000000	-6.0984520129372
3.1460000000000	-6.1054807051454
3.1480000000000	-6.1125109455039
3.1500000000000	-6.1195427186490
3.1520000000000	-6.1265760090708
3.1540000000000	-6.1336108011124
3.1560000000000	-6.1406470789704
3.1580000000000	-6.1476848266942
3.1600000000000	-6.1547240281864
3.1620000000000	-6.1617646672023
3.1640000000000	-6.1688067273501
3.1660000000000	-6.1758501920909
3.1680000000000	-6.1828950447387
3.1700000000000	-6.1899412684603
3.1720000000000	-6.1969888462756
3.1740000000000	-6.2040377610576
3.1760000000000	-6.2110879955325
3.1780000000000	-6.2181395322799
3.1800000000000	-6.2251923537331
3.1820000000000	-6.2322464421789
3.1840000000000	-6.2393017797584
3.1860000000000	-6.2463583484669
3.1880000000000	-6.2534161301543
3.1900000000000	-6.2604751065252
3.1920000000000	-6.2675352591398
3.1940000000000	-6.2745965694135
3.1960000000000	-6.2816590186178
3.1980000000000	-6.2887225878807
3.2000000000000	-6.2957872581867
#
#"Frequency / GHz"	"S1,3 [Magnitude / dB]"
#-----------------------------------------
1.2000000000000	-6.5564380547197
1.2020000000000	-6.5476362882673
1.2040000000000	-6.5388061275192
1.2060000000000	-6.5299475613769
1.2080000000000	-6.5210605811775
1.2100000000000	-6.5121451807351
1.2120000000000	-6.5032013563824
1.2140000000000	-6.4942291070123
1.2160000000000	-6.4852284341201
1.2180000000000	-6.4761993418458
1.2200000000000	-6.4671418370170
1.2220000000000	-6.4580559291912
1.2240000000000	-6.4489416306997
1.2260000000000	-6.4397989566907
1.2280000000000	-6.4306279251727
1.2300000000000	-6.4214285570590
1.2320000000000	-6.4122008762111
1.2340000000000	-6.4029449094840
1.2360000000000	-6.3936606867700
1.2380000000000	-6.3843482410437
1.2400000000000	-6.3750076084074
1.2420000000000	-6.3656388281358
1.2440000000000	-6.3562419427218
1.2460000000000	-6.3468169979215
1.2480000000000	-6.3373640428008
1.2500000000000	-6.3278831297802
1.2520000000000	-6.3183743146820
1.2540000000000	-6.3088376567754
1.2560000000000	-6.2992732188235
1.2580000000000	-6.2896810671296
1.2600000000000	-6.2800612715831
1.2620000000000	-6.2704139057072
1.2640000000000	-6.2607390467045
1.2660000000000	-6.2510367755044
1.2680000000000	-6.2413071768096
1.2700000000000	-6.2315503391431
1.2720000000000	-6.2217663548948
1.2740000000000	-6.2119553203688
1.2760000000000	-6.2021173358295
1.2780000000000	-6.1922525055495
1.2800000000000	-6.1823609378554
1.2820000000000	-6.1724427451750
1.2840000000000	-6.1624980440843
1.2860000000000	-6.1525269553532
1.2880000000000	-6.1425296039930
1.2900000000000	-6.1325061193021
1.2920000000000	-6.1224566349124
1.2940000000000	-6.1123812888357
1.2960000000000	-6.1022802235091
1.2980000000000	-6.0921535858410
1.3000000000000	-6.0820015272567
1.3020000000000	-6.0718242037434
1.3040000000000	-6.0616217758956
1.3060000000000	-6.0513944089593
1.3080000000000	-6.0411422728769
1.3100000000000	-6.0308655423312
1.3120000000000	-6.0205643967892
1.3140000000000	-6.0102390205453
1.3160000000000	-5.9998896027648
1.3180000000000	-5.9895163375259
1.3200000000000	-5.9791194238627
1.3220000000000	-5.9686990658060
1.3240000000000	-5.9582554724254
1.3260000000000	-5.9477888578695
1.3280000000000	-5.9372994414063
1.3300000000000	-5.9267874474628
1.3320000000000	-5.9162531056640
1.3340000000000	-5.9056966508715
1.3360000000000	-5.8951183232212
1.3380000000000	-5.8845183681603
1.3400000000000	-5.8738970364839
1.3420000000000	-5.8632545843705
1.3440000000000	-5.8525912734171
1.3460000000000	-5.8419073706734
1.3480000000000	-5.8312031486747
1.3500000000000	-5.8204788854748
1.3520000000000	-5.8097348646774
1.3540000000000	-5.7989713754669
1.3560000000000	-5.7881887126379
1.3580000000000	-5.7773871766240
1.3600000000000	-5.7665670735257
1.3620000000000	-5.7557287151370
1.3640000000000	-5.7448724189708
1.3660000000000	-5.7339985082839
1.3680000000000	-5.7231073120997
1.3700000000000	-5.7121991652309
1.3720000000000	-5.7012744083002
1.3740000000000	-5.6903333877602
1.3760000000000	-5.6793764559115
1.3780000000000	-5.6684039709202
1.3800000000000	-5.6574162968331
1.3820000000000	-5.6464138035928
1.3840000000000	-5.6353968670499
1.3860000000000	-5.6243658689749
1.3880000000000	-5.6133211970678
1.3900000000000	-5.6022632449671
1.3920000000000	-5.5911924122558
1.3940000000000	-5.5801091044674
1.3960000000000	-5.5690137330888
1.3980000000000	-5.5579067155628
1.4000000000000	-5.5467884752878
1.4020000000000	-5.5356594416162
1.4040000000000	-5.5245200498514
1.4060000000000	-5.5133707412420
1.4080000000000	-5.5022119629751
1.4100000000000	-5.4910441681668
1.4120000000000	-5.4798678158518
1.4140000000000	-5.4686833709697
1.4160000000000	-5.4574913043507
1.4180000000000	-5.4462920926980
1.4200000000000	-5.4350862185688
1.4220000000000	-5.4238741703529
1.4240000000000	-5.4126564422495
1.4260000000000	-5.4014335342412
1.4280000000000	-5.3902059520660
1.4300000000000	-5.3789742071874
1.4320000000000	-5.3677388167618
1.4340000000000	-5.3565003036031
1.4360000000000	-5.3452591961464
1.4380000000000	-5.3340160284074
1.4400000000000	-5.3227713399408
1.4420000000000	-5.3115256757956
1.4440000000000	-5.3002795864677
1.4460000000000	-5.2890336278509
1.4480000000000	-5.2777883611839
1.4500000000000	-5.2665443529960
1.4520000000000	-5.2553021750495
1.4540000000000	-5.2440624042794
1.4560000000000	-5.2328256227309
1.4580000000000	-5.2215924174938
1.4600000000000	-5.2103633806343
1.4620000000000	-5.1991391091236
1.4640000000000	-5.1879202047648
1.4660000000000	-5.1767072741159
1.4680000000000	-5.1655009284105
1.4700000000000	-5.1543017834755
1.4720000000000	-5.1431104596462
1.4740000000000	-5.1319275816780
1.4760000000000	-5.1207537786561
1.4780000000000	-5.1095896839011
1.4800000000000	-5.0984359348728
1.4820000000000	-5.0872931730704
1.4840000000000	-5.0761620439300
1.4860000000000	-5.0650431967193
1.4880000000000	-5.0539372844288
1.4900000000000	-5.0428449636609
1.4920000000000	-5.0317668945154
1.4940000000000	-5.0207037404719
1.4960000000000	-5.0096561682702
1.4980000000000	-4.9986248477868
1.5000000000000	-4.9876104519086
1.5020000000000	-4.9766136564043
1.5040000000000	-4.9656351397920
1.5060000000000	-4.9546755832046
1.5080000000000	-4.9437356702521
1.5100000000000	-4.9328160868805
1.5120000000000	-4.9219175212286
1.5140000000000	-4.9110406634816
1.5160000000000	-4.9001862057217
1.5180000000000	-4.8893548417764
1.5200000000000	-4.8785472670634
1.5220000000000	-4.8677641784331
1.5240000000000	-4.8570062740086
1.5260000000000	-4.8462742530225
1.5280000000000	-4.8355688156517
1.5300000000000	-4.8248906628486
1.5320000000000	-4.8142404961710
1.5340000000000	-4.8036190176086
1.5360000000000	-4.7930269294071
1.5380000000000	-4.7824649338905
1.5400000000000	-4.7719337332800
1.5420000000000	-4.7614340295116
1.5440000000000	-4.7509665240511
1.5460000000000	-4.7405319177061
1.5480000000000	-4.7301309104375
1.5500000000000	-4.7197642011672
1.5520000000000	-4.7094324875850
1.5540000000000	-4.6991364659530
1.5560000000000	-4.6888768309084
1.5580000000000	-4.6786542752642
1.5600000000000	-4.6684694898083
1.5620000000000	-4.6583231631014
1.5640000000000	-4.6482159812725
1.5660000000000	-4.6381486278138
1.5680000000000	-4.6281217833734
1.5700000000000	-4.6181361255476
1.5720000000000	-4.6081923286712
1.5740000000000	-4.5982910636070
1.5760000000000	-4.5884329975343
1.5780000000000	-4.5786187937369
1.5800000000000	-4.5688491113893
1.5820000000000	-4.5591246053429
1.5840000000000	-4.5494459259118
1.5860000000000	-4.5398137186575
1.5880000000000	-4.5302286241732
1.5900000000000	-4.5206912778689
1.5920000000000	-4.5112023097544
1.5940000000000	-4.5017623442245
1.5960000000000	-4.4923719998423
1.5980000000000	-4.4830318891241
1.6000000000000	-4.4737426183235
1.6020000000000	-4.4645047872169
1.6040000000000	-4.4553189888889
1.6060000000000	-4.4461858095184
1.6080000000000	-4.4371058281660
1.6100000000000	-4.4280796165615
1.6120000000000	-4.4191077388935
1.6140000000000	-4.4101907515990
1.6160000000000	-4.4013292031552
1.6180000000000	-4.3925236338721
1.6200000000000	-4.3837745756875
1.6220000000000	-4.3750825519626
1.6240000000000	-4.3664480772800
1.6260000000000	-4.3578716572440
1.6280000000000	-4.3493537882821
1.6300000000000	-4.3408949574494
1.6320000000000	-4.3324956422352
1.6340000000000	-4.3241563103715
1.6360000000000	-4.3158774196453
1.6380000000000	-4.3076594177121
1.6400000000000	-4.2995027419136
1.6420000000000	-4.2914078190974
1.6440000000000	-4.2833750654406
1.6460000000000	-4.2754048862757
1.6480000000000	-4.2674976759210
1.6500000000000	-4.2596538175133
1.6520000000000	-4.2518736828450
1.6540000000000	-4.2441576322046
1.6560000000000	-4.2365060142210
1.6580000000000	-4.2289191657120
1.6600000000000	-4.2213974115365
1.6620000000000	-4.2139410644513
1.6640000000000	-4.2065504249715
1.6660000000000	-4.1992257812363
1.6680000000000	-4.1919674088782
1.6700000000000	-4.1847755708975
1.6720000000000	-4.1776505175415
1.6740000000000	-4.1705924861882
1.6760000000000	-4.1636017012348
1.6780000000000	-4.1566783739915
1.6800000000000	-4.1498227025805
1.6820000000000	-4.1430348718395
1.6840000000000	-4.1363150532309
1.6860000000000	-4.1296634047566
1.6880000000000	-4.1230800708774
1.6900000000000	-4.1165651824387
1.6920000000000	-4.1101188566008
1.6940000000000	-4.1037411967759
1.6960000000000	-4.0974322925699
1.6980000000000	-4.0911922197300
1.7000000000000	-4.0850210400988
1.7020000000000	-4.0789188015730
1.7040000000000	-4.0728855380691
1.7060000000000	-4.0669212694946
1.7080000000000	-4.0610260017244
1.7100000000000	-4.0551997265848
1.7120000000000	-4.0494424218417
1.7140000000000	-4.0437540511963
1.7160000000000	-4.0381345642857
1.7180000000000	-4.0325838966905
1.7200000000000	-4.0271019699477
1.7220000000000	-4.0216886915705
1.7240000000000	-4.0163439550732
1.7260000000000	-4.0110676400030
1.7280000000000	-4.0058596119779
1.7300000000000	-4.0007197227295
1.7320000000000	-3.9956478101539
1.7340000000000	-3.9906436983664
1.7360000000000	-3.9857071977641
1.7380000000000	-3.9808381050934
1.7400000000000	-3.9760362035237
1.7420000000000	-3.9713012627272
1.7440000000000	-3.9666330389649
1.7460000000000	-3.9620312751773
1.7480000000000	-3.9574957010826
1.7500000000000	-3.9530260332790
1.7520000000000	-3.9486219753541
1.7540000000000	-3.9442832179988
1.7560000000000	-3.9400094391280
1.7580000000000	-3.9358003040056
1.7600000000000	-3.9316554653757
1.7620000000000	-3.9275745635993
1.7640000000000	-3.9235572267961
1.7660000000000	-3.9196030709911
1.7680000000000	-3.9157117002672
1.7700000000000	-3.9118827069226
1.7720000000000	-3.9081156716327
1.7740000000000	-3.9044101636178
1.7760000000000	-3.9007657408147
1.7780000000000	-3.8971819500540
1.7800000000000	-3.8936583272411
1.7820000000000	-3.8901943975426
1.7840000000000	-3.8867896755761
1.7860000000000	-3.8834436656057
1.7880000000000	-3.8801558617404
1.7900000000000	-3.8769257481376
1.7920000000000	-3.8737527992101
1.7940000000000	-3.8706364798370
1.7960000000000	-3.8675762455788
1.7980000000000	-3.8645715428955
1.8000000000000	-3.8616218093694
1.8020000000000	-3.8587264739300
1.8040000000000	-3.8558849570830
1.8060000000000	-3.8530966711425
1.8080000000000	-3.8503610204663
1.8100000000000	-3.8476774016938
1.8120000000000	-3.8450452039870
1.8140000000000	-3.8424638092745
1.8160000000000	-3.8399325924976
1.8180000000000	-3.8374509218591
1.8200000000000	-3.8350181590749
1.8220000000000	-3.8326336596269
1.8240000000000	-3.8302967730186
1.8260000000000	-3.8280068430330
1.8280000000000	-3.8257632079918
1.8300000000000	-3.8235652010162
1.8320000000000	-3.8214121502902
1.8340000000000	-3.8193033793243
1.8360000000000	-3.8172382072214
1.8380000000000	-3.8152159489435
1.8400000000000	-3.8132359155798
1.8420000000000	-3.8112974146154
1.8440000000000	-3.8093997502012
1.8460000000000	-3.8075422234248
1.8480000000000	-3.8057241325810
1.8500000000000	-3.8039447734441
1.8520000000000	-3.8022034395398
1.8540000000000	-3.8004994224175
1.8560000000000	-3.7988320119228
1.8580000000000	-3.7972004964702
1.8600000000000	-3.7956041633153
1.8620000000000	-3.7940422988276
1.8640000000000	-3.7925141887617
1.8660000000000	-3.7910191185295
1.8680000000000	-3.7895563734708
1.8700000000000	-3.7881252391239
1.8720000000000	-3.7867250014950
1.8740000000000	-3.7853549473271
1.8760000000000	-3.7840143643679
1.8780000000000	-3.7827025416358
1.8800000000000	-3.7814187696864
1.8820000000000	-3.7801623408760
1.8840000000000	-3.7789325496246
1.8860000000000	-3.7777286926774
1.8880000000000	-3.7765500693645
1.8900000000000	-3.7753959818588
1.8920000000000	-3.7742657354324
1.8940000000000	-3.7731586387112
1.8960000000000	-3.7720740039270
1.8980000000000	-3.7710111471679
1.9000000000000	-3.7699693886268
1.9020000000000	-3.7689480528472
1.9040000000000	-3.7679464689666
1.9060000000000	-3.7669639709580
1.9080000000000	-3.7659998978683
1.9100000000000	-3.7650535940547
1.9120000000000	-3.7641244094177
1.9140000000000	-3.7632116996323
1.9160000000000	-3.7623148263750
1.9180000000000	-3.7614331575493
1.9200000000000	-3.7605660675074
1.9220000000000	-3.7597129372686
1.9240000000000	-3.7588731547354
1.9260000000000	-3.7580461149057
1.9280000000000	-3.7572312200817
1.9300000000000	-3.7564278800757
1.9320000000000	-3.7556355124123
1.9340000000000	-3.7548535425274
1.9360000000000	-3.7540814039626
1.9380000000000	-3.7533185385574
1.9400000000000	-3.7525643966365
1.9420000000000	-3.7518184371938
1.9440000000000	-3.7510801280727
1.9460000000000	-3.7503489461419
1.9480000000000	-3.7496243774678
1.9500000000000	-3.7489059174825
1.9520000000000	-3.7481930711482
1.9540000000000	-3.7474853531165
1.9560000000000	-3.7467822878846
1.9580000000000	-3.7460834099463
1.9600000000000	-3.7453882639393
1.9620000000000	-3.7446964047878
1.9640000000000	-3.7440073978409
1.9660000000000	-3.7433208190062
1.9680000000000	-3.7426362548789
1.9700000000000	-3.7419533028671
1.9720000000000	-3.7412715713111
1.9740000000000	-3.7405906795992
1.9760000000000	-3.7399102582785
1.9780000000000	-3.7392299491604
1.9800000000000	-3.7385494054219
1.9820000000000	-3.7378682917021
1.9840000000000	-3.7371862841931
1.9860000000000	-3.7365030707272
1.9880000000000	-3.7358183508576
1.9900000000000	-3.7351318359358
1.9920000000000	-3.7344432491825
1.9940000000000	-3.7337523257546
1.9960000000000	-3.7330588128062
1.9980000000000	-3.7323624695453
2.0000000000000	-3.7316630672849
2.0020000000000	-3.7309603894889
2.0040000000000	-3.7302542318132
2.0060000000000	-3.7295444021415
2.0080000000000	-3.7288307206155
2.0100000000000	-3.7281130196604
2.0120000000000	-3.7273911440047
2.0140000000000	-3.7266649506954
2.0160000000000	-3.7259343091072
2.0180000000000	-3.7251991009466
2.0200000000000	-3.7244592202515
2.0220000000000	-3.7237145733842
2.0240000000000	-3.7229650790203
2.0260000000000	-3.7222106681316
2.0280000000000	-3.7214512839639
2.0300000000000	-3.7206868820098
2.0320000000000	-3.7199174299760
2.0340000000000	-3.7191429077452
2.0360000000000	-3.7183633073329
2.0380000000000	-3.7175786328393
2.0400000000000	-3.7167889003951
2.0420000000000	-3.7159941381034
2.0440000000000	-3.7151943859752
2.0460000000000	-3.7143896958603
2.0480000000000	-3.7135801313735
2.0500000000000	-3.7127657678146
2.0520000000000	-3.7119466920844
2.0540000000000	-3.7111230025955
2.0560000000000	-3.7102948091775
2.0580000000000	-3.7094622329776
2.0600000000000	-3.7086254063570
2.0620000000000	-3.7077844727813
2.0640000000000	-3.7069395867068
2.0660000000000	-3.7060909134619
2.0680000000000	-3.7052386291237
2.0700000000000	-3.7043829203904
2.0720000000000	-3.7035239844484
2.0740000000000	-3.7026620288355
2.0760000000000	-3.7017972712997
2.0780000000000	-3.7009299396530
2.0800000000000	-3.7000602716213
2.0820000000000	-3.6991885146905
2.0840000000000	-3.6983149259476
2.0860000000000	-3.6974397719187
2.0880000000000	-3.6965633284017
2.0900000000000	-3.6956858802968
2.0920000000000	-3.6948077214317
2.0940000000000	-3.6939291543839
2.0960000000000	-3.6930504902995
2.0980000000000	-3.6921720487074
2.1000000000000	-3.6912941573317
2.1020000000000	-3.6904171518995
2.1040000000000	-3.6895413759460
2.1060000000000	-3.6886671806164
2.1080000000000	-3.6877949244651
2.1100000000000	-3.6869249732512
2.1120000000000	-3.6860576997324
2.1140000000000	-3.6851934834553
2.1160000000000	-3.6843327105437
2.1180000000000	-3.6834757734839
2.1200000000000	-3.6826230709085
2.1220000000000	-3.6817750073777
2.1240000000000	-3.6809319931580
2.1260000000000	-3.6800944440000
2.1280000000000	-3.6792627809134
2.1300000000000	-3.6784374299414
2.1320000000000	-3.6776188219326
2.1340000000000	-3.6768073923118
2.1360000000000	-3.6760035808503
2.1380000000000	-3.6752078314337
2.1400000000000	-3.6744205918299
2.1420000000000	-3.6736423134557
2.1440000000000	-3.6728734511426
2.1460000000000	-3.6721144629027
2.1480000000000	-3.6713658096930
2.1500000000000	-3.6706279551807
2.1520000000000	-3.6699013655072
2.1540000000000	-3.6691865090529
2.1560000000000	-3.6684838562020
2.1580000000000	-3.6677938791066
2.1600000000000	-3.6671170514530
2.1620000000000	-3.6664538482266
2.1640000000000	-3.6658047454788
2.1660000000000	-3.6651702200943
2.1680000000000	-3.6645507495592
2.1700000000000	-3.6639468117301
2.1720000000000	-3.6633588846051
2.1740000000000	-3.6627874460950
2.1760000000000	-3.6622329737973
2.1780000000000	-3.6616959447706
2.1800000000000	-3.6611768353115
2.1820000000000	-3.6606761207330
2.1840000000000	-3.6601942751451
2.1860000000000	-3.6597317712375
2.1880000000000	-3.6592890800643
2.1900000000000	-3.6588666708311
2.1920000000000	-3.6584650106849
2.1940000000000	-3.6580845645063
2.1960000000000	-3.6577257947043
2.1980000000000	-3.6573891610140
2.2000000000000	-3.6570751202976
2.2020000000000	-3.6567841263476
2.2040000000000	-3.6565166296940
2.2060000000000	-3.6562730774138
2.2080000000000	-3.6560539129448
2.2100000000000	-3.6558595759020
2.2120000000000	-3.6556905018978
2.2140000000000	-3.6555471223659
2.2160000000000	-3.6554298643886
2.2180000000000	-3.6553391505280
2.2200000000000	-3.6552753986609
2.2220000000000	-3.6552390218177
2.2240000000000	-3.6552304280254
2.2260000000000	-3.6552500201541
2.2280000000000	-3.6552981957682
2.2300000000000	-3.6553753469811
2.2320000000000	-3.6554818603149
2.2340000000000	-3.6556181165636
2.2360000000000	-3.6557844906609
2.2380000000000	-3.6559813515525
2.2400000000000	-3.6562090620722
2.2420000000000	-3.6564679788233
2.2440000000000	-3.6567584520636
2.2460000000000	-3.6570808255953
2.2480000000000	-3.6574354366594
2.2500000000000	-3.6578226158345
2.2520000000000	-3.6582426869399
2.2540000000000	-3.6586959669437
2.2560000000000	-3.6591827658755
2.2580000000000	-3.6597033867430
2.2600000000000	-3.6602581254536
2.2620000000000	-3.6608472707408
2.2640000000000	-3.6614711040947
2.2660000000000	-3.6621298996974
2.2680000000000	-3.6628239243624
2.2700000000000	-3.6635534374792
2.2720000000000	-3.6643186909619
2.2740000000000	-3.6651199292029
2.2760000000000	-3.6659573890297
2.2780000000000	-3.6668312996680
2.2800000000000	-3.6677418827075
2.2820000000000	-3.6686893520733
2.2840000000000	-3.6696739140007
2.2860000000000	-3.6706957670147
2.2880000000000	-3.6717551019140
2.2900000000000	-3.6728521017586
2.2920000000000	-3.6739869418618
2.2940000000000	-3.6751597897864
2.2960000000000	-3.6763708053450
2.2980000000000	-3.6776201406037
2.3000000000000	-3.6789079398905
2.3020000000000	-3.6802343398068
2.3040000000000	-3.6815994692435
2.3060000000000	-3.6830034494001
2.3080000000000	-3.6844463938077
2.3100000000000	-3.6859284083559
2.3120000000000	-3.6874495913226
2.3140000000000	-3.6890100334080
2.3160000000000	-3.6906098177712
2.3180000000000	-3.6922490200709
2.3200000000000	-3.6939277085083
2.3220000000000	-3.6956459438742
2.3240000000000	-3.6974037795987
2.3260000000000	-3.6992012618034
2.3280000000000	-3.7010384293577
2.3300000000000	-3.7029153139365
2.3320000000000	-3.7048319400817
2.3340000000000	-3.7067883252662
2.3360000000000	-3.7087844799596
2.3380000000000	-3.7108204076977
2.3400000000000	-3.7128961051533
2.3420000000000	-3.7150115622103
2.3440000000000	-3.7171667620387
2.3460000000000	-3.7193616811733
2.3480000000000	-3.7215962895931
2.3500000000000	-3.7238705508039
2.3520000000000	-3.7261844219214
2.3540000000000	-3.7285378537576
2.3560000000000	-3.7309307909076
2.3580000000000	-3.7333631718390
2.3600000000000	-3.7358349289822
2.3620000000000	-3.7383459888228
2.3640000000000	-3.7408962719943
2.3660000000000	-3.7434856933737
2.3680000000000	-3.7461141621769
2.3700000000000	-3.7487815820557
2.3720000000000	-3.7514878511963
2.3740000000000	-3.7542328624180
2.3760000000000	-3.7570165032738
2.3780000000000	-3.7598386561504
2.3800000000000	-3.7626991983704
2.3820000000000	-3.7655980022946
2.3840000000000	-3.7685349354242
2.3860000000000	-3.7715098605050
2.3880000000000	-3.7745226356305
2.3900000000000	-3.7775731143466
2.3920000000000	-3.7806611457558
2.3940000000000	-3.7837865746223
2.3960000000000	-3.7869492414766
2.3980000000000	-3.7901489827206
2.4000000000000	-3.7933856307331
2.4020000000000	-3.7966590139744
2.4040000000000	-3.7999689570914
2.4060000000000	-3.8033152810229
2.4080000000000	-3.8066978031037
2.4100000000000	-3.8101163371696
2.4120000000000	-3.8135706936611
2.4140000000000	-3.8170606797274
2.4160000000000	-3.8205860993298
2.4180000000000	-3.8241467533445
2.4200000000000	-3.8277424396653
2.4220000000000	-3.8313729533048
2.4240000000000	-3.8350380864966
2.4260000000000	-3.8387376287951
2.4280000000000	-3.8424713671758
2.4300000000000	-3.8462390861344
2.4320000000000	-3.8500405677854
2.4340000000000	-3.8538755919596
2.4360000000000	-3.8577439363005
2.4380000000000	-3.8616453763610
2.4400000000000	-3.8655796856978
2.4420000000000	-3.8695466359655
2.4440000000000	-3.8735459970099
2.4460000000000	-3.8775775369598
2.4480000000000	-3.8816410223184
2.4500000000000	-3.8857362180527
2.4520000000000	-3.8898628876831
2.4540000000000	-3.8940207933707
2.4560000000000	-3.8982096960039
2.4580000000000	-3.9024293552845
2.4600000000000	-3.9066795298111
2.4620000000000	-3.9109599771634
2.4640000000000	-3.9152704539831
2.4660000000000	-3.9196107160553
2.4680000000000	-3.9239805183878
2.4700000000000	-3.9283796152890
2.4720000000000	-3.9328077604457
2.4740000000000	-3.9372647069980
2.4760000000000	-3.9417502076142
2.4780000000000	-3.9462640145639
2.4800000000000	-3.9508058797896
2.4820000000000	-3.9553755549775
2.4840000000000	-3.9599727916270
2.4860000000000	-3.9645973411178
2.4880000000000	-3.9692489547775
2.4900000000000	-3.9739273839461
2.4920000000000	-3.9786323800405
2.4940000000000	-3.9833636946170
2.4960000000000	-3.9881210794324
2.4980000000000	-3.9929042865046
2.5000000000000	-3.9977130681705
2.5020000000000	-4.0025471771442
2.5040000000000	-4.0074063665723
2.5060000000000	-4.0122903900895
2.5080000000000	-4.0171990018711
2.5100000000000	-4.0221319566861
2.5120000000000	-4.0270890099474
2.5140000000000	-4.0320699177617
2.5160000000000	-4.0370744369778
2.5180000000000	-4.0421023252335
2.5200000000000	-4.0471533410015
2.5220000000000	-4.0522272436339
2.5240000000000	-4.0573237934054
2.5260000000000	-4.0624427515554
2.5280000000000	-4.0675838803290
2.5300000000000	-4.0727469430164
2.5320000000000	-4.0779317039913
2.5340000000000	-4.0831379287483
2.5360000000000	-4.0883653839390
2.5380000000000	-4.0936138374064
2.5400000000000	-4.0988830582195
2.5420000000000	-4.1041728167050
2.5440000000000	-4.1094828844794
2.5460000000000	-4.1148130344791
2.5480000000000	-4.1201630409898
2.5500000000000	-4.1255326796745
2.5520000000000	-4.1309217276008
2.5540000000000	-4.1363299632670
2.5560000000000	-4.1417571666269
2.5580000000000	-4.1472031191141
2.5600000000000	-4.1526676036648
2.5620000000000	-4.1581504047396
2.5640000000000	-4.1636513083452
2.5660000000000	-4.1691701020536
2.5680000000000	-4.1747065750220
2.5700000000000	-4.1802605180104
2.5720000000000	-4.1858317233993
2.5740000000000	-4.1914199852055
2.5760000000000	-4.1970250990983
2.5780000000000	-4.2026468624135
2.5800000000000	-4.2082850741676
2.5820000000000	-4.2139395350702
2.5840000000000	-4.2196100475369
2.5860000000000	-4.2252964156995
2.5880000000000	-4.2309984454176
2.5900000000000	-4.2367159442876
2.5920000000000	-4.2424487216519
2.5940000000000	-4.2481965886071
2.5960000000000	-4.2539593580115
2.5980000000000	-4.2597368444918
2.6000000000000	-4.2655288644495
2.6020000000000	-4.2713352360657
2.6040000000000	-4.2771557793064
2.6060000000000	-4.2829903159263
2.6080000000000	-4.2888386694723
2.6100000000000	-4.2947006652862
2.6120000000000	-4.3005761305072
2.6140000000000	-4.3064648940731
2.6160000000000	-4.3123667867216
2.6180000000000	-4.3182816409910
2.6200000000000	-4.3242092912194
2.6220000000000	-4.3301495735448
2.6240000000000	-4.3361023259036
2.6260000000000	-4.3420673880290
2.6280000000000	-4.3480446014488
2.6300000000000	-4.3540338094831
2.6320000000000	-4.3600348572405
2.6340000000000	-4.3660475916154
2.6360000000000	-4.3720718612832
2.6380000000000	-4.3781075166966
2.6400000000000	-4.3841544100799
2.6420000000000	-4.3902123954247
2.6440000000000	-4.3962813284834
2.6460000000000	-4.4023610667637
2.6480000000000	-4.4084514695220
2.6500000000000	-4.4145523977567
2.6520000000000	-4.4206637142007
2.6540000000000	-4.4267852833148
2.6560000000000	-4.4329169712791
2.6580000000000	-4.4390586459851
2.6600000000000	-4.4452101770278
2.6620000000000	-4.4513714356964
2.6640000000000	-4.4575422949654
2.6660000000000	-4.4637226294860
2.6680000000000	-4.4699123155758
2.6700000000000	-4.4761112312093
2.6720000000000	-4.4823192560082
2.6740000000000	-4.4885362712309
2.6760000000000	-4.4947621597620
2.6780000000000	-4.5009968061018
2.6800000000000	-4.5072400963551
2.6820000000000	-4.5134919182208
2.6840000000000	-4.5197521609797
2.6860000000000	-4.5260207154839
2.6880000000000	-4.5322974741447
2.6900000000000	-4.5385823309210
2.6920000000000	-4.5448751813071
2.6940000000000	-4.5511759223212
2.6960000000000	-4.5574844524925
2.6980000000000	-4.5638006718493
2.7000000000000	-4.5701244819061
2.7020000000000	-4.5764557856516
2.7040000000000	-4.5827944875353
2.7060000000000	-4.5891404934552
2.7080000000000	-4.5954937107445
2.7100000000000	-4.6018540481590
2.7120000000000	-4.6082214158634
2.7140000000000	-4.6145957254187
2.7160000000000	-4.6209768897688
2.7180000000000	-4.6273648232267
2.7200000000000	-4.6337594414619
2.7220000000000	-4.6401606614862
2.7240000000000	-4.6465684016407
2.7260000000000	-4.6529825815822
2.7280000000000	-4.6594031222693
2.7300000000000	-4.6658299459491
2.7320000000000	-4.6722629761433
2.7340000000000	-4.6787021376348
2.7360000000000	-4.6851473564539
2.7380000000000	-4.6915985598642
2.7400000000000	-4.6980556763496
2.7420000000000	-4.7045186355997
2.7440000000000	-4.7109873684970
2.7460000000000	-4.7174618071022
2.7480000000000	-4.7239418846412
2.7500000000000	-4.7304275354908
2.7520000000000	-4.7369186951655
2.7540000000000	-4.7434153003034
2.7560000000000	-4.7499172886525
2.7580000000000	-4.7564245990574
2.7600000000000	-4.7629371714452
2.7620000000000	-4.7694549468122
2.7640000000000	-4.7759778672100
2.7660000000000	-4.7825058757323
2.7680000000000	-4.7890389165011
2.7700000000000	-4.7955769346533
2.7720000000000	-4.8021198763274
2.7740000000000	-4.8086676886497
2.7760000000000	-4.8152203197214
2.7780000000000	-4.8217777186052
2.7800000000000	-4.8283398353117
2.7820000000000	-4.8349066207865
2.7840000000000	-4.8414780268973
2.7860000000000	-4.8480540064202
2.7880000000000	-4.8546345130272
2.7900000000000	-4.8612195012729
2.7920000000000	-4.8678089265819
2.7940000000000	-4.8744027452357
2.7960000000000	-4.8810009143600
2.7980000000000	-4.8876033919122
2.8000000000000	-4.8942101366685
2.8020000000000	-4.9008211082116
2.8040000000000	-4.9074362669179
2.8060000000000	-4.9140555739455
2.8080000000000	-4.9206789912214
2.8100000000000	-4.9273064814297
2.8120000000000	-4.9339380079992
2.8140000000000	-4.9405735350913
2.8160000000000	-4.9472130275879
2.8180000000000	-4.9538564510798
2.8200000000000	-4.9605037718545
2.8220000000000	-4.9671549568846
2.8240000000000	-4.9738099738162
2.8260000000000	-4.9804687909571
2.8280000000000	-4.9871313772654
2.8300000000000	-4.9937977023382
2.8320000000000	-5.0004677364000
2.8340000000000	-5.0071414502916
2.8360000000000	-5.0138188154591
2.8380000000000	-5.0204998039427
2.8400000000000	-5.0271843883655
2.8420000000000	-5.0338725419230
2.8440000000000	-5.0405642383720
2.8460000000000	-5.0472594520204
2.8480000000000	-5.0539581577158
2.8500000000000	-5.0606603308357
2.8520000000000	-5.0673659472767
2.8540000000000	-5.0740749834442
2.8560000000000	-5.0807874162425
2.8580000000000	-5.0875032230640
2.8600000000000	-5.0942223817799
2.8620000000000	-5.1009448707298
2.8640000000000	-5.1076706687118
2.8660000000000	-5.1143997549729
2.8680000000000	-5.1211321091995
2.8700000000000	-5.1278677115074
2.8720000000000	-5.1346065424326
2.8740000000000	-5.1413485829219
2.8760000000000	-5.1480938143234
2.8780000000000	-5.1548422183777
2.8800000000000	-5.1615937772084
2.8820000000000	-5.1683484733131
2.8840000000000	-5.1751062895549
2.8860000000000	-5.1818672091531
2.8880000000000	-5.1886312156748
2.8900000000000	-5.1953982930260
2.8920000000000	-5.2021684254432
2.8940000000000	-5.2089415974851
2.8960000000000	-5.2157177940238
2.8980000000000	-5.2224970002372
2.9000000000000	-5.2292792016002
2.9020000000000	-5.2360643838768
2.9040000000000	-5.2428525331124
2.9060000000000	-5.2496436356256
2.9080000000000	-5.2564376780003
2.9100000000000	-5.2632346470786
2.9120000000000	-5.2700345299524
2.9140000000000	-5.2768373139563
2.9160000000000	-5.2836429866602
2.9180000000000	-5.2904515358618
2.9200000000000	-5.2972629495792
2.9220000000000	-5.3040772160441
2.9240000000000	-5.3108943236944
2.9260000000000	-5.3177142611675
2.9280000000000	-5.3245370172930
2.9300000000000	-5.3313625810863
2.9320000000000	-5.3381909417414
2.9340000000000	-5.3450220886248
2.9360000000000	-5.3518560112685
2.9380000000000	-5.3586926993637
2.9400000000000	-5.3655321427544
2.9420000000000	-5.3723743314312
2.9440000000000	-5.3792192555247
2.9460000000000	-5.3860669053000
2.9480000000000	-5.3929172711499
2.9500000000000	-5.3997703435897
2.9520000000000	-5.4066261132506
2.9540000000000	-5.4134845708743
2.9560000000000	-5.4203457073074
2.9580000000000	-5.4272095134952
2.9600000000000	-5.4340759804767
2.9620000000000	-5.4409450993790
2.9640000000000	-5.4478168614116
2.9660000000000	-5.4546912578613
2.9680000000000	-5.4615682800871
2.9700000000000	-5.4684479195146
2.9720000000000	-5.4753301676313
2.9740000000000	-5.4822150159815
2.9760000000000	-5.4891024561612
2.9780000000000	-5.4959924798135
2.9800000000000	-5.5028850786235
2.9820000000000	-5.5097802443139
2.9840000000000	-5.5166779686400
2.9860000000000	-5.5235782433856
2.9880000000000	-5.5304810603580
2.9900000000000	-5.5373864113839
2.9920000000000	-5.5442942883052
2.9940000000000	-5.5512046829742
2.9960000000000	-5.5581175872499
2.9980000000000	-5.5650329929934
3.0000000000000	-5.5719508920645
3.0020000000000	-5.5788712763170
3.0040000000000	-5.5857941375950
3.0060000000000	-5.5927194677294
3.0080000000000	-5.5996472585336
3.0100000000000	-5.6065775018001
3.0120000000000	-5.6135101892966
3.0140000000000	-5.6204453127626
3.0160000000000	-5.6273828639058
3.0180000000000	-5.6343228343987
3.0200000000000	-5.6412652158752
3.0220000000000	-5.6482099999269
3.0240000000000	-5.6551571781005
3.0260000000000	-5.6621067418940
3.0280000000000	-5.6690586827539
3.0300000000000	-5.6760129920718
3.0320000000000	-5.6829696611819
3.0340000000000	-5.6899286813574
3.0360000000000	-5.6968900438081
3.0380000000000	-5.7038537396771
3.0400000000000	-5.7108197600387
3.0420000000000	-5.7177880958947
3.0440000000000	-5.7247587381727
3.0460000000000	-5.7317316777229
3.0480000000000	-5.7387069053157
3.0500000000000	-5.7456844116392
3.0520000000000	-5.7526641872968
3.0540000000000	-5.7596462228048
3.0560000000000	-5.7666305085899
3.0580000000000	-5.7736170349872
3.0600000000000	-5.7806057922378
3.0620000000000	-5.7875967704866
3.0640000000000	-5.7945899597804
3.0660000000000	-5.8015853500655
3.0680000000000	-5.8085829311859
3.0700000000000	-5.8155826928813
3.0720000000000	-5.8225846247853
3.0740000000000	-5.8295887164233
3.0760000000000	-5.8365949572108
3.0780000000000	-5.8436033364517
3.0800000000000	-5.8506138433364
3.0820000000000	-5.8576264669404
3.0840000000000	-5.8646411962225
3.0860000000000	-5.8716580200232
3.0880000000000	-5.8786769270632
3.0900000000000	-5.8856979059422
3.0920000000000	-5.8927209451368
3.0940000000000	-5.8997460329999
3.0960000000000	-5.9067731577589
3.0980000000000	-5.9138023075143
3.1000000000000	-5.9208334702388
3.1020000000000	-5.9278666337760
3.1040000000000	-5.9349017858389
3.1060000000000	-5.9419389140091
3.1080000000000	-5.9489780057359
3.1100000000000	-5.9560190483345
3.1120000000000	-5.9630620289858
3.1140000000000	-5.9701069347353
3.1160000000000	-5.9771537524915
3.1180000000000	-5.9842024690259
3.1200000000000	-5.9912530709716
3.1220000000000	-5.9983055448229
3.1240000000000	-6.0053598769340
3.1260000000000	-6.0124160535188
3.1280000000000	-6.0194740606499
3.1300000000000	-6.0265338842580
3.1320000000000	-6.0335955101314
3.1340000000000	-6.0406589239153
3.1360000000000	-6.0477241111113
3.1380000000000	-6.0547910570768
3.1400000000000	-6.0618597470247
3.1420000000000	-6.0689301660230
3.1440000000000	-6.0760022989939
3.1460000000000	-6.0830761307142
3.1480000000000	-6.0901516458142
3.1500000000000	-6.0972288287780
3.1520000000000	-6.1043076639429
3.1540000000000	-6.1113881354991
3.1560000000000	-6.1184702274898
3.1580000000000	-6.1255539238107
3.1600000000000	-6.1326392082101
3.1620000000000	-6.1397260642887
3.1640000000000	-6.1468144754994
3.1660000000000	-6.1539044251474
3.1680000000000	-6.1609958963899
3.1700000000000	-6.1680888722367
3.1720000000000	-6.1751833355495
3.1740000000000	-6.1822792690423
3.1760000000000	-6.1893766552817
3.1780000000000	-6.1964754766867
3.1800000000000	-6.2035757155287
3.1820000000000	-6.2106773539323
3.1840000000000	-6.2177803738747
3.1860000000000	-6.2248847571865
3.1880000000000	-6.2319904855517
3.1900000000000	-6.2390975405081
3.1920000000000	-6.2462059034473
3.1940000000000	-6.2533155556154
3.1960000000000	-6.2604264781132
3.1980000000000	-6.2675386518963
3.2000000000000	-6.2746520577760
#
#"Frequency / GHz"	"S2,3 [Magnitude / dB]"
#-----------------------------------------
1.2000000000000	-8.8542004441840
1.2020000000000	-8.8537571825084
1.2040000000000	-8.8533090491417
1.2060000000000	-8.8528562766635
1.2080000000000	-8.8523991008370
1.2100000000000	-8.8519377606481
1.2120000000000	-8.8514724983439
1.2140000000000	-8.8510035594720
1.2160000000000	-8.8505311929204
1.2180000000000	-8.8500556509575
1.2200000000000	-8.8495771892723
1.2220000000000	-8.8490960670159
1.2240000000000	-8.8486125468425
1.2260000000000	-8.8481268949512
1.2280000000000	-8.8476393811285
1.2300000000000	-8.8471502787906
1.2320000000000	-8.8466598650268
1.2340000000000	-8.8461684206430
1.2360000000000	-8.8456762302052
1.2380000000000	-8.8451835820848
1.2400000000000	-8.8446907685026
1.2420000000000	-8.8441980855744
1.2440000000000	-8.8437058333570
1.2460000000000	-8.8432143158940
1.2480000000000	-8.8427238412625
1.2500000000000	-8.8422347216205
1.2520000000000	-8.8417472732538
1.2540000000000	-8.8412618166247
1.2560000000000	-8.8407786764198
1.2580000000000	-8.8402981815993
1.2600000000000	-8.8398206654461
1.2620000000000	-8.8393464656157
1.2640000000000	-8.8388759241863
1.2660000000000	-8.8384093877096
1.2680000000000	-8.8379472072620
1.2700000000000	-8.8374897384960
1.2720000000000	-8.8370373416924
1.2740000000000	-8.8365903818126
1.2760000000000	-8.8361492285520
1.2780000000000	-8.8357142563927
1.2800000000000	-8.8352858446582
1.2820000000000	-8.8348643775670
1.2840000000000	-8.8344502442876
1.2860000000000	-8.8340438389939
1.2880000000000	-8.8336455609205
1.2900000000000	-8.8332558144191
1.2920000000000	-8.8328750090149
1.2940000000000	-8.8325035594635
1.2960000000000	-8.8321418858085
1.2980000000000	-8.8317904134394
1.3000000000000	-8.8314495731496
1.3020000000000	-8.8311198011952
1.3040000000000	-8.8308015393546
1.3060000000000	-8.8304952349874
1.3080000000000	-8.8302013410950
1.3100000000000	-8.8299203163805
1.3120000000000	-8.8296526253101
1.3140000000000	-8.8293987381738
1.3160000000000	-8.8291591311474
1.3180000000000	-8.8289342863545
1.3200000000000	-8.8287246919289
1.3220000000000	-8.8285308420775
1.3240000000000	-8.8283532371433
1.3260000000000	-8.8281923836696
1.3280000000000	-8.8280487944633
1.3300000000000	-8.8279229886597
1.3320000000000	-8.8278154917872
1.3340000000000	-8.8277268358320
1.3360000000000	-8.8276575593042
1.3380000000000	-8.8276082073028
1.3400000000000	-8.8275793315825
1.3420000000000	-8.8275714906198
1.3440000000000	-8.8275852496796
1.3460000000000	-8.8276211808826
1.3480000000000	-8.8276798632724
1.3500000000000	-8.8277618828834
1.3520000000000	-8.8278678328086
1.3540000000000	-8.8279983132675
1.3560000000000	-8.8281539316754
1.3580000000000	-8.8283353027112
1.3600000000000	-8.8285430483867
1.3620000000000	-8.8287777981163
1.3640000000000	-8.8290401887855
1.3660000000000	-8.8293308648212
1.3680000000000	-8.8296504782612
1.3700000000000	-8.8299996888242
1.3720000000000	-8.8303791639802
1.3740000000000	-8.8307895790205
1.3760000000000	-8.8312316171282
1.3780000000000	-8.8317059694489
1.3800000000000	-8.8322133351614
1.3820000000000	-8.8327544215482
1.3840000000000	-8.8333299440666
1.3860000000000	-8.8339406264198
1.3880000000000	-8.8345872006273
1.3900000000000	-8.8352704070964
1.3920000000000	-8.8359909946932
1.3940000000000	-8.8367497208130
1.3960000000000	-8.8375473514523
1.3980000000000	-8.8383846612789
1.4000000000000	-8.8392624337031
1.4020000000000	-8.8401814609487
1.4040000000000	-8.8411425441233
1.4060000000000	-8.8421464932892
1.4080000000000	-8.8431941275341
1.4100000000000	-8.8442862750407
1.4120000000000	-8.8454237731575
1.4140000000000	-8.8466074684686
1.4160000000000	-8.8478382168630
1.4180000000000	-8.8491168836048
1.4200000000000	-8.8504443434017
1.4220000000000	-8.8518214804743
1.4240000000000	-8.8532491886248
1.4260000000000	-8.8547283713049
1.4280000000000	-8.8562599416842
1.4300000000000	-8.8578448227174
1.4320000000000	-8.8594839472114
1.4340000000000	-8.8611782578925
1.4360000000000	-8.8629287074719
1.4380000000000	-8.8647362587122
1.4400000000000	-8.8666018844922
1.4420000000000	-8.8685265678718
1.4440000000000	-8.8705113021563
1.4460000000000	-8.8725570909597
1.4480000000000	-8.8746649482681
1.4500000000000	-8.8768358985015
1.4520000000000	-8.8790709765762
1.4540000000000	-8.8813712279652
1.4560000000000	-8.8837377087590
1.4580000000000	-8.8861714857245
1.4600000000000	-8.8886736363646
1.4620000000000	-8.8912452489754
1.4640000000000	-8.8938874227042
1.4660000000000	-8.8966012676050
1.4680000000000	-8.8993879046944
1.4700000000000	-8.9022484660063
1.4720000000000	-8.9051840946450
1.4740000000000	-8.9081959448384
1.4760000000000	-8.9112851819893
1.4780000000000	-8.9144529827263
1.4800000000000	-8.9177005349533
1.4820000000000	-8.9210290378984
1.4840000000000	-8.9244397021609
1.4860000000000	-8.9279337497582
1.4880000000000	-8.9315124141706
1.4900000000000	-8.9351769403860
1.4920000000000	-8.9389285849421
1.4940000000000	-8.9427686159691
1.4960000000000	-8.9466983132290
1.4980000000000	-8.9507189681561
1.5000000000000	-8.9548318838942
1.5020000000000	-8.9590383753334
1.5040000000000	-8.9633397691459
1.5060000000000	-8.9677374038199
1.5080000000000	-8.9722326296921
1.5100000000000	-8.9768268089797
1.5120000000000	-8.9815213158096
1.5140000000000	-8.9863175362478
1.5160000000000	-8.9912168683265
1.5180000000000	-8.9962207220694
1.5200000000000	-9.0013305195168
1.5220000000000	-9.0065476947483
1.5240000000000	-9.0118736939043
1.5260000000000	-9.0173099752063
1.5280000000000	-9.0228580089753
1.5300000000000	-9.0285192776492
1.5320000000000	-9.0342952757988
1.5340000000000	-9.0401875101416
1.5360000000000	-9.0461974995551
1.5380000000000	-9.0523267750880
1.5400000000000	-9.0585768799703
1.5420000000000	-9.0649493696221
1.5440000000000	-9.0714458116602
1.5460000000000	-9.0780677859044
1.5480000000000	-9.0848168843816
1.5500000000000	-9.0916947113290
1.5520000000000	-9.0987028831956
1.5540000000000	-9.1058430286424
1.5560000000000	-9.1131167885420
1.5580000000000	-9.1205258159759
1.5600000000000	-9.1280717762310
1.5620000000000	-9.1357563467955
1.5640000000000	-9.1435812173525
1.5660000000000	-9.1515480897735
1.5680000000000	-9.1596586781099
1.5700000000000	-9.1679147085847
1.5720000000000	-9.1763179195818
1.5740000000000	-9.1848700616355
1.5760000000000	-9.1935728974187
1.5780000000000	-9.2024282017301
1.5800000000000	-9.2114377614811
1.5820000000000	-9.2206033756818
1.5840000000000	-9.2299268554263
1.5860000000000	-9.2394100238781
1.5880000000000	-9.2490547162539
1.5900000000000	-9.2588627798084
1.5920000000000	-9.2688360738182
1.5940000000000	-9.2789764695650
1.5960000000000	-9.2892858503202
1.5980000000000	-9.2997661113279
1.6000000000000	-9.3104191597896
1.6020000000000	-9.3212469148479
1.6040000000000	-9.3322513075714
1.6060000000000	-9.3434342809397
1.6080000000000	-9.3547977898297
1.6100000000000	-9.3663438010017
1.6120000000000	-9.3780742930872
1.6140000000000	-9.3899912565776
1.6160000000000	-9.4020966938139
1.6180000000000	-9.4143926189784
1.6200000000000	-9.4268810580868
1.6220000000000	-9.4395640489834
1.6240000000000	-9.4524436413372
1.6260000000000	-9.4655218966406
1.6280000000000	-9.4788008882100
1.6300000000000	-9.4922827011890
1.6320000000000	-9.5059694325544
1.6340000000000	-9.5198631911248
1.6360000000000	-9.5339660975725
1.6380000000000	-9.5482802844383
1.6400000000000	-9.5628078961504
1.6420000000000	-9.5775510890466
1.6440000000000	-9.5925120314001
1.6460000000000	-9.6076929034506
1.6480000000000	-9.6230958974389
1.6500000000000	-9.6387232176465
1.6520000000000	-9.6545770804401
1.6540000000000	-9.6706597143217
1.6560000000000	-9.6869733599837
1.6580000000000	-9.7035202703701
1.6600000000000	-9.7203027107439
1.6620000000000	-9.7373229587602
1.6640000000000	-9.7545833045472
1.6660000000000	-9.7720860507927
1.6680000000000	-9.7898335128394
1.6700000000000	-9.8078280187865
1.6720000000000	-9.8260719096002
1.6740000000000	-9.8445675392322
1.6760000000000	-9.8633172747466
1.6780000000000	-9.8823234964562
1.6800000000000	-9.9015885980681
1.6820000000000	-9.9211149868384
1.6840000000000	-9.9409050837383
1.6860000000000	-9.9609613236291
1.6880000000000	-9.9812861554495
1.6900000000000	-10.001882042413
1.6920000000000	-10.022751462219
1.6940000000000	-10.043896907272
1.6960000000000	-10.065320884919
1.6980000000000	-10.087025917693
1.7000000000000	-10.109014543579
1.7020000000000	-10.131289316282
1.7040000000000	-10.153852805521
1.7060000000000	-10.176707597332
1.7080000000000	-10.199856294384
1.7100000000000	-10.223301516316
1.7120000000000	-10.247045900089
1.7140000000000	-10.271092100349
1.7160000000000	-10.295442789818
1.7180000000000	-10.320100659693
1.7200000000000	-10.345068420068
1.7220000000000	-10.370348800373
1.7240000000000	-10.395944549838
1.7260000000000	-10.421858437965
1.7280000000000	-10.448093255037
1.7300000000000	-10.474651812630
1.7320000000000	-10.501536944165
1.7340000000000	-10.528751505469
1.7360000000000	-10.556298375364
1.7380000000000	-10.584180456283
1.7400000000000	-10.612400674903
1.7420000000000	-10.640961982810
1.7440000000000	-10.669867357187
1.7460000000000	-10.699119801526
1.7480000000000	-10.728722346377
1.7500000000000	-10.758678050111
1.7520000000000	-10.788989999721
1.7540000000000	-10.819661311656
1.7560000000000	-10.850695132673
1.7580000000000	-10.882094640733
1.7600000000000	-10.913863045922
1.7620000000000	-10.946003591409
1.7640000000000	-10.978519554434
1.7660000000000	-11.011414247335
1.7680000000000	-11.044691018611
1.7700000000000	-11.078353254019
1.7720000000000	-11.112404377709
1.7740000000000	-11.146847853405
1.7760000000000	-11.181687185617
1.7780000000000	-11.216925920902
1.7800000000000	-11.252567649164
1.7820000000000	-11.288616004998
1.7840000000000	-11.325074669081
1.7860000000000	-11.361947369610
1.7880000000000	-11.399237883784
1.7900000000000	-11.436950039341
1.7920000000000	-11.475087716142
1.7940000000000	-11.513654847813
1.7960000000000	-11.552655423429
1.7980000000000	-11.592093489272
1.8000000000000	-11.631973150629
1.8020000000000	-11.672298573663
1.8040000000000	-11.713073987336
1.8060000000000	-11.754303685403
1.8080000000000	-11.795992028463
1.8100000000000	-11.838143446088
1.8120000000000	-11.880762439012
1.8140000000000	-11.923853581399
1.8160000000000	-11.967421523182
1.8180000000000	-12.011470992485
1.8200000000000	-12.056006798115
1.8220000000000	-12.101033832147
1.8240000000000	-12.146557072592
1.8260000000000	-12.192581586147
1.8280000000000	-12.239112531050
1.8300000000000	-12.286155160020
1.8320000000000	-12.333714823298
1.8340000000000	-12.381796971799
1.8360000000000	-12.430407160359
1.8380000000000	-12.479551051102
1.8400000000000	-12.529234416918
1.8420000000000	-12.579463145060
1.8440000000000	-12.630243240875
1.8460000000000	-12.681580831648
1.8480000000000	-12.733482170596
1.8500000000000	-12.785953640998
1.8520000000000	-12.839001760467
1.8540000000000	-12.892633185379
1.8560000000000	-12.946854715462
1.8580000000000	-13.001673298547
1.8600000000000	-13.057096035494
1.8620000000000	-13.113130185302
1.8640000000000	-13.169783170401
1.8660000000000	-13.227062582145
1.8680000000000	-13.284976186513
1.8700000000000	-13.343531930023
1.8720000000000	-13.402737945869
1.8740000000000	-13.462602560302
1.8760000000000	-13.523134299246
1.8780000000000	-13.584341895189
1.8800000000000	-13.646234294325
1.8820000000000	-13.708820664002
1.8840000000000	-13.772110400453
1.8860000000000	-13.836113136844
1.8880000000000	-13.900838751656
1.8900000000000	-13.966297377406
1.8920000000000	-14.032499409733
1.8940000000000	-14.099455516868
1.8960000000000	-14.167176649506
1.8980000000000	-14.235674051091
1.9000000000000	-14.304959268562
1.9020000000000	-14.375044163554
1.9040000000000	-14.445940924103
1.9060000000000	-14.517662076860
1.9080000000000	-14.590220499872
1.9100000000000	-14.663629435926
1.9120000000000	-14.737902506519
1.9140000000000	-14.813053726467
1.9160000000000	-14.889097519206
1.9180000000000	-14.966048732811
1.9200000000000	-15.043922656784
1.9220000000000	-15.122735039661
1.9240000000000	-15.202502107467
1.9260000000000	-15.283240583093
1.9280000000000	-15.364967706639
1.9300000000000	-15.447701256780
1.9320000000000	-15.531459573233
1.9340000000000	-15.616261580371
1.9360000000000	-15.702126812080
1.9380000000000	-15.789075437931
1.9400000000000	-15.877128290735
1.9420000000000	-15.966306895607
1.9440000000000	-16.056633500602
1.9460000000000	-16.148131109056
1.9480000000000	-16.240823513728
1.9500000000000	-16.334735332887
1.9520000000000	-16.429892048452
1.9540000000000	-16.526320046355
1.9560000000000	-16.624046659274
1.9580000000000	-16.723100211896
1.9600000000000	-16.823510068913
1.9620000000000	-16.925306685944
1.9640000000000	-17.028521663589
1.9660000000000	-17.133187804873
1.9680000000000	-17.239339176322
1.9700000000000	-17.347011172957
1.9720000000000	-17.456240587521
1.9740000000000	-17.567065684255
1.9760000000000	-17.679526277608
1.9780000000000	-17.793663816283
1.9800000000000	-17.909521473035
1.9820000000000	-18.027144240742
1.9840000000000	-18.146579035243
1.9860000000000	-18.267874805558
1.9880000000000	-18.391082652106
1.9900000000000	-18.516255953664
1.9920000000000	-18.643450503814
1.9940000000000	-18.772724657787
1.9960000000000	-18.904139490634
1.9980000000000	-19.037758967810
2.0000000000000	-19.173650129357
2.0020000000000	-19.311883289005
2.0040000000000	-19.452532249670
2.0060000000000	-19.595674536994
2.0080000000000	-19.741391652780
2.0100000000000	-19.889769350380
2.0120000000000	-20.040897934365
2.0140000000000	-20.194872587105
2.0160000000000	-20.351793725188
2.0180000000000	-20.511767389036
2.0200000000000	-20.674905669483
2.0220000000000	-20.841327175621
2.0240000000000	-21.011157548777
2.0260000000000	-21.184530028219
2.0280000000000	-21.361586074943
2.0300000000000	-21.542476060865
2.0320000000000	-21.727360031807
2.0340000000000	-21.916408553988
2.0360000000000	-22.109803655218
2.0380000000000	-22.307739873802
2.0400000000000	-22.510425430300
2.0420000000000	-22.718083539818
2.0440000000000	-22.930953885560
2.0460000000000	-23.149294278014
2.0480000000000	-23.373382528563
2.0500000000000	-23.603518571658
2.0520000000000	-23.840026876209
2.0540000000000	-24.083259194800
2.0560000000000	-24.333597709191
2.0580000000000	-24.591458642655
2.0600000000000	-24.857296424867
2.0620000000000	-25.131608513957
2.0640000000000	-25.414941004222
2.0660000000000	-25.707895178287
2.0680000000000	-26.011135201241
2.0700000000000	-26.325397204262
2.0720000000000	-26.651500070102
2.0740000000000	-26.990358318008
2.0760000000000	-27.342997598363
2.0780000000000	-27.710573458170
2.0800000000000	-28.094394242515
2.0820000000000	-28.495949276493
2.0840000000000	-28.916943859401
2.0860000000000	-29.359343147883
2.0880000000000	-29.825427782912
2.0900000000000	-30.317865245876
2.0920000000000	-30.839802601733
2.0940000000000	-31.394988813574
2.0960000000000	-31.987938716636
2.0980000000000	-32.624156927735
2.1000000000000	-33.310450060785
2.1020000000000	-34.055372634558
2.1040000000000	-34.869881835261
2.1060000000000	-35.768330720325
2.1080000000000	-36.770034136996
2.1100000000000	-37.901855664272
2.1120000000000	-39.202735203711
2.1140000000000	-40.732215434754
2.1160000000000	-42.588124951001
2.1180000000000	-44.948492410675
2.1200000000000	-48.192870619394
2.1220000000000	-53.396800014153
2.1240000000000	-66.400956933341
2.1260000000000	-56.753600529974
2.1280000000000	-49.910380981215
2.1300000000000	-46.107504055763
2.1320000000000	-43.469321368771
2.1340000000000	-41.448850321197
2.1360000000000	-39.811633888251
2.1380000000000	-38.435547400972
2.1400000000000	-37.248870417102
2.1420000000000	-36.205887706745
2.1440000000000	-35.275666608802
2.1460000000000	-34.436301132869
2.1480000000000	-33.671709940961
2.1500000000000	-32.969738884520
2.1520000000000	-32.320978200442
2.1540000000000	-31.717993922054
2.1560000000000	-31.154810797677
2.1580000000000	-30.626554005028
2.1600000000000	-30.129194519522
2.1620000000000	-29.659364114739
2.1640000000000	-29.214218327088
2.1660000000000	-28.791333196023
2.1680000000000	-28.388626258391
2.1700000000000	-28.004295266707
2.1720000000000	-27.636770064468
2.1740000000000	-27.284674368049
2.1760000000000	-26.946795104628
2.1780000000000	-26.622057581527
2.1800000000000	-26.309505204813
2.1820000000000	-26.008282782278
2.1840000000000	-25.717622676535
2.1860000000000	-25.436833243666
2.1880000000000	-25.165289119174
2.1900000000000	-24.902423007973
2.1920000000000	-24.647718707376
2.1940000000000	-24.400705147310
2.1960000000000	-24.160951274856
2.1980000000000	-23.928061643501
2.2000000000000	-23.701672593726
2.2020000000000	-23.481448932294
2.2040000000000	-23.267081034064
2.2060000000000	-23.058282303425
2.2080000000000	-22.854786943106
2.2100000000000	-22.656347986737
2.2120000000000	-22.462735558627
2.2140000000000	-22.273735329974
2.2160000000000	-22.089147145484
2.2180000000000	-21.908783798317
2.2200000000000	-21.732469934546
2.2220000000000	-21.560041071034
2.2240000000000	-21.391342712926
2.2260000000000	-21.226229558874
2.2280000000000	-21.064564783733
2.2300000000000	-20.906219389838
2.2320000000000	-20.751071619150
2.2340000000000	-20.599006419523
2.2360000000000	-20.449914959254
2.2380000000000	-20.303694184735
2.2400000000000	-20.160246416722
2.2420000000000	-20.019478981223
2.2440000000000	-19.881303871527
2.2460000000000	-19.745637438251
2.2480000000000	-19.612400104679
2.2500000000000	-19.481516104955
2.2520000000000	-19.352913242955
2.2540000000000	-19.226522669921
2.2560000000000	-19.102278679123
2.2580000000000	-18.980118516012
2.2600000000000	-18.859982202487
2.2620000000000	-18.741812374029
2.2640000000000	-18.625554128591
2.2660000000000	-18.511154886244
2.2680000000000	-18.398564258669
2.2700000000000	-18.287733927684
2.2720000000000	-18.178617532057
2.2740000000000	-18.071170561946
2.2760000000000	-17.965350260355
2.2780000000000	-17.861115531048
2.2800000000000	-17.758426852432
2.2820000000000	-17.657246196944
2.2840000000000	-17.557536955520
2.2860000000000	-17.459263866781
2.2880000000000	-17.362392950580
2.2900000000000	-17.266891445584
2.2920000000000	-17.172727750616
2.2940000000000	-17.079871369484
2.2960000000000	-16.988292859039
2.2980000000000	-16.897963780260
2.3000000000000	-16.808856652140
2.3020000000000	-16.720944908191
2.3040000000000	-16.634202855391
2.3060000000000	-16.548605635404
2.3080000000000	-16.464129187940
2.3100000000000	-16.380750216097
2.3120000000000	-16.298446153569
2.3140000000000	-16.217195133596
2.3160000000000	-16.136975959555
2.3180000000000	-16.057768077073
2.3200000000000	-15.979551547591
2.3220000000000	-15.902307023264
2.3240000000000	-15.826015723143
2.3260000000000	-15.750659410544
2.3280000000000	-15.676220371535
2.3300000000000	-15.602681394487
2.3320000000000	-15.530025750613
2.3340000000000	-15.458237175455
2.3360000000000	-15.387299851240
2.3380000000000	-15.317198390083
2.3400000000000	-15.247917817975
2.3420000000000	-15.179443559509
2.3440000000000	-15.111761423313
2.3460000000000	-15.044857588153
2.3480000000000	-14.978718589656
2.3500000000000	-14.913331307629
2.3520000000000	-14.848682953951
2.3540000000000	-14.784761060990
2.3560000000000	-14.721553470526
2.3580000000000	-14.659048323160
2.3600000000000	-14.597234048175
2.3620000000000	-14.536099353828
2.3640000000000	-14.475633218054
2.3660000000000	-14.415824879561
2.3680000000000	-14.356663829294
2.3700000000000	-14.298139802250
2.3720000000000	-14.240242769632
2.3740000000000	-14.182962931318
2.3760000000000	-14.126290708636
2.3780000000000	-14.070216737428
2.3800000000000	-14.014731861386
2.3820000000000	-13.959827125657
2.3840000000000	-13.905493770692
2.3860000000000	-13.851723226333
2.3880000000000	-13.798507106138
2.3900000000000	-13.745837201909
2.3920000000000	-13.693705478438
2.3940000000000	-13.642104068443
2.3960000000000	-13.591025267704
2.3980000000000	-13.540461530369
2.4000000000000	-13.490405464436
2.4020000000000	-13.440849827406
2.4040000000000	-13.391787522086
2.4060000000000	-13.343211592548
2.4080000000000	-13.295115220233
2.4100000000000	-13.247491720190
2.4120000000000	-13.200334537453
2.4140000000000	-13.153637243541
2.4160000000000	-13.107393533078
2.4180000000000	-13.061597220541
2.4200000000000	-13.016242237104
2.4220000000000	-12.971322627601
2.4240000000000	-12.926832547590
2.4260000000000	-12.882766260511
2.4280000000000	-12.839118134946
2.4300000000000	-12.795882641963
2.4320000000000	-12.753054352553
2.4340000000000	-12.710627935146
2.4360000000000	-12.668598153217
2.4380000000000	-12.626959862955
2.4400000000000	-12.585708011021
2.4420000000000	-12.544837632368
2.4440000000000	-12.504343848136
2.4460000000000	-12.464221863608
2.4480000000000	-12.424466966233
2.4500000000000	-12.385074523713
2.4520000000000	-12.346039982140
2.4540000000000	-12.307358864202
2.4560000000000	-12.269026767433
2.4580000000000	-12.231039362524
2.4600000000000	-12.193392391676
2.4620000000000	-12.156081667015
2.4640000000000	-12.119103069037
2.4660000000000	-12.082452545115
2.4680000000000	-12.046126108040
2.4700000000000	-12.010119834606
2.4720000000000	-11.974429864239
2.4740000000000	-11.939052397661
2.4760000000000	-11.903983695594
2.4780000000000	-11.869220077503
2.4800000000000	-11.834757920371
2.4820000000000	-11.800593657506
2.4840000000000	-11.766723777390
2.4860000000000	-11.733144822550
2.4880000000000	-11.699853388462
2.4900000000000	-11.666846122494
2.4920000000000	-11.634119722863
2.4940000000000	-11.601670937628
2.4960000000000	-11.569496563712
2.4980000000000	-11.537593445946
2.5000000000000	-11.505958476135
2.5020000000000	-11.474588592157
2.5040000000000	-11.443480777078
2.5060000000000	-11.412632058294
2.5080000000000	-11.382039506689
2.5100000000000	-11.351700235825
2.5120000000000	-11.321611401141
2.5140000000000	-11.291770199179
2.5160000000000	-11.262173866829
2.5180000000000	-11.232819680588
2.5200000000000	-11.203704955841
2.5220000000000	-11.174827046161
2.5240000000000	-11.146183342621
2.5260000000000	-11.117771273127
2.5280000000000	-11.089588301766
2.5300000000000	-11.061631928164
2.5320000000000	-11.033899686870
2.5340000000000	-11.006389146745
2.5360000000000	-10.979097910370
2.5380000000000	-10.952023613462
2.5400000000000	-10.925163924313
2.5420000000000	-10.898516543234
2.5440000000000	-10.872079202014
2.5460000000000	-10.845849663389
2.5480000000000	-10.819825720529
2.5500000000000	-10.794005196530
2.5520000000000	-10.768385943919
2.5540000000000	-10.742965844172
2.5560000000000	-10.717742807238
2.5580000000000	-10.692714771079
2.5600000000000	-10.667879701217
2.5620000000000	-10.643235590289
2.5640000000000	-10.618780457612
2.5660000000000	-10.594512348761
2.5680000000000	-10.570429335153
2.5700000000000	-10.546529513635
2.5720000000000	-10.522811006091
2.5740000000000	-10.499271959048
2.5760000000000	-10.475910543293
2.5780000000000	-10.452724953500
2.5800000000000	-10.429713407860
2.5820000000000	-10.406874147720
2.5840000000000	-10.384205437236
2.5860000000000	-10.361705563019
2.5880000000000	-10.339372833799
2.5900000000000	-10.317205580095
2.5920000000000	-10.295202153882
2.5940000000000	-10.273360928279
2.5960000000000	-10.251680297227
2.5980000000000	-10.230158675187
2.6000000000000	-10.208794496835
2.6020000000000	-10.187586216765
2.6040000000000	-10.166532309199
2.6060000000000	-10.145631267701
2.6080000000000	-10.124881604897
2.6100000000000	-10.104281852198
2.6120000000000	-10.083830559532
2.6140000000000	-10.063526295078
2.6160000000000	-10.043367645001
2.6180000000000	-10.023353213203
2.6200000000000	-10.003481621067
2.6220000000000	-9.9837515072100
2.6240000000000	-9.9641615272416
2.6260000000000	-9.9447103535246
2.6280000000000	-9.9253966749409
2.6300000000000	-9.9062191966608
2.6320000000000	-9.8871766399169
2.6340000000000	-9.8682677417810
2.6360000000000	-9.8494912549455
2.6380000000000	-9.8308459475082
2.6400000000000	-9.8123306027608
2.6420000000000	-9.7939440189806
2.6440000000000	-9.7756850092261
2.6460000000000	-9.7575524011354
2.6480000000000	-9.7395450367288
2.6500000000000	-9.7216617722134
2.6520000000000	-9.7039014777920
2.6540000000000	-9.6862630374742
2.6560000000000	-9.6687453488915
2.6580000000000	-9.6513473231138
2.6600000000000	-9.6340678844708
2.6620000000000	-9.6169059703744
2.6640000000000	-9.5998605311452
2.6660000000000	-9.5829305298407
2.6680000000000	-9.5661149420870
2.6700000000000	-9.5494127559128
2.6720000000000	-9.5328229715855
2.6740000000000	-9.5163446014507
2.6760000000000	-9.4999766697732
2.6780000000000	-9.4837182125813
2.6800000000000	-9.4675682775128
2.6820000000000	-9.4515259236635
2.6840000000000	-9.4355902214381
2.6860000000000	-9.4197602524033
2.6880000000000	-9.4040351091429
2.6900000000000	-9.3884138951152
2.6920000000000	-9.3728957245123
2.6940000000000	-9.3574797221219
2.6960000000000	-9.3421650231907
2.6980000000000	-9.3269507732897
2.7000000000000	-9.3118361281819
2.7020000000000	-9.2968202536917
2.7040000000000	-9.2819023255759
2.7060000000000	-9.2670815293970
2.7080000000000	-9.2523570603978
2.7100000000000	-9.2377281233783
2.7120000000000	-9.2231939325743
2.7140000000000	-9.2087537115368
2.7160000000000	-9.1944066930146
2.7180000000000	-9.1801521188370
2.7200000000000	-9.1659892397994
2.7220000000000	-9.1519173155499
2.7240000000000	-9.1379356144770
2.7260000000000	-9.1240434136001
2.7280000000000	-9.1102399984600
2.7300000000000	-9.0965246630125
2.7320000000000	-9.0828967095217
2.7340000000000	-9.0693554484564
2.7360000000000	-9.0559001983865
2.7380000000000	-9.0425302858822
2.7400000000000	-9.0292450454131
2.7420000000000	-9.0160438192496
2.7440000000000	-9.0029259573657
2.7460000000000	-8.9898908173422
2.7480000000000	-8.9769377642720
2.7500000000000	-8.9640661706667
2.7520000000000	-8.9512754163635
2.7540000000000	-8.9385648884345
2.7560000000000	-8.9259339810964
2.7580000000000	-8.9133820956216
2.7600000000000	-8.9009086402507
2.7620000000000	-8.8885130301055
2.7640000000000	-8.8761946871040
2.7660000000000	-8.8639530398758
2.7680000000000	-8.8517875236788
2.7700000000000	-8.8396975803173
2.7720000000000	-8.8276826580604
2.7740000000000	-8.8157422115622
2.7760000000000	-8.8038757017828
2.7780000000000	-8.7920825959098
2.7800000000000	-8.7803623672817
2.7820000000000	-8.7687144953114
2.7840000000000	-8.7571384654115
2.7860000000000	-8.7456337689194
2.7880000000000	-8.7341999030248
2.7900000000000	-8.7228363706967
2.7920000000000	-8.7115426806125
2.7940000000000	-8.7003183470869
2.7960000000000	-8.6891628900026
2.7980000000000	-8.6780758347415
2.8000000000000	-8.6670567121165
2.8020000000000	-8.6561050583043
2.8040000000000	-8.6452204147796
2.8060000000000	-8.6344023282492
2.8080000000000	-8.6236503505873
2.8100000000000	-8.6129640387719
2.8120000000000	-8.6023429548216
2.8140000000000	-8.5917866657332
2.8160000000000	-8.5812947434199
2.8180000000000	-8.5708667646511
2.8200000000000	-8.5605023109918
2.8220000000000	-8.5502009687433
2.8240000000000	-8.5399623288849
2.8260000000000	-8.5297859870155
2.8280000000000	-8.5196715432967
2.8300000000000	-8.5096186023962
2.8320000000000	-8.4996267734319
2.8340000000000	-8.4896956699166
2.8360000000000	-8.4798249097037
2.8380000000000	-8.4700141149330
2.8400000000000	-8.4602629119780
2.8420000000000	-8.4505709313925
2.8440000000000	-8.4409378078595
2.8460000000000	-8.4313631801390
2.8480000000000	-8.4218466910180
2.8500000000000	-8.4123879872598
2.8520000000000	-8.4029867195546
2.8540000000000	-8.3936425424707
2.8560000000000	-8.3843551144060
2.8580000000000	-8.3751240975398
2.8600000000000	-8.3659491577863
2.8620000000000	-8.3568299647471
2.8640000000000	-8.3477661916656
2.8660000000000	-8.3387575153811
2.8680000000000	-8.3298036162837
2.8700000000000	-8.3209041782699
2.8720000000000	-8.3120588886983
2.8740000000000	-8.3032674383465
2.8760000000000	-8.2945295213674
2.8780000000000	-8.2858448352475
2.8800000000000	-8.2772130807640
2.8820000000000	-8.2686339619441
2.8840000000000	-8.2601071860231
2.8860000000000	-8.2516324634046
2.8880000000000	-8.2432095076198
2.8900000000000	-8.2348380352880
2.8920000000000	-8.2265177660775
2.8940000000000	-8.2182484226670
2.8960000000000	-8.2100297307067
2.8980000000000	-8.2018614187812
2.9000000000000	-8.1937432183714
2.9020000000000	-8.1856748638179
2.9040000000000	-8.1776560922844
2.9060000000000	-8.1696866437213
2.9080000000000	-8.1617662608303
2.9100000000000	-8.1538946890288
2.9120000000000	-8.1460716764151
2.9140000000000	-8.1382969737337
2.9160000000000	-8.1305703343414
2.9180000000000	-8.1228915141736
2.9200000000000	-8.1152602717104
2.9220000000000	-8.1076763679444
2.9240000000000	-8.1001395663474
2.9260000000000	-8.0926496328388
2.9280000000000	-8.0852063357531
2.9300000000000	-8.0778094458087
2.9320000000000	-8.0704587360771
2.9340000000000	-8.0631539819514
2.9360000000000	-8.0558949611163
2.9380000000000	-8.0486814535180
2.9400000000000	-8.0415132413343
2.9420000000000	-8.0343901089454
2.9440000000000	-8.0273118429045
2.9460000000000	-8.0202782319092
2.9480000000000	-8.0132890667733
2.9500000000000	-8.0063441403982
2.9520000000000	-7.9994432477456
2.9540000000000	-7.9925861858099
2.9560000000000	-7.9857727535907
2.9580000000000	-7.9790027520664
2.9600000000000	-7.9722759841676
2.9620000000000	-7.9655922547504
2.9640000000000	-7.9589513705711
2.9660000000000	-7.9523531402601
2.9680000000000	-7.9457973742967
2.9700000000000	-7.9392838849840
2.9720000000000	-7.9328124864240
2.9740000000000	-7.9263829944933
2.9760000000000	-7.9199952268190
2.9780000000000	-7.9136490027540
2.9800000000000	-7.9073441433543
2.9820000000000	-7.9010804713550
2.9840000000000	-7.8948578111471
2.9860000000000	-7.8886759887551
2.9880000000000	-7.8825348318139
2.9900000000000	-7.8764341695465
2.9920000000000	-7.8703738327423
2.9940000000000	-7.8643536537348
2.9960000000000	-7.8583734663801
2.9980000000000	-7.8524331060356
3.0000000000000	-7.8465324095389
3.0020000000000	-7.8406712151869
3.0040000000000	-7.8348493627151
3.0060000000000	-7.8290666932774
3.0080000000000	-7.8233230494256
3.0100000000000	-7.8176182750898
3.0120000000000	-7.8119522155585
3.0140000000000	-7.8063247174592
3.0160000000000	-7.8007356287392
3.0180000000000	-7.7951847986463
3.0200000000000	-7.7896720777103
3.0220000000000	-7.7841973177244
3.0240000000000	-7.7787603717265
3.0260000000000	-7.7733610939815
3.0280000000000	-7.7679993399629
3.0300000000000	-7.7626749663352
3.0320000000000	-7.7573878309367
3.0340000000000	-7.7521377927616
3.0360000000000	-7.7469247119432
3.0380000000000	-7.7417484497370
3.0400000000000	-7.7366088685039
3.0420000000000	-7.7315058316934
3.0440000000000	-7.7264392038278
3.0460000000000	-7.7214088504855
3.0480000000000	-7.7164146382855
3.0500000000000	-7.7114564348713
3.0520000000000	-7.7065341088954
3.0540000000000	-7.7016475300040
3.0560000000000	-7.6967965688216
3.0580000000000	-7.6919810969363
3.0600000000000	-7.6872009868846
3.0620000000000	-7.6824561121366
3.0640000000000	-7.6777463470822
3.0660000000000	-7.6730715670159
3.0680000000000	-7.6684316481234
3.0700000000000	-7.6638264674669
3.0720000000000	-7.6592559029720
3.0740000000000	-7.6547198334135
3.0760000000000	-7.6502181384022
3.0780000000000	-7.6457506983714
3.0800000000000	-7.6413173945640
3.0820000000000	-7.6369181090192
3.0840000000000	-7.6325527245600
3.0860000000000	-7.6282211247801
3.0880000000000	-7.6239231940318
3.0900000000000	-7.6196588174135
3.0920000000000	-7.6154278807572
3.0940000000000	-7.6112302706169
3.0960000000000	-7.6070658742565
3.0980000000000	-7.6029345796379
3.1000000000000	-7.5988362754094
3.1020000000000	-7.5947708508947
3.1040000000000	-7.5907381960808
3.1060000000000	-7.5867382016075
3.1080000000000	-7.5827707587562
3.1100000000000	-7.5788357594386
3.1120000000000	-7.5749330961865
3.1140000000000	-7.5710626621410
3.1160000000000	-7.5672243510417
3.1180000000000	-7.5634180572169
3.1200000000000	-7.5596436755731
3.1220000000000	-7.5559011015849
3.1240000000000	-7.5521902312849
3.1260000000000	-7.5485109612546
3.1280000000000	-7.5448631886137
3.1300000000000	-7.5412468110115
3.1320000000000	-7.5376617266167
3.1340000000000	-7.5341078341087
3.1360000000000	-7.5305850326681
3.1380000000000	-7.5270932219677
3.1400000000000	-7.5236323021636
3.1420000000000	-7.5202021738864
3.1440000000000	-7.5168027382325
3.1460000000000	-7.5134338967556
3.1480000000000	-7.5100955514581
3.1500000000000	-7.5067876047830
3.1520000000000	-7.5035099596054
3.1540000000000	-7.5002625192247
3.1560000000000	-7.4970451873564
3.1580000000000	-7.4938578681243
3.1600000000000	-7.4907004660527
3.1620000000000	-7.4875728860588
3.1640000000000	-7.4844750334452
3.1660000000000	-7.4814068138924
3.1680000000000	-7.4783681334514
3.1700000000000	-7.4753588985367
3.1720000000000	-7.4723790159189
3.1740000000000	-7.4694283927182
3.1760000000000	-7.4665069363967
3.1780000000000	-7.4636145547525
3.1800000000000	-7.4607511559121
3.1820000000000	-7.4579166483247
3.1840000000000	-7.4551109407551
3.1860000000000	-7.4523339422772
3.1880000000000	-7.4495855622685
3.1900000000000	-7.4468657104031
3.1920000000000	-7.4441742966456
3.1940000000000	-7.4415112312459
3.1960000000000	-7.4388764247323
3.1980000000000	-7.4362697879065
3.2000000000000	-7.4336912318370
#
#"Frequency / GHz"	"S3,3 [Magnitude / dB]"
#-----------------------------------------
1.2000000000000	-2.7859866675218
1.2020000000000	-2.7904531329909
1.2040000000000	-2.7949790502482
1.2060000000000	-2.7995647821181
1.2080000000000	-2.8042106937309
1.2100000000000	-2.8089171525438
1.2120000000000	-2.8136845283619
1.2140000000000	-2.8185131933594
1.2160000000000	-2.8234035221014
1.2180000000000	-2.8283558915652
1.2200000000000	-2.8333706811627
1.2220000000000	-2.8384482727626
1.2240000000000	-2.8435890507131
1.2260000000000	-2.8487934018644
1.2280000000000	-2.8540617155917
1.2300000000000	-2.8593943838190
1.2320000000000	-2.8647918010421
1.2340000000000	-2.8702543643528
1.2360000000000	-2.8757824734629
1.2380000000000	-2.8813765307285
1.2400000000000	-2.8870369411746
1.2420000000000	-2.8927641125200
1.2440000000000	-2.8985584552027
1.2460000000000	-2.9044203824049
1.2480000000000	-2.9103503100789
1.2500000000000	-2.9163486569733
1.2520000000000	-2.9224158446589
1.2540000000000	-2.9285522975552
1.2560000000000	-2.9347584429574
1.2580000000000	-2.9410347110635
1.2600000000000	-2.9473815350013
1.2620000000000	-2.9537993508562
1.2640000000000	-2.9602885976994
1.2660000000000	-2.9668497176154
1.2680000000000	-2.9734831557308
1.2700000000000	-2.9801893602433
1.2720000000000	-2.9869687824500
1.2740000000000	-2.9938218767773
1.2760000000000	-3.0007491008101
1.2780000000000	-3.0077509153217
1.2800000000000	-3.0148277843037
1.2820000000000	-3.0219801749967
1.2840000000000	-3.0292085579207
1.2860000000000	-3.0365134069062
1.2880000000000	-3.0438951991250
1.2900000000000	-3.0513544151218
1.2920000000000	-3.0588915388463
1.2940000000000	-3.0665070576845
1.2960000000000	-3.0742014624915
1.2980000000000	-3.0819752476236
1.3000000000000	-3.0898289109712
1.3020000000000	-3.0977629539920
1.3040000000000	-3.1057778817438
1.3060000000000	-3.1138742029185
1.3080000000000	-3.1220524298755
1.3100000000000	-3.1303130786760
1.3120000000000	-3.1386566691170
1.3140000000000	-3.1470837247657
1.3160000000000	-3.1555947729945
1.3180000000000	-3.1641903450159
1.3200000000000	-3.1728709759174
1.3220000000000	-3.1816372046971
1.3240000000000	-3.1904895742990
1.3260000000000	-3.1994286316495
1.3280000000000	-3.2084549276924
1.3300000000000	-3.2175690174258
1.3320000000000	-3.2267714599383
1.3340000000000	-3.2360628184455
1.3360000000000	-3.2454436603268
1.3380000000000	-3.2549145571622
1.3400000000000	-3.2644760847695
1.3420000000000	-3.2741288232414
1.3440000000000	-3.2838733569829
1.3460000000000	-3.2937102747488
1.3480000000000	-3.3036401696812
1.3500000000000	-3.3136636393476
1.3520000000000	-3.3237812857782
1.3540000000000	-3.3339937155042
1.3560000000000	-3.3443015395955
1.3580000000000	-3.3547053736994
1.3600000000000	-3.3652058380778
1.3620000000000	-3.3758035576463
1.3640000000000	-3.3864991620119
1.3660000000000	-3.3972932855112
1.3680000000000	-3.4081865672492
1.3700000000000	-3.4191796511369
1.3720000000000	-3.4302731859299
1.3740000000000	-3.4414678252664
1.3760000000000	-3.4527642277055
1.3780000000000	-3.4641630567652
1.3800000000000	-3.4756649809604
1.3820000000000	-3.4872706738408
1.3840000000000	-3.4989808140285
1.3860000000000	-3.5107960852558
1.3880000000000	-3.5227171764027
1.3900000000000	-3.5347447815340
1.3920000000000	-3.5468795999365
1.3940000000000	-3.5591223361559
1.3960000000000	-3.5714737000334
1.3980000000000	-3.5839344067419
1.4000000000000	-3.5965051768223
1.4020000000000	-3.6091867362192
1.4040000000000	-3.6219798163163
1.4060000000000	-3.6348851539715
1.4080000000000	-3.6479034915515
1.4100000000000	-3.6610355769663
1.4120000000000	-3.6742821637027
1.4140000000000	-3.6876440108579
1.4160000000000	-3.7011218831724
1.4180000000000	-3.7147165510622
1.4200000000000	-3.7284287906508
1.4220000000000	-3.7422593838001
1.4240000000000	-3.7562091181413
1.4260000000000	-3.7702787871047
1.4280000000000	-3.7844691899491
1.4300000000000	-3.7987811317900
1.4320000000000	-3.8132154236278
1.4340000000000	-3.8277728823748
1.4360000000000	-3.8424543308810
1.4380000000000	-3.8572605979598
1.4400000000000	-3.8721925184122
1.4420000000000	-3.8872509330508
1.4440000000000	-3.9024366887215
1.4460000000000	-3.9177506383258
1.4480000000000	-3.9331936408408
1.4500000000000	-3.9487665613387
1.4520000000000	-3.9644702710052
1.4540000000000	-3.9803056471563
1.4560000000000	-3.9962735732541
1.4580000000000	-4.0123749389216
1.4600000000000	-4.0286106399559
1.4620000000000	-4.0449815783398
1.4640000000000	-4.0614886622526
1.4660000000000	-4.0781328060790
1.4680000000000	-4.0949149304164
1.4700000000000	-4.1118359620815
1.4720000000000	-4.1288968341138
1.4740000000000	-4.1460984857790
1.4760000000000	-4.1634418625696
1.4780000000000	-4.1809279162046
1.4800000000000	-4.1985576046265
1.4820000000000	-4.2163318919971
1.4840000000000	-4.2342517486913
1.4860000000000	-4.2523181512887
1.4880000000000	-4.2705320825633
1.4900000000000	-4.2888945314714
1.4920000000000	-4.3074064931368
1.4940000000000	-4.3260689688343
1.4960000000000	-4.3448829659710
1.4980000000000	-4.3638494980650
1.5000000000000	-4.3829695847215
1.5020000000000	-4.4022442516079
1.5040000000000	-4.4216745304245
1.5060000000000	-4.4412614588740
1.5080000000000	-4.4610060806284
1.5100000000000	-4.4809094452923
1.5120000000000	-4.5009726083650
1.5140000000000	-4.5211966311986
1.5160000000000	-4.5415825809538
1.5180000000000	-4.5621315305532
1.5200000000000	-4.5828445586312
1.5220000000000	-4.6037227494813
1.5240000000000	-4.6247671930000
1.5260000000000	-4.6459789846285
1.5280000000000	-4.6673592252903
1.5300000000000	-4.6889090213265
1.5320000000000	-4.7106294844273
1.5340000000000	-4.7325217315608
1.5360000000000	-4.7545868848983
1.5380000000000	-4.7768260717361
1.5400000000000	-4.7992404244142
1.5420000000000	-4.8218310802318
1.5440000000000	-4.8445991813589
1.5460000000000	-4.8675458747447
1.5480000000000	-4.8906723120229
1.5500000000000	-4.9139796494123
1.5520000000000	-4.9374690476155
1.5540000000000	-4.9611416717125
1.5560000000000	-4.9849986910519
1.5580000000000	-5.0090412791376
1.5600000000000	-5.0332706135124
1.5620000000000	-5.0576878756379
1.5640000000000	-5.0822942507704
1.5660000000000	-5.1070909278339
1.5680000000000	-5.1320790992885
1.5700000000000	-5.1572599609958
1.5720000000000	-5.1826347120807
1.5740000000000	-5.2082045547892
1.5760000000000	-5.2339706943427
1.5780000000000	-5.2599343387891
1.5800000000000	-5.2860966988497
1.5820000000000	-5.3124589877634
1.5840000000000	-5.3390224211264
1.5860000000000	-5.3657882167294
1.5880000000000	-5.3927575943912
1.5900000000000	-5.4199317757883
1.5920000000000	-5.4473119842824
1.5940000000000	-5.4748994447436
1.5960000000000	-5.5026953833714
1.5980000000000	-5.5307010275119
1.6000000000000	-5.5589176054730
1.6020000000000	-5.5873463463355
1.6040000000000	-5.6159884797629
1.6060000000000	-5.6448452358078
1.6080000000000	-5.6739178447156
1.6100000000000	-5.7032075367269
1.6120000000000	-5.7327155418764
1.6140000000000	-5.7624430897910
1.6160000000000	-5.7923914094853
1.6180000000000	-5.8225617291555
1.6200000000000	-5.8529552759721
1.6220000000000	-5.8835732758709
1.6240000000000	-5.9144169533435
1.6260000000000	-5.9454875312258
1.6280000000000	-5.9767862304874
1.6300000000000	-6.0083142700192
1.6320000000000	-6.0400728664212
1.6340000000000	-6.0720632337914
1.6360000000000	-6.1042865835133
1.6380000000000	-6.1367441240453
1.6400000000000	-6.1694370607111
1.6420000000000	-6.2023665954902
1.6440000000000	-6.2355339268115
1.6460000000000	-6.2689402493475
1.6480000000000	-6.3025867538116
1.6500000000000	-6.3364746267577
1.6520000000000	-6.3706050503825
1.6540000000000	-6.4049792023319
1.6560000000000	-6.4395982555105
1.6580000000000	-6.4744633778956
1.6600000000000	-6.5095757323557
1.6620000000000	-6.5449364764739
1.6640000000000	-6.5805467623775
1.6660000000000	-6.6164077365721
1.6680000000000	-6.6525205397839
1.6700000000000	-6.6888863068076
1.6720000000000	-6.7255061663621
1.6740000000000	-6.7623812409544
1.6760000000000	-6.7995126467518
1.6780000000000	-6.8369014934625
1.6800000000000	-6.8745488842268
1.6820000000000	-6.9124559155178
1.6840000000000	-6.9506236770524
1.6860000000000	-6.9890532517145
1.6880000000000	-7.0277457154892
1.6900000000000	-7.0667021374099
1.6920000000000	-7.1059235795183
1.6940000000000	-7.1454110968382
1.6960000000000	-7.1851657373636
1.6980000000000	-7.2251885420614
1.7000000000000	-7.2654805448907
1.7020000000000	-7.3060427728372
1.7040000000000	-7.3468762459652
1.7060000000000	-7.3879819774873
1.7080000000000	-7.4293609738520
1.7100000000000	-7.4710142348503
1.7120000000000	-7.5129427537429
1.7140000000000	-7.5551475174060
1.7160000000000	-7.5976295064998
1.7180000000000	-7.6403896956582
1.7200000000000	-7.6834290537004
1.7220000000000	-7.7267485438666
1.7240000000000	-7.7703491240769
1.7260000000000	-7.8142317472151
1.7280000000000	-7.8583973614376
1.7300000000000	-7.9028469105083
1.7320000000000	-7.9475813341602
1.7340000000000	-7.9926015684843
1.7360000000000	-8.0379085463468
1.7380000000000	-8.0835031978344
1.7400000000000	-8.1293864507298
1.7420000000000	-8.1755592310165
1.7440000000000	-8.2220224634150
1.7460000000000	-8.2687770719498
1.7480000000000	-8.3158239805487
1.7500000000000	-8.3631641136746
1.7520000000000	-8.4107983969908
1.7540000000000	-8.4587277580597
1.7560000000000	-8.5069531270764
1.7580000000000	-8.5554754376366
1.7600000000000	-8.6042956275412
1.7620000000000	-8.6534146396357
1.7640000000000	-8.7028334226870
1.7660000000000	-8.7525529322969
1.7680000000000	-8.8025741318537
1.7700000000000	-8.8528979935210
1.7720000000000	-8.9035254992661
1.7740000000000	-8.9544576419259
1.7760000000000	-9.0056954263131
1.7780000000000	-9.0572398703622
1.7800000000000	-9.1090920063142
1.7820000000000	-9.1612528819430
1.7840000000000	-9.2137235618219
1.7860000000000	-9.2665051286306
1.7880000000000	-9.3195986845036
1.7900000000000	-9.3730053524204
1.7920000000000	-9.4267262776360
1.7940000000000	-9.4807626291547
1.7960000000000	-9.5351156012442
1.7980000000000	-9.5897864149923
1.8000000000000	-9.6447763199059
1.8020000000000	-9.7000865955511
1.8040000000000	-9.7557185532365
1.8060000000000	-9.8116735377375
1.8080000000000	-9.8679529290633
1.8100000000000	-9.9245581442657
1.8120000000000	-9.9814906392894
1.8140000000000	-10.038751910865
1.8160000000000	-10.096343498441
1.8180000000000	-10.154266986163
1.8200000000000	-10.212524004886
1.8220000000000	-10.271116234236
1.8240000000000	-10.330045404703
1.8260000000000	-10.389313299786
1.8280000000000	-10.448921758170
1.8300000000000	-10.508872675942
1.8320000000000	-10.569168008853
1.8340000000000	-10.629809774615
1.8360000000000	-10.690800055234
1.8380000000000	-10.752140999392
1.8400000000000	-10.813834824853
1.8420000000000	-10.875883820914
1.8440000000000	-10.938290350896
1.8460000000000	-11.001056854664
1.8480000000000	-11.064185851190
1.8500000000000	-11.127679941142
1.8520000000000	-11.191541809522
1.8540000000000	-11.255774228322
1.8560000000000	-11.320380059228
1.8580000000000	-11.385362256349
1.8600000000000	-11.450723868976
1.8620000000000	-11.516468044385
1.8640000000000	-11.582598030654
1.8660000000000	-11.649117179524
1.8680000000000	-11.716028949284
1.8700000000000	-11.783336907681
1.8720000000000	-11.851044734867
1.8740000000000	-11.919156226360
1.8760000000000	-11.987675296046
1.8780000000000	-12.056605979188
1.8800000000000	-12.125952435477
1.8820000000000	-12.195718952088
1.8840000000000	-12.265909946771
1.8860000000000	-12.336529970955
1.8880000000000	-12.407583712868
1.8900000000000	-12.479076000680
1.8920000000000	-12.551011805653
1.8940000000000	-12.623396245315
1.8960000000000	-12.696234586632
1.8980000000000	-12.769532249196
1.9000000000000	-12.843294808417
1.9020000000000	-12.917527998723
1.9040000000000	-12.992237716749
1.9060000000000	-13.067430024534
1.9080000000000	-13.143111152706
1.9100000000000	-13.219287503656
1.9120000000000	-13.295965654700
1.9140000000000	-13.373152361218
1.9160000000000	-13.450854559766
1.9180000000000	-13.529079371159
1.9200000000000	-13.607834103519
1.9220000000000	-13.687126255265
1.9240000000000	-13.766963518065
1.9260000000000	-13.847353779715
1.9280000000000	-13.928305126946
1.9300000000000	-14.009825848149
1.9320000000000	-14.091924436007
1.9340000000000	-14.174609590007
1.9360000000000	-14.257890218844
1.9380000000000	-14.341775442664
1.9400000000000	-14.426274595163
1.9420000000000	-14.511397225501
1.9440000000000	-14.597153100013
1.9460000000000	-14.683552203691
1.9480000000000	-14.770604741419
1.9500000000000	-14.858321138917
1.9520000000000	-14.946712043370
1.9540000000000	-15.035788323699
1.9560000000000	-15.125561070446
1.9580000000000	-15.216041595203
1.9600000000000	-15.307241429567
1.9620000000000	-15.399172323537
1.9640000000000	-15.491846243318
1.9660000000000	-15.585275368436
1.9680000000000	-15.679472088126
1.9700000000000	-15.774448996877
1.9720000000000	-15.870218889065
1.9740000000000	-15.966794752575
1.9760000000000	-16.064189761284
1.9780000000000	-16.162417266309
1.9800000000000	-16.261490785870
1.9820000000000	-16.361423993625
1.9840000000000	-16.462230705322
1.9860000000000	-16.563924863574
1.9880000000000	-16.666520520577
1.9900000000000	-16.770031818547
1.9920000000000	-16.874472967630
1.9940000000000	-16.979858221035
1.9960000000000	-17.086201847082
1.9980000000000	-17.193518097864
2.0000000000000	-17.301821174154
2.0020000000000	-17.411125186178
2.0040000000000	-17.521444109823
2.0060000000000	-17.632791737810
2.0080000000000	-17.745181625313
2.0100000000000	-17.858627029461
2.0120000000000	-17.973140842092
2.0140000000000	-18.088735515075
2.0160000000000	-18.205422977449
2.0180000000000	-18.323214543557
2.0200000000000	-18.442120811262
2.0220000000000	-18.562151549277
2.0240000000000	-18.683315572504
2.0260000000000	-18.805620604240
2.0280000000000	-18.929073123942
2.0300000000000	-19.053678199179
2.0320000000000	-19.179439300258
2.0340000000000	-19.306358095911
2.0360000000000	-19.434434228271
2.0380000000000	-19.563665065282
2.0400000000000	-19.694045428517
2.0420000000000	-19.825567294282
2.0440000000000	-19.958219465748
2.0460000000000	-20.091987213755
2.0480000000000	-20.226851883824
2.0500000000000	-20.362790466854
2.0520000000000	-20.499775130955
2.0540000000000	-20.637772711851
2.0560000000000	-20.776744159392
2.0580000000000	-20.916643937824
2.0600000000000	-21.057419377733
2.0620000000000	-21.199009977941
2.0640000000000	-21.341346656118
2.0660000000000	-21.484350947618
2.0680000000000	-21.627934152896
2.0700000000000	-21.771996435101
2.0720000000000	-21.916425870862
2.0740000000000	-22.061097459152
2.0760000000000	-22.205872095328
2.0780000000000	-22.350595520142
2.0800000000000	-22.495097256672
2.0820000000000	-22.639189551841
2.0840000000000	-22.782666343429
2.0860000000000	-22.925302278240
2.0880000000000	-23.066851812353
2.0900000000000	-23.207048430028
2.0920000000000	-23.345604023722
2.0940000000000	-23.482208483543
2.0960000000000	-23.616529550070
2.0980000000000	-23.748212989248
2.1000000000000	-23.876883151693
2.1020000000000	-24.002143980396
2.1040000000000	-24.123580529885
2.1060000000000	-24.240761055682
2.1080000000000	-24.353239724480
2.1100000000000	-24.460559982356
2.1120000000000	-24.562258599985
2.1140000000000	-24.657870390019
2.1160000000000	-24.746933562984
2.1180000000000	-24.828995654757
2.1200000000000	-24.903619922689
2.1220000000000	-24.970392070486
2.1240000000000	-25.028927126932
2.1260000000000	-25.078876273382
2.1280000000000	-25.119933392895
2.1300000000000	-25.151841102882
2.1320000000000	-25.174396035640
2.1340000000000	-25.187453148420
2.1360000000000	-25.190928876804
2.1380000000000	-25.184802990798
2.1400000000000	-25.169119069155
2.1420000000000	-25.143983570141
2.1440000000000	-25.109563541327
2.1460000000000	-25.066083072036
2.1480000000000	-25.013818645195
2.1500000000000	-24.953093586825
2.1520000000000	-24.884271838772
2.1540000000000	-24.807751292728
2.1560000000000	-24.723956921450
2.1580000000000	-24.633333928229
2.1600000000000	-24.536341110627
2.1620000000000	-24.433444602390
2.1640000000000	-24.325112121494
2.1660000000000	-24.211807815371
2.1680000000000	-24.093987759016
2.1700000000000	-23.972096129773
2.1720000000000	-23.846562055296
2.1740000000000	-23.717797109176
2.1760000000000	-23.586193412103
2.1780000000000	-23.452122284911
2.1800000000000	-23.315933392896
2.1820000000000	-23.177954317690
2.1840000000000	-23.038490493014
2.1860000000000	-22.897825442966
2.1880000000000	-22.756221265580
2.1900000000000	-22.613919309489
2.1920000000000	-22.471140997251
2.1940000000000	-22.328088754809
2.1960000000000	-22.184947012388
2.1980000000000	-22.041883247651
2.2000000000000	-21.899049047050
2.2020000000000	-21.756581165915
2.2040000000000	-21.614602571871
2.2060000000000	-21.473223459722
2.2080000000000	-21.332542228918
2.2100000000000	-21.192646417299
2.2120000000000	-21.053613586856
2.2140000000000	-20.915512159005
2.2160000000000	-20.778402198212
2.2180000000000	-20.642336143896
2.2200000000000	-20.507359491398
2.2220000000000	-20.373511423397
2.2240000000000	-20.240825393650
2.2260000000000	-20.109329665224
2.2280000000000	-19.979047805631
2.2300000000000	-19.849999141354
2.2320000000000	-19.722199174339
2.2340000000000	-19.595659963001
2.2360000000000	-19.470390470247
2.2380000000000	-19.346396880942
2.2400000000000	-19.223682891162
2.2420000000000	-19.102249971424
2.2440000000000	-18.982097606012
2.2460000000000	-18.863223510346
2.2480000000000	-18.745623828239
2.2500000000000	-18.629293310759
2.2520000000000	-18.514225478266
2.2540000000000	-18.400412767107
2.2560000000000	-18.287846662312
2.2580000000000	-18.176517817543
2.2600000000000	-18.066416163433
2.2620000000000	-17.957531005365
2.2640000000000	-17.849851111657
2.2660000000000	-17.743364793019
2.2680000000000	-17.638059974094
2.2700000000000	-17.533924257806
2.2720000000000	-17.430944983182
2.2740000000000	-17.329109277265
2.2760000000000	-17.228404101650
2.2780000000000	-17.128816294171
2.2800000000000	-17.030332606170
2.2820000000000	-16.932939735783
2.2840000000000	-16.836624357614
2.2860000000000	-16.741373149131
2.2880000000000	-16.647172814111
2.2900000000000	-16.554010103401
2.2920000000000	-16.461871833269
2.2940000000000	-16.370744901553
2.2960000000000	-16.280616301849
2.2980000000000	-16.191473135899
2.3000000000000	-16.103302624383
2.3020000000000	-16.016092116245
2.3040000000000	-15.929829096713
2.3060000000000	-15.844501194146
2.3080000000000	-15.760096185802
2.3100000000000	-15.676602002663
2.3120000000000	-15.594006733396
2.3140000000000	-15.512298627538
2.3160000000000	-15.431466097994
2.3180000000000	-15.351497722913
2.3200000000000	-15.272382247003
2.3220000000000	-15.194108582359
2.3240000000000	-15.116665808843
2.3260000000000	-15.040043174067
2.3280000000000	-14.964230093033
2.3300000000000	-14.889216147459
2.3320000000000	-14.814991084827
2.3340000000000	-14.741544817200
2.3360000000000	-14.668867419814
2.3380000000000	-14.596949129491
2.3400000000000	-14.525780342896
2.3420000000000	-14.455351614641
2.3440000000000	-14.385653655281
2.3460000000000	-14.316677329202
2.3480000000000	-14.248413652423
2.3500000000000	-14.180853790330
2.3520000000000	-14.113989055347
2.3540000000000	-14.047810904560
2.3560000000000	-13.982310937306
2.3580000000000	-13.917480892736
2.3600000000000	-13.853312647356
2.3620000000000	-13.789798212556
2.3640000000000	-13.726929732140
2.3660000000000	-13.664699479851
2.3680000000000	-13.603099856907
2.3700000000000	-13.542123389546
2.3720000000000	-13.481762726587
2.3740000000000	-13.422010637013
2.3760000000000	-13.362860007570
2.3780000000000	-13.304303840402
2.3800000000000	-13.246335250703
2.3820000000000	-13.188947464406
2.3840000000000	-13.132133815900
2.3860000000000	-13.075887745783
2.3880000000000	-13.020202798650
2.3900000000000	-12.965072620915
2.3920000000000	-12.910490958670
2.3940000000000	-12.856451655582
2.3960000000000	-12.802948650828
2.3980000000000	-12.749975977071
2.4000000000000	-12.697527758470
2.4020000000000	-12.645598208732
2.4040000000000	-12.594181629200
2.4060000000000	-12.543272406989
2.4080000000000	-12.492865013146
2.4100000000000	-12.442954000862
2.4120000000000	-12.393534003716
2.4140000000000	-12.344599733958
2.4160000000000	-12.296145980830
2.4180000000000	-12.248167608925
2.4200000000000	-12.200659556582
2.4220000000000	-12.153616834318
2.4240000000000	-12.107034523295
2.4260000000000	-12.060907773825
2.4280000000000	-12.015231803904
2.4300000000000	-11.970001897789
2.4320000000000	-11.925213404600
2.4340000000000	-11.880861736960
2.4360000000000	-11.836942369667
2.4380000000000	-11.793450838397
2.4400000000000	-11.750382738437
2.4420000000000	-11.707733723450
2.4440000000000	-11.665499504275
2.4460000000000	-11.623675847742
2.4480000000000	-11.582258575534
2.4500000000000	-11.541243563063
2.4520000000000	-11.500626738380
2.4540000000000	-11.460404081111
2.4560000000000	-11.420571621420
2.4580000000000	-11.381125438994
2.4600000000000	-11.342061662055
2.4620000000000	-11.303376466403
2.4640000000000	-11.265066074469
2.4660000000000	-11.227126754408
2.4680000000000	-11.189554819199
2.4700000000000	-11.152346625779
2.4720000000000	-11.115498574192
2.4740000000000	-11.079007106764
2.4760000000000	-11.042868707294
2.4780000000000	-11.007079900268
2.4800000000000	-10.971637250093
2.4820000000000	-10.936537360347
2.4840000000000	-10.901776873052
2.4860000000000	-10.867352467964
2.4880000000000	-10.833260861876
2.4900000000000	-10.799498807945
2.4920000000000	-10.766063095033
2.4940000000000	-10.732950547063
2.4960000000000	-10.700158022394
2.4980000000000	-10.667682413209
2.5000000000000	-10.635520644919
2.5020000000000	-10.603669675582
2.5040000000000	-10.572126495339
2.5060000000000	-10.540888125856
2.5080000000000	-10.509951619790
2.5100000000000	-10.479314060260
2.5120000000000	-10.448972560336
2.5140000000000	-10.418924262538
2.5160000000000	-10.389166338350
2.5180000000000	-10.359695987739
2.5200000000000	-10.330510438697
2.5220000000000	-10.301606946782
2.5240000000000	-10.272982794679
2.5260000000000	-10.244635291770
2.5280000000000	-10.216561773708
2.5300000000000	-10.188759602012
2.5320000000000	-10.161226163660
2.5340000000000	-10.133958870701
2.5360000000000	-10.106955159875
2.5380000000000	-10.080212492233
2.5400000000000	-10.053728352780
2.5420000000000	-10.027500250113
2.5440000000000	-10.001525716081
2.5460000000000	-9.9758023054364
2.5480000000000	-9.9503275955125
2.5500000000000	-9.9250991858944
2.5520000000000	-9.9001146981049
2.5540000000000	-9.8753717752947
2.5560000000000	-9.8508680819413
2.5580000000000	-9.8266013035533
2.5600000000000	-9.8025691463827
2.5620000000000	-9.7787693371424
2.5640000000000	-9.7551996227312
2.5660000000000	-9.7318577699643
2.5680000000000	-9.7087415653099
2.5700000000000	-9.6858488146314
2.5720000000000	-9.6631773429359
2.5740000000000	-9.6407249941272
2.5760000000000	-9.6184896307653
2.5780000000000	-9.5964691338299
2.5800000000000	-9.5746614024898
2.5820000000000	-9.5530643538771
2.5840000000000	-9.5316759228657
2.5860000000000	-9.5104940618549
2.5880000000000	-9.4895167405573
2.5900000000000	-9.4687419457912
2.5920000000000	-9.4481676812771
2.5940000000000	-9.4277919674388
2.5960000000000	-9.4076128412075
2.5980000000000	-9.3876283558314
2.6000000000000	-9.3678365806874
2.6020000000000	-9.3482356010978
2.6040000000000	-9.3288235181501
2.6060000000000	-9.3095984485202
2.6080000000000	-9.2905585242991
2.6100000000000	-9.2717018928233
2.6120000000000	-9.2530267165076
2.6140000000000	-9.2345311726821
2.6160000000000	-9.2162134534311
2.6180000000000	-9.1980717654359
2.6200000000000	-9.1801043298202
2.6220000000000	-9.1623093819979
2.6240000000000	-9.1446851715242
2.6260000000000	-9.1272299619492
2.6280000000000	-9.1099420306738
2.6300000000000	-9.0928196688085
2.6320000000000	-9.0758611810344
2.6340000000000	-9.0590648854668
2.6360000000000	-9.0424291135208
2.6380000000000	-9.0259522097794
2.6400000000000	-9.0096325318638
2.6420000000000	-8.9934684503058
2.6440000000000	-8.9774583484223
2.6460000000000	-8.9616006221915
2.6480000000000	-8.9458936801318
2.6500000000000	-8.9303359431819
2.6520000000000	-8.9149258445833
2.6540000000000	-8.8996618297641
2.6560000000000	-8.8845423562252
2.6580000000000	-8.8695658934278
2.6600000000000	-8.8547309226825
2.6620000000000	-8.8400359370407
2.6640000000000	-8.8254794411868
2.6660000000000	-8.8110599513325
2.6680000000000	-8.7967759951124
2.6700000000000	-8.7826261114813
2.6720000000000	-8.7686088506124
2.6740000000000	-8.7547227737981
2.6760000000000	-8.7409664533506
2.6780000000000	-8.7273384725052
2.6800000000000	-8.7138374253242
2.6820000000000	-8.7004619166023
2.6840000000000	-8.6872105617734
2.6860000000000	-8.6740819868183
2.6880000000000	-8.6610748281739
2.6900000000000	-8.6481877326433
2.6920000000000	-8.6354193573077
2.6940000000000	-8.6227683694382
2.6960000000000	-8.6102334464101
2.6980000000000	-8.5978132756175
2.7000000000000	-8.5855065543887
2.7020000000000	-8.5733119899036
2.7040000000000	-8.5612282991110
2.7060000000000	-8.5492542086479
2.7080000000000	-8.5373884547588
2.7100000000000	-8.5256297832172
2.7120000000000	-8.5139769492462
2.7140000000000	-8.5024287174424
2.7160000000000	-8.4909838616982
2.7180000000000	-8.4796411651271
2.7200000000000	-8.4683994199883
2.7220000000000	-8.4572574276133
2.7240000000000	-8.4462139983326
2.7260000000000	-8.4352679514036
2.7280000000000	-8.4244181149389
2.7300000000000	-8.4136633258361
2.7320000000000	-8.4030024297074
2.7340000000000	-8.3924342808111
2.7360000000000	-8.3819577419831
2.7380000000000	-8.3715716845689
2.7400000000000	-8.3612749883574
2.7420000000000	-8.3510665415143
2.7440000000000	-8.3409452405171
2.7460000000000	-8.3309099900899
2.7480000000000	-8.3209597031398
2.7500000000000	-8.3110933006935
2.7520000000000	-8.3013097118346
2.7540000000000	-8.2916078736413
2.7560000000000	-8.2819867311259
2.7580000000000	-8.2724452371732
2.7600000000000	-8.2629823524809
2.7620000000000	-8.2535970455004
2.7640000000000	-8.2442882923775
2.7660000000000	-8.2350550768948
2.7680000000000	-8.2258963904138
2.7700000000000	-8.2168112318180
2.7720000000000	-8.2077986074567
2.7740000000000	-8.1988575310893
2.7760000000000	-8.1899870238300
2.7780000000000	-8.1811861140933
2.7800000000000	-8.1724538375400
2.7820000000000	-8.1637892370238
2.7840000000000	-8.1551913625388
2.7860000000000	-8.1466592711665
2.7880000000000	-8.1381920270247
2.7900000000000	-8.1297887012163
2.7920000000000	-8.1214483717784
2.7940000000000	-8.1131701236325
2.7960000000000	-8.1049530485347
2.7980000000000	-8.0967962450273
2.8000000000000	-8.0886988183897
2.8020000000000	-8.0806598805909
2.8040000000000	-8.0726785502423
2.8060000000000	-8.0647539525503
2.8080000000000	-8.0568852192705
2.8100000000000	-8.0490714886616
2.8120000000000	-8.0413119054405
2.8140000000000	-8.0336056207371
2.8160000000000	-8.0259517920504
2.8180000000000	-8.0183495832047
2.8200000000000	-8.0107981643062
2.8220000000000	-8.0032967117006
2.8240000000000	-7.9958444079309
2.8260000000000	-7.9884404416952
2.8280000000000	-7.9810840078063
2.8300000000000	-7.9737743071504
2.8320000000000	-7.9665105466472
2.8340000000000	-7.9592919392100
2.8360000000000	-7.9521177037070
2.8380000000000	-7.9449870649218
2.8400000000000	-7.9378992535161
2.8420000000000	-7.9308535059913
2.8440000000000	-7.9238490646516
2.8460000000000	-7.9168851775671
2.8480000000000	-7.9099610985379
2.8500000000000	-7.9030760870580
2.8520000000000	-7.8962294082803
2.8540000000000	-7.8894203329814
2.8560000000000	-7.8826481375278
2.8580000000000	-7.8759121038421
2.8600000000000	-7.8692115193691
2.8620000000000	-7.8625456770437
2.8640000000000	-7.8559138752579
2.8660000000000	-7.8493154178295
2.8680000000000	-7.8427496139703
2.8700000000000	-7.8362157782553
2.8720000000000	-7.8297132305924
2.8740000000000	-7.8232412961924
2.8760000000000	-7.8167993055395
2.8780000000000	-7.8103865943621
2.8800000000000	-7.8040025036048
2.8820000000000	-7.7976463793999
2.8840000000000	-7.7913175730402
2.8860000000000	-7.7850154409516
2.8880000000000	-7.7787393446668
2.8900000000000	-7.7724886507990
2.8920000000000	-7.7662627310163
2.8940000000000	-7.7600609620167
2.8960000000000	-7.7538827255033
2.8980000000000	-7.7477274081599
2.9000000000000	-7.7415944016277
2.9020000000000	-7.7354831024816
2.9040000000000	-7.7293929122080
2.9060000000000	-7.7233232371819
2.9080000000000	-7.7172734886455
2.9100000000000	-7.7112430826866
2.9120000000000	-7.7052314402181
2.9140000000000	-7.6992379869571
2.9160000000000	-7.6932621534057
2.9180000000000	-7.6873033748309
2.9200000000000	-7.6813610912460
2.9220000000000	-7.6754347473920
2.9240000000000	-7.6695237927200
2.9260000000000	-7.6636276813732
2.9280000000000	-7.6577458721699
2.9300000000000	-7.6518778285875
2.9320000000000	-7.6460230187458
2.9340000000000	-7.6401809153916
2.9360000000000	-7.6343509958841
2.9380000000000	-7.6285327421793
2.9400000000000	-7.6227256408167
2.9420000000000	-7.6169291829054
2.9440000000000	-7.6111428641105
2.9460000000000	-7.6053661846412
2.9480000000000	-7.5995986492378
2.9500000000000	-7.5938397671603
2.9520000000000	-7.5880890521773
2.9540000000000	-7.5823460225549
2.9560000000000	-7.5766102010467
2.9580000000000	-7.5708811148836
2.9600000000000	-7.5651582957649
2.9620000000000	-7.5594412798494
2.9640000000000	-7.5537296077466
2.9660000000000	-7.5480228245094
2.9680000000000	-7.5423204796263
2.9700000000000	-7.5366221270146
2.9720000000000	-7.5309273250143
2.9740000000000	-7.5252356363814
2.9760000000000	-7.5195466282834
2.9780000000000	-7.5138598722934
2.9800000000000	-7.5081749443864
2.9820000000000	-7.5024914249348
2.9840000000000	-7.4968088987050
2.9860000000000	-7.4911269548545
2.9880000000000	-7.4854451869293
2.9900000000000	-7.4797631928617
2.9920000000000	-7.4740805749688
2.9940000000000	-7.4683969399516
2.9960000000000	-7.4627118988942
2.9980000000000	-7.4570250672636
3.0000000000000	-7.4513360649104
3.0020000000000	-7.4456445160694
3.0040000000000	-7.4399500493608
3.0060000000000	-7.4342522977926
3.0080000000000	-7.4285508987622
3.0100000000000	-7.4228454940597
3.0120000000000	-7.4171357298711
3.0140000000000	-7.4114212567819
3.0160000000000	-7.4057017297815
3.0180000000000	-7.3999768082678
3.0200000000000	-7.3942461560526
3.0220000000000	-7.3885094413673
3.0240000000000	-7.3827663368689
3.0260000000000	-7.3770165196469
3.0280000000000	-7.3712596712302
3.0300000000000	-7.3654954775951
3.0320000000000	-7.3597236291730
3.0340000000000	-7.3539438208595
3.0360000000000	-7.3481557520229
3.0380000000000	-7.3423591265143
3.0400000000000	-7.3365536526773
3.0420000000000	-7.3307390433587
3.0440000000000	-7.3249150159193
3.0460000000000	-7.3190812922457
3.0480000000000	-7.3132375987620
3.0500000000000	-7.3073836664420
3.0520000000000	-7.3015192308229
3.0540000000000	-7.2956440320177
3.0560000000000	-7.2897578147296
3.0580000000000	-7.2838603282663
3.0600000000000	-7.2779513265547
3.0620000000000	-7.2720305681559
3.0640000000000	-7.2660978162812
3.0660000000000	-7.2601528388083
3.0680000000000	-7.2541954082978
3.0700000000000	-7.2482253020102
3.0720000000000	-7.2422423019235
3.0740000000000	-7.2362461947515
3.0760000000000	-7.2302367719619
3.0780000000000	-7.2242138297953
3.0800000000000	-7.2181771692845
3.0820000000000	-7.2121265962746
3.0840000000000	-7.2060619214428
3.0860000000000	-7.1999829603194
3.0880000000000	-7.1938895333089
3.0900000000000	-7.1877814657113
3.0920000000000	-7.1816585877444
3.0940000000000	-7.1755207345662
3.0960000000000	-7.1693677462973
3.0980000000000	-7.1631994680448
3.1000000000000	-7.1570157499255
3.1020000000000	-7.1508164470903
3.1040000000000	-7.1446014197485
3.1060000000000	-7.1383705331926
3.1080000000000	-7.1321236578242
3.1100000000000	-7.1258606691790
3.1120000000000	-7.1195814479532
3.1140000000000	-7.1132858800302
3.1160000000000	-7.1069738565071
3.1180000000000	-7.1006452737220
3.1200000000000	-7.0943000332821
3.1220000000000	-7.0879380420910
3.1240000000000	-7.0815592123776
3.1260000000000	-7.0751634617245
3.1280000000000	-7.0687507130970
3.1300000000000	-7.0623208948729
3.1320000000000	-7.0558739408718
3.1340000000000	-7.0494097903855
3.1360000000000	-7.0429283882080
3.1380000000000	-7.0364296846667
3.1400000000000	-7.0299136356530
3.1420000000000	-7.0233802026538
3.1440000000000	-7.0168293527831
3.1460000000000	-7.0102610588137
3.1480000000000	-7.0036752992098
3.1500000000000	-6.9970720581590
3.1520000000000	-6.9904513256051
3.1540000000000	-6.9838130972813
3.1560000000000	-6.9771573747430
3.1580000000000	-6.9704841654015
3.1600000000000	-6.9637934825575
3.1620000000000	-6.9570853454350
3.1640000000000	-6.9503597792154
3.1660000000000	-6.9436168150714
3.1680000000000	-6.9368564902020
3.1700000000000	-6.9300788478666
3.1720000000000	-6.9232839374198
3.1740000000000	-6.9164718143465
3.1760000000000	-6.9096425402966
3.1780000000000	-6.9027961831204
3.1800000000000	-6.8959328169037
3.1820000000000	-6.8890525220030
3.1840000000000	-6.8821553850810
3.1860000000000	-6.8752414991423
3.1880000000000	-6.8683109635683
3.1900000000000	-6.8613638841533
3.1920000000000	-6.8544003731398
3.1940000000000	-6.8474205492539
3.1960000000000	-6.8404245377414
3.1980000000000	-6.8334124704025
3.2000000000000	-6.8263844856279
#
#"Frequency / GHz"	"S4,3 [Magnitude / dB]"
#-----------------------------------------
1.2000000000000	-10.733766252795
1.2020000000000	-10.733079081183
1.2040000000000	-10.732285396438
1.2060000000000	-10.731384145853
1.2080000000000	-10.730374273137
1.2100000000000	-10.729254718611
1.2120000000000	-10.728024419409
1.2140000000000	-10.726682309690
1.2160000000000	-10.725227320849
1.2180000000000	-10.723658381740
1.2200000000000	-10.721974418897
1.2220000000000	-10.720174356769
1.2240000000000	-10.718257117958
1.2260000000000	-10.716221623460
1.2280000000000	-10.714066792918
1.2300000000000	-10.711791544873
1.2320000000000	-10.709394797028
1.2340000000000	-10.706875466513
1.2360000000000	-10.704232470163
1.2380000000000	-10.701464724789
1.2400000000000	-10.698571147472
1.2420000000000	-10.695550655847
1.2440000000000	-10.692402168400
1.2460000000000	-10.689124604776
1.2480000000000	-10.685716886080
1.2500000000000	-10.682177935196
1.2520000000000	-10.678506677106
1.2540000000000	-10.674702039212
1.2560000000000	-10.670762951669
1.2580000000000	-10.666688347724
1.2600000000000	-10.662477164050
1.2620000000000	-10.658128341103
1.2640000000000	-10.653640823466
1.2660000000000	-10.649013560210
1.2680000000000	-10.644245505258
1.2700000000000	-10.639335617748
1.2720000000000	-10.634282862411
1.2740000000000	-10.629086209942
1.2760000000000	-10.623744637386
1.2780000000000	-10.618257128524
1.2800000000000	-10.612622674260
1.2820000000000	-10.606840273020
1.2840000000000	-10.600908931147
1.2860000000000	-10.594827663307
1.2880000000000	-10.588595492892
1.2900000000000	-10.582211452431
1.2920000000000	-10.575674584004
1.2940000000000	-10.568983939660
1.2960000000000	-10.562138581829
1.2980000000000	-10.555137583755
1.3000000000000	-10.547980029910
1.3020000000000	-10.540665016430
1.3040000000000	-10.533191651537
1.3060000000000	-10.525559055974
1.3080000000000	-10.517766363439
1.3100000000000	-10.509812721016
1.3120000000000	-10.501697289610
1.3140000000000	-10.493419244388
1.3160000000000	-10.484977775212
1.3180000000000	-10.476372087078
1.3200000000000	-10.467601400553
1.3220000000000	-10.458664952214
1.3240000000000	-10.449561995086
1.3260000000000	-10.440291799075
1.3280000000000	-10.430853651407
1.3300000000000	-10.421246857063
1.3320000000000	-10.411470739208
1.3340000000000	-10.401524639627
1.3360000000000	-10.391407919151
1.3380000000000	-10.381119958087
1.3400000000000	-10.370660156638
1.3420000000000	-10.360027935327
1.3440000000000	-10.349222735413
1.3460000000000	-10.338244019308
1.3480000000000	-10.327091270983
1.3500000000000	-10.315763996380
1.3520000000000	-10.304261723805
1.3540000000000	-10.292584004334
1.3560000000000	-10.280730412199
1.3580000000000	-10.268700545172
1.3600000000000	-10.256494024952
1.3620000000000	-10.244110497533
1.3640000000000	-10.231549633576
1.3660000000000	-10.218811128765
1.3680000000000	-10.205894704167
1.3700000000000	-10.192800106573
1.3720000000000	-10.179527108841
1.3740000000000	-10.166075510226
1.3760000000000	-10.152445136701
1.3780000000000	-10.138635841275
1.3800000000000	-10.124647504294
1.3820000000000	-10.110480033744
1.3840000000000	-10.096133365532
1.3860000000000	-10.081607463767
1.3880000000000	-10.066902321028
1.3900000000000	-10.052017958621
1.3920000000000	-10.036954426826
1.3940000000000	-10.021711805136
1.3960000000000	-10.006290202481
1.3980000000000	-9.9906897574435
1.4000000000000	-9.9749106384651
1.4020000000000	-9.9589530440349
1.4040000000000	-9.9428172028730
1.4060000000000	-9.9265033740989
1.4080000000000	-9.9100118473885
1.4100000000000	-9.8933429431191
1.4120000000000	-9.8764970125021
1.4140000000000	-9.8594744377027
1.4160000000000	-9.8422756319480
1.4180000000000	-9.8249010396215
1.4200000000000	-9.8073511363451
1.4220000000000	-9.7896264290480
1.4240000000000	-9.7717274560230
1.4260000000000	-9.7536547869691
1.4280000000000	-9.7354090230214
1.4300000000000	-9.7169907967672
1.4320000000000	-9.6984007722495
1.4340000000000	-9.6796396449563
1.4360000000000	-9.6607081417978
1.4380000000000	-9.6416070210684
1.4400000000000	-9.6223370723975
1.4420000000000	-9.6028991166851
1.4440000000000	-9.5832940060247
1.4460000000000	-9.5635226236136
1.4480000000000	-9.5435858836487
1.4500000000000	-9.5234847312098
1.4520000000000	-9.5032201421301
1.4540000000000	-9.4827931228524
1.4560000000000	-9.4622047102738
1.4580000000000	-9.4414559715763
1.4600000000000	-9.4205480040456
1.4620000000000	-9.3994819348765
1.4640000000000	-9.3782589209663
1.4660000000000	-9.3568801486954
1.4680000000000	-9.3353468336962
1.4700000000000	-9.3136602206093
1.4720000000000	-9.2918215828287
1.4740000000000	-9.2698322222341
1.4760000000000	-9.2476934689127
1.4780000000000	-9.2254066808694
1.4800000000000	-9.2029732437254
1.4820000000000	-9.1803945704067
1.4840000000000	-9.1576721008211
1.4860000000000	-9.1348073015253
1.4880000000000	-9.1118016653817
1.4900000000000	-9.0886567112049
1.4920000000000	-9.0653739833987
1.4940000000000	-9.0419550515837
1.4960000000000	-9.0184015102151
1.4980000000000	-8.9947149781929
1.5000000000000	-8.9708970984613
1.5020000000000	-8.9469495376016
1.5040000000000	-8.9228739854162
1.5060000000000	-8.8986721545041
1.5080000000000	-8.8743457798302
1.5100000000000	-8.8498966182858
1.5120000000000	-8.8253264482434
1.5140000000000	-8.8006370691037
1.5160000000000	-8.7758303008369
1.5180000000000	-8.7509079835176
1.5200000000000	-8.7258719768538
1.5220000000000	-8.7007241597102
1.5240000000000	-8.6754664296269
1.5260000000000	-8.6501007023325
1.5280000000000	-8.6246289112523
1.5300000000000	-8.5990530070135
1.5320000000000	-8.5733749569446
1.5340000000000	-8.5475967445721
1.5360000000000	-8.5217203691138
1.5380000000000	-8.4957478449678
1.5400000000000	-8.4696812012003
1.5420000000000	-8.4435224810291
1.5440000000000	-8.4172737413058
1.5460000000000	-8.3909370519959
1.5480000000000	-8.3645144956564
1.5500000000000	-8.3380081669131
1.5520000000000	-8.3114201719352
1.5540000000000	-8.2847526279104
1.5560000000000	-8.2580076625185
1.5580000000000	-8.2311874134044
1.5600000000000	-8.2042940276517
1.5620000000000	-8.1773296612557
1.5640000000000	-8.1502964785973
1.5660000000000	-8.1231966519166
1.5680000000000	-8.0960323607887
1.5700000000000	-8.0688057915989
1.5720000000000	-8.0415191370206
1.5740000000000	-8.0141745954941
1.5760000000000	-7.9867743707070
1.5780000000000	-7.9593206710768
1.5800000000000	-7.9318157092355
1.5820000000000	-7.9042617015169
1.5840000000000	-7.8766608674461
1.5860000000000	-7.8490154292318
1.5880000000000	-7.8213276112616
1.5900000000000	-7.7935996396005
1.5920000000000	-7.7658337414931
1.5940000000000	-7.7380321448680
1.5960000000000	-7.7101970778475
1.5980000000000	-7.6823307682601
1.6000000000000	-7.6544354431569
1.6020000000000	-7.6265133283332
1.6040000000000	-7.5985666478527
1.6060000000000	-7.5705976235779
1.6080000000000	-7.5426084747038
1.6100000000000	-7.5146014172967
1.6120000000000	-7.4865786638384
1.6140000000000	-7.4585424227738
1.6160000000000	-7.4304948980658
1.6180000000000	-7.4024382887530
1.6200000000000	-7.3743747885148
1.6220000000000	-7.3463065852404
1.6240000000000	-7.3182358606041
1.6260000000000	-7.2901647896458
1.6280000000000	-7.2620955403574
1.6300000000000	-7.2340302732752
1.6320000000000	-7.2059711410773
1.6340000000000	-7.1779202881880
1.6360000000000	-7.1498798503877
1.6380000000000	-7.1218519544287
1.6400000000000	-7.0938387176573
1.6420000000000	-7.0658422476429
1.6440000000000	-7.0378646418116
1.6460000000000	-7.0099079870883
1.6480000000000	-6.9819743595432
1.6500000000000	-6.9540658240463
1.6520000000000	-6.9261844339276
1.6540000000000	-6.8983322306435
1.6560000000000	-6.8705112434511
1.6580000000000	-6.8427234890874
1.6600000000000	-6.8149709714568
1.6620000000000	-6.7872556813236
1.6640000000000	-6.7595795960132
1.6660000000000	-6.7319446791179
1.6680000000000	-6.7043528802111
1.6700000000000	-6.6768061345675
1.6720000000000	-6.6493063628902
1.6740000000000	-6.6218554710448
1.6760000000000	-6.5944553498003
1.6780000000000	-6.5671078745764
1.6800000000000	-6.5398149051985
1.6820000000000	-6.5125782856586
1.6840000000000	-6.4853998438837
1.6860000000000	-6.4582813915112
1.6880000000000	-6.4312247236701
1.6900000000000	-6.4042316187706
1.6920000000000	-6.3773038382992
1.6940000000000	-6.3504431266218
1.6960000000000	-6.3236512107922
1.6980000000000	-6.2969298003691
1.7000000000000	-6.2702805872388
1.7020000000000	-6.2437052454451
1.7040000000000	-6.2172054310256
1.7060000000000	-6.1907827818557
1.7080000000000	-6.1644389174981
1.7100000000000	-6.1381754390603
1.7120000000000	-6.1119939290577
1.7140000000000	-6.0858959512841
1.7160000000000	-6.0598830506889
1.7180000000000	-6.0339567532602
1.7200000000000	-6.0081185659153
1.7220000000000	-5.9823699763975
1.7240000000000	-5.9567124531792
1.7260000000000	-5.9311474453720
1.7280000000000	-5.9056763826426
1.7300000000000	-5.8803006751358
1.7320000000000	-5.8550217134037
1.7340000000000	-5.8298408683408
1.7360000000000	-5.8047594911259
1.7380000000000	-5.7797789131702
1.7400000000000	-5.7549004460715
1.7420000000000	-5.7301253815744
1.7440000000000	-5.7054549915371
1.7460000000000	-5.6808905279038
1.7480000000000	-5.6564332226833
1.7500000000000	-5.6320842879332
1.7520000000000	-5.6078449157511
1.7540000000000	-5.5837162782700
1.7560000000000	-5.5596995276608
1.7580000000000	-5.5357957961400
1.7600000000000	-5.5120061959830
1.7620000000000	-5.4883318195431
1.7640000000000	-5.4647737392761
1.7660000000000	-5.4413330077700
1.7680000000000	-5.4180106577806
1.7700000000000	-5.3948077022722
1.7720000000000	-5.3717251344628
1.7740000000000	-5.3487639278763
1.7760000000000	-5.3259250363974
1.7780000000000	-5.3032093943336
1.7800000000000	-5.2806179164808
1.7820000000000	-5.2581514981943
1.7840000000000	-5.2358110154647
1.7860000000000	-5.2135973249978
1.7880000000000	-5.1915112642998
1.7900000000000	-5.1695536517668
1.7920000000000	-5.1477252867787
1.7940000000000	-5.1260269497970
1.7960000000000	-5.1044594024677
1.7980000000000	-5.0830233877278
1.8000000000000	-5.0617196299158
1.8020000000000	-5.0405488348863
1.8040000000000	-5.0195116901288
1.8060000000000	-4.9986088648895
1.8080000000000	-4.9778410102976
1.8100000000000	-4.9572087594947
1.8120000000000	-4.9367127277678
1.8140000000000	-4.9163535126855
1.8160000000000	-4.8961316942378
1.8180000000000	-4.8760478349792
1.8200000000000	-4.8561024801739
1.8220000000000	-4.8362961579453
1.8240000000000	-4.8166293794274
1.8260000000000	-4.7971026389195
1.8280000000000	-4.7777164140433
1.8300000000000	-4.7584711659023
1.8320000000000	-4.7393673392445
1.8340000000000	-4.7204053626263
1.8360000000000	-4.7015856485798
1.8380000000000	-4.6829085937813
1.8400000000000	-4.6643745792220
1.8420000000000	-4.6459839703815
1.8440000000000	-4.6277371174015
1.8460000000000	-4.6096343552627
1.8480000000000	-4.5916760039624
1.8500000000000	-4.5738623686940
1.8520000000000	-4.5561937400277
1.8540000000000	-4.5386703940926
1.8560000000000	-4.5212925927595
1.8580000000000	-4.5040605838257
1.8600000000000	-4.4869746011997
1.8620000000000	-4.4700348650875
1.8640000000000	-4.4532415821793
1.8660000000000	-4.4365949458369
1.8680000000000	-4.4200951362816
1.8700000000000	-4.4037423207828
1.8720000000000	-4.3875366538463
1.8740000000000	-4.3714782774037
1.8760000000000	-4.3555673210010
1.8780000000000	-4.3398039019882
1.8800000000000	-4.3241881257079
1.8820000000000	-4.3087200856842
1.8840000000000	-4.2933998638117
1.8860000000000	-4.2782275305430
1.8880000000000	-4.2632031450773
1.8900000000000	-4.2483267555469
1.8920000000000	-4.2335983992044
1.8940000000000	-4.2190181026080
1.8960000000000	-4.2045858818069
1.8980000000000	-4.1903017425254
1.9000000000000	-4.1761656803459
1.9020000000000	-4.1621776808912
1.9040000000000	-4.1483377200051
1.9060000000000	-4.1346457639322
1.9080000000000	-4.1211017694965
1.9100000000000	-4.1077056842779
1.9120000000000	-4.0944574467878
1.9140000000000	-4.0813569866433
1.9160000000000	-4.0684042247391
1.9180000000000	-4.0555990734185
1.9200000000000	-4.0429414366415
1.9220000000000	-4.0304312101528
1.9240000000000	-4.0180682816461
1.9260000000000	-4.0058525309273
1.9280000000000	-3.9937838300762
1.9300000000000	-3.9818620436046
1.9320000000000	-3.9700870286139
1.9340000000000	-3.9584586349495
1.9360000000000	-3.9469767053530
1.9380000000000	-3.9356410756124
1.9400000000000	-3.9244515747101
1.9420000000000	-3.9134080249678
1.9440000000000	-3.9025102421895
1.9460000000000	-3.8917580358020
1.9480000000000	-3.8811512089923
1.9500000000000	-3.8706895588434
1.9520000000000	-3.8603728764662
1.9540000000000	-3.8502009471301
1.9560000000000	-3.8401735503896
1.9580000000000	-3.8302904602095
1.9600000000000	-3.8205514450858
1.9620000000000	-3.8109562681652
1.9640000000000	-3.8015046873615
1.9660000000000	-3.7921964554679
1.9680000000000	-3.7830313202684
1.9700000000000	-3.7740090246449
1.9720000000000	-3.7651293066820
1.9740000000000	-3.7563918997685
1.9760000000000	-3.7477965326963
1.9780000000000	-3.7393429297566
1.9800000000000	-3.7310308108320
1.9820000000000	-3.7228598914872
1.9840000000000	-3.7148298830556
1.9860000000000	-3.7069404927233
1.9880000000000	-3.6991914236100
1.9900000000000	-3.6915823748472
1.9920000000000	-3.6841130416533
1.9940000000000	-3.6767831154053
1.9960000000000	-3.6695922837083
1.9980000000000	-3.6625402304611
2.0000000000000	-3.6556266359201
2.0020000000000	-3.6488511767589
2.0040000000000	-3.6422135261257
2.0060000000000	-3.6357133536979
2.0080000000000	-3.6293503257332
2.0100000000000	-3.6231241051186
2.0120000000000	-3.6170343514157
2.0140000000000	-3.6110807209036
2.0160000000000	-3.6052628666191
2.0180000000000	-3.5995804383938
2.0200000000000	-3.5940330828883
2.0220000000000	-3.5886204436244
2.0240000000000	-3.5833421610135
2.0260000000000	-3.5781978723832
2.0280000000000	-3.5731872120006
2.0300000000000	-3.5683098110935
2.0320000000000	-3.5635652978687
2.0340000000000	-3.5589532975278
2.0360000000000	-3.5544734322801
2.0380000000000	-3.5501253213542
2.0400000000000	-3.5459085810055
2.0420000000000	-3.5418228245224
2.0440000000000	-3.5378676622303
2.0460000000000	-3.5340427014921
2.0480000000000	-3.5303475467078
2.0500000000000	-3.5267817993107
2.0520000000000	-3.5233450577625
2.0540000000000	-3.5200369175453
2.0560000000000	-3.5168569711520
2.0580000000000	-3.5138048080748
2.0600000000000	-3.5108800147913
2.0620000000000	-3.5080821747488
2.0640000000000	-3.5054108683472
2.0660000000000	-3.5028656729192
2.0680000000000	-3.5004461627095
2.0700000000000	-3.4981519088516
2.0720000000000	-3.4959824793439
2.0740000000000	-3.4939374390231
2.0760000000000	-3.4920163495369
2.0780000000000	-3.4902187693145
2.0800000000000	-3.4885442535366
2.0820000000000	-3.4869923541031
2.0840000000000	-3.4855626195999
2.0860000000000	-3.4842545952645
2.0880000000000	-3.4830678229506
2.0900000000000	-3.4820018410910
2.0920000000000	-3.4810561846598
2.0940000000000	-3.4802303851339
2.0960000000000	-3.4795239704529
2.0980000000000	-3.4789364649788
2.1000000000000	-3.4784673894545
2.1020000000000	-3.4781162609613
2.1040000000000	-3.4778825928766
2.1060000000000	-3.4777658948304
2.1080000000000	-3.4777656726609
2.1100000000000	-3.4778814283704
2.1120000000000	-3.4781126600807
2.1140000000000	-3.4784588619873
2.1160000000000	-3.4789195243142
2.1180000000000	-3.4794941332685
2.1200000000000	-3.4801821709940
2.1220000000000	-3.4809831155258
2.1240000000000	-3.4818964407440
2.1260000000000	-3.4829216163280
2.1280000000000	-3.4840581077107
2.1300000000000	-3.4853053760327
2.1320000000000	-3.4866628780974
2.1340000000000	-3.4881300663255
2.1360000000000	-3.4897063887105
2.1380000000000	-3.4913912887746
2.1400000000000	-3.4931842055248
2.1420000000000	-3.4950845734096
2.1440000000000	-3.4970918222767
2.1460000000000	-3.4992053773313
2.1480000000000	-3.5014246590944
2.1500000000000	-3.5037490833630
2.1520000000000	-3.5061780611704
2.1540000000000	-3.5087109987478
2.1560000000000	-3.5113472974870
2.1580000000000	-3.5140863539034
2.1600000000000	-3.5169275596010
2.1620000000000	-3.5198703012382
2.1640000000000	-3.5229139604946
2.1660000000000	-3.5260579140395
2.1680000000000	-3.5293015335014
2.1700000000000	-3.5326441854387
2.1720000000000	-3.5360852313126
2.1740000000000	-3.5396240274608
2.1760000000000	-3.5432599250728
2.1780000000000	-3.5469922701668
2.1800000000000	-3.5508204035687
2.1820000000000	-3.5547436608921
2.1840000000000	-3.5587613725203
2.1860000000000	-3.5628728635905
2.1880000000000	-3.5670774539787
2.1900000000000	-3.5713744582877
2.1920000000000	-3.5757631858363
2.1940000000000	-3.5802429406505
2.1960000000000	-3.5848130214566
2.1980000000000	-3.5894727216767
2.2000000000000	-3.5942213294261
2.2020000000000	-3.5990581275119
2.2040000000000	-3.6039823934356
2.2060000000000	-3.6089933993956
2.2080000000000	-3.6140904122939
2.2100000000000	-3.6192726937433
2.2120000000000	-3.6245395000784
2.2140000000000	-3.6298900823671
2.2160000000000	-3.6353236864264
2.2180000000000	-3.6408395528386
2.2200000000000	-3.6464369169710
2.2220000000000	-3.6521150089975
2.2240000000000	-3.6578730539228
2.2260000000000	-3.6637102716087
2.2280000000000	-3.6696258768029
2.2300000000000	-3.6756190791703
2.2320000000000	-3.6816890833265
2.2340000000000	-3.6878350888739
2.2360000000000	-3.6940562904405
2.2380000000000	-3.7003518777202
2.2400000000000	-3.7067210355168
2.2420000000000	-3.7131629437893
2.2440000000000	-3.7196767777005
2.2460000000000	-3.7262617076678
2.2480000000000	-3.7329168994159
2.2500000000000	-3.7396415140329
2.2520000000000	-3.7464347080282
2.2540000000000	-3.7532956333928
2.2560000000000	-3.7602234376625
2.2580000000000	-3.7672172639831
2.2600000000000	-3.7742762511781
2.2620000000000	-3.7813995338191
2.2640000000000	-3.7885862422980
2.2660000000000	-3.7958355029020
2.2680000000000	-3.8031464378911
2.2700000000000	-3.8105181655770
2.2720000000000	-3.8179498004059
2.2740000000000	-3.8254404530420
2.2760000000000	-3.8329892304539
2.2780000000000	-3.8405952360039
2.2800000000000	-3.8482575695382
2.2820000000000	-3.8559753274802
2.2840000000000	-3.8637476029260
2.2860000000000	-3.8715734857414
2.2880000000000	-3.8794520626613
2.2900000000000	-3.8873824173917
2.2920000000000	-3.8953636307127
2.2940000000000	-3.9033947805844
2.2960000000000	-3.9114749422539
2.2980000000000	-3.9196031883655
2.3000000000000	-3.9277785890709
2.3020000000000	-3.9360002121435
2.3040000000000	-3.9442671230922
2.3060000000000	-3.9525783852788
2.3080000000000	-3.9609330600359
2.3100000000000	-3.9693302067873
2.3120000000000	-3.9777688831693
2.3140000000000	-3.9862481451540
2.3160000000000	-3.9947670471740
2.3180000000000	-4.0033246422486
2.3200000000000	-4.0119199821115
2.3220000000000	-4.0205521173395
2.3240000000000	-4.0292200974829
2.3260000000000	-4.0379229711971
2.3280000000000	-4.0466597863754
2.3300000000000	-4.0554295902826
2.3320000000000	-4.0642314296903
2.3340000000000	-4.0730643510127
2.3360000000000	-4.0819274004438
2.3380000000000	-4.0908196240954
2.3400000000000	-4.0997400681355
2.3420000000000	-4.1086877789286
2.3440000000000	-4.1176618031755
2.3460000000000	-4.1266611880547
2.3480000000000	-4.1356849813639
2.3500000000000	-4.1447322316626
2.3520000000000	-4.1538019884148
2.3540000000000	-4.1628933021319
2.3560000000000	-4.1720052245170
2.3580000000000	-4.1811368086084
2.3600000000000	-4.1902871089241
2.3620000000000	-4.1994551816063
2.3640000000000	-4.2086400845658
2.3660000000000	-4.2178408776271
2.3680000000000	-4.2270566226727
2.3700000000000	-4.2362863837883
2.3720000000000	-4.2455292274071
2.3740000000000	-4.2547842224543
2.3760000000000	-4.2640504404916
2.3780000000000	-4.2733269558608
2.3800000000000	-4.2826128458277
2.3820000000000	-4.2919071907253
2.3840000000000	-4.3012090740967
2.3860000000000	-4.3105175828369
2.3880000000000	-4.3198318073353
2.3900000000000	-4.3291508416158
2.3920000000000	-4.3384737834781
2.3940000000000	-4.3477997346365
2.3960000000000	-4.3571278008593
2.3980000000000	-4.3664570921064
2.4000000000000	-4.3757867226665
2.4020000000000	-4.3851158112929
2.4040000000000	-4.3944434813389
2.4060000000000	-4.4037688608914
2.4080000000000	-4.4130910829035
2.4100000000000	-4.4224092853268
2.4120000000000	-4.4317226112408
2.4140000000000	-4.4410302089827
2.4160000000000	-4.4503312322749
2.4180000000000	-4.4596248403508
2.4200000000000	-4.4689101980803
2.4220000000000	-4.4781864760929
2.4240000000000	-4.4874528508995
2.4260000000000	-4.4967085050124
2.4280000000000	-4.5059526270644
2.4300000000000	-4.5151844119253
2.4320000000000	-4.5244030608171
2.4340000000000	-4.5336077814277
2.4360000000000	-4.5427977880223
2.4380000000000	-4.5519723015533
2.4400000000000	-4.5611305497681
2.4420000000000	-4.5702717673152
2.4440000000000	-4.5793951958482
2.4460000000000	-4.5885000841276
2.4480000000000	-4.5975856881214
2.4500000000000	-4.6066512711023
2.4520000000000	-4.6156961037443
2.4540000000000	-4.6247194642158
2.4560000000000	-4.6337206382718
2.4580000000000	-4.6426989193427
2.4600000000000	-4.6516536086220
2.4620000000000	-4.6605840151513
2.4640000000000	-4.6694894559025
2.4660000000000	-4.6783692558588
2.4680000000000	-4.6872227480927
2.4700000000000	-4.6960492738418
2.4720000000000	-4.7048481825823
2.4740000000000	-4.7136188320999
2.4760000000000	-4.7223605885591
2.4780000000000	-4.7310728265693
2.4800000000000	-4.7397549292485
2.4820000000000	-4.7484062882854
2.4840000000000	-4.7570263039980
2.4860000000000	-4.7656143853907
2.4880000000000	-4.7741699502085
2.4900000000000	-4.7826924249885
2.4920000000000	-4.7911812451095
2.4940000000000	-4.7996358548387
2.4960000000000	-4.8080557073764
2.4980000000000	-4.8164402648975
2.5000000000000	-4.8247889985913
2.5020000000000	-4.8331013886984
2.5040000000000	-4.8413769245450
2.5060000000000	-4.8496151045751
2.5080000000000	-4.8578154363803
2.5100000000000	-4.8659774367264
2.5120000000000	-4.8741006315785
2.5140000000000	-4.8821845561229
2.5160000000000	-4.8902287547870
2.5180000000000	-4.8982327812569
2.5200000000000	-4.9061961984915
2.5220000000000	-4.9141185787361
2.5240000000000	-4.9219995035314
2.5260000000000	-4.9298385637220
2.5280000000000	-4.9376353594617
2.5300000000000	-4.9453895002158
2.5320000000000	-4.9531006047625
2.5340000000000	-4.9607683011912
2.5360000000000	-4.9683922268978
2.5380000000000	-4.9759720285796
2.5400000000000	-4.9835073622256
2.5420000000000	-4.9909978931068
2.5440000000000	-4.9984432957624
2.5460000000000	-5.0058432539854
2.5480000000000	-5.0131974608047
2.5500000000000	-5.0205056184659
2.5520000000000	-5.0277674384097
2.5540000000000	-5.0349826412483
2.5560000000000	-5.0421509567394
2.5580000000000	-5.0492721237588
2.5600000000000	-5.0563458902702
2.5620000000000	-5.0633720132938
2.5640000000000	-5.0703502588724
2.5660000000000	-5.0772804020360
2.5680000000000	-5.0841622267637
2.5700000000000	-5.0909955259451
2.5720000000000	-5.0977801013385
2.5740000000000	-5.1045157635282
2.5760000000000	-5.1112023318798
2.5780000000000	-5.1178396344933
2.5800000000000	-5.1244275081556
2.5820000000000	-5.1309657982899
2.5840000000000	-5.1374543589050
2.5860000000000	-5.1438930525418
2.5880000000000	-5.1502817502187
2.5900000000000	-5.1566203313758
2.5920000000000	-5.1629086838171
2.5940000000000	-5.1691467036514
2.5960000000000	-5.1753342952322
2.5980000000000	-5.1814713710953
2.6000000000000	-5.1875578518965
2.6020000000000	-5.1935936663462
2.6040000000000	-5.1995787511445
2.6060000000000	-5.2055130509139
2.6080000000000	-5.2113965181311
2.6100000000000	-5.2172291130581
2.6120000000000	-5.2230108036714
2.6140000000000	-5.2287415655910
2.6160000000000	-5.2344213820075
2.6180000000000	-5.2400502436089
2.6200000000000	-5.2456281485061
2.6220000000000	-5.2511551021574
2.6240000000000	-5.2566311172924
2.6260000000000	-5.2620562138350
2.6280000000000	-5.2674304188251
2.6300000000000	-5.2727537663401
2.6320000000000	-5.2780262974158
2.6340000000000	-5.2832480599657
2.6360000000000	-5.2884191087003
2.6380000000000	-5.2935395050461
2.6400000000000	-5.2986093170631
2.6420000000000	-5.3036286193622
2.6440000000000	-5.3085974930225
2.6460000000000	-5.3135160255071
2.6480000000000	-5.3183843105795
2.6500000000000	-5.3232024482186
2.6520000000000	-5.3279705445343
2.6540000000000	-5.3326887116821
2.6560000000000	-5.3373570677772
2.6580000000000	-5.3419757368090
2.6600000000000	-5.3465448485549
2.6620000000000	-5.3510645384938
2.6640000000000	-5.3555349477195
2.6660000000000	-5.3599562228544
2.6680000000000	-5.3643285159620
2.6700000000000	-5.3686519844605
2.6720000000000	-5.3729267910355
2.6740000000000	-5.3771531035529
2.6760000000000	-5.3813310949718
2.6780000000000	-5.3854609432577
2.6800000000000	-5.3895428312949
2.6820000000000	-5.3935769468000
2.6840000000000	-5.3975634822347
2.6860000000000	-5.4015026347192
2.6880000000000	-5.4053946059456
2.6900000000000	-5.4092396020912
2.6920000000000	-5.4130378337323
2.6940000000000	-5.4167895157583
2.6960000000000	-5.4204948672858
2.6980000000000	-5.4241541115730
2.7000000000000	-5.4277674759345
2.7020000000000	-5.4313351916561
2.7040000000000	-5.4348574939106
2.7060000000000	-5.4383346216733
2.7080000000000	-5.4417668176379
2.7100000000000	-5.4451543281333
2.7120000000000	-5.4484974030404
2.7140000000000	-5.4517962957093
2.7160000000000	-5.4550512628772
2.7180000000000	-5.4582625645864
2.7200000000000	-5.4614304641035
2.7220000000000	-5.4645552278381
2.7240000000000	-5.4676371252628
2.7260000000000	-5.4706764288332
2.7280000000000	-5.4736734139092
2.7300000000000	-5.4766283586757
2.7320000000000	-5.4795415440650
2.7340000000000	-5.4824132536792
2.7360000000000	-5.4852437737134
2.7380000000000	-5.4880333928789
2.7400000000000	-5.4907824023284
2.7420000000000	-5.4934910955803
2.7440000000000	-5.4961597684446
2.7460000000000	-5.4987887189492
2.7480000000000	-5.5013782472668
2.7500000000000	-5.5039286556423
2.7520000000000	-5.5064402483216
2.7540000000000	-5.5089133314803
2.7560000000000	-5.5113482131531
2.7580000000000	-5.5137452031650
2.7600000000000	-5.5161046130617
2.7620000000000	-5.5184267560416
2.7640000000000	-5.5207119468887
2.7660000000000	-5.5229605019056
2.7680000000000	-5.5251727388475
2.7700000000000	-5.5273489768574
2.7720000000000	-5.5294895364010
2.7740000000000	-5.5315947392037
2.7760000000000	-5.5336649081872
2.7780000000000	-5.5357003674073
2.7800000000000	-5.5377014419927
2.7820000000000	-5.5396684580842
2.7840000000000	-5.5416017427748
2.7860000000000	-5.5435016240509
2.7880000000000	-5.5453684307334
2.7900000000000	-5.5472024924204
2.7920000000000	-5.5490041394306
2.7940000000000	-5.5507737027469
2.7960000000000	-5.5525115139615
2.7980000000000	-5.5542179052212
2.8000000000000	-5.5558932091737
2.8020000000000	-5.5575377589149
2.8040000000000	-5.5591518879364
2.8060000000000	-5.5607359300744
2.8080000000000	-5.5622902194590
2.8100000000000	-5.5638150904646
2.8120000000000	-5.5653108776602
2.8140000000000	-5.5667779157617
2.8160000000000	-5.5682165395843
2.8180000000000	-5.5696270839953
2.8200000000000	-5.5710098838685
2.8220000000000	-5.5723652740388
2.8240000000000	-5.5736935892577
2.8260000000000	-5.5749951641492
2.8280000000000	-5.5762703331675
2.8300000000000	-5.5775194305540
2.8320000000000	-5.5787427902961
2.8340000000000	-5.5799407460863
2.8360000000000	-5.5811136312820
2.8380000000000	-5.5822617788665
2.8400000000000	-5.5833855214098
2.8420000000000	-5.5844851910311
2.8440000000000	-5.5855611193615
2.8460000000000	-5.5866136375071
2.8480000000000	-5.5876430760138
2.8500000000000	-5.5886497648314
2.8520000000000	-5.5896340332800
2.8540000000000	-5.5905962100155
2.8560000000000	-5.5915366229968
2.8580000000000	-5.5924555994534
2.8600000000000	-5.5933534658537
2.8620000000000	-5.5942305478735
2.8640000000000	-5.5950871703661
2.8660000000000	-5.5959236573321
2.8680000000000	-5.5967403318902
2.8700000000000	-5.5975375162490
2.8720000000000	-5.5983155316788
2.8740000000000	-5.5990746984843
2.8760000000000	-5.5998153359780
2.8780000000000	-5.6005377624543
2.8800000000000	-5.6012422951635
2.8820000000000	-5.6019292502874
2.8840000000000	-5.6025989429150
2.8860000000000	-5.6032516870184
2.8880000000000	-5.6038877954299
2.8900000000000	-5.6045075798195
2.8920000000000	-5.6051113506727
2.8940000000000	-5.6056994172690
2.8960000000000	-5.6062720876611
2.8980000000000	-5.6068296686548
2.9000000000000	-5.6073724657882
2.9020000000000	-5.6079007833136
2.9040000000000	-5.6084149241776
2.9060000000000	-5.6089151900036
2.9080000000000	-5.6094018810736
2.9100000000000	-5.6098752963108
2.9120000000000	-5.6103357332631
2.9140000000000	-5.6107834880866
2.9160000000000	-5.6112188555298
2.9180000000000	-5.6116421289183
2.9200000000000	-5.6120536001395
2.9220000000000	-5.6124535596288
2.9240000000000	-5.6128422963548
2.9260000000000	-5.6132200978065
2.9280000000000	-5.6135872499796
2.9300000000000	-5.6139440373641
2.9320000000000	-5.6142907429319
2.9340000000000	-5.6146276481251
2.9360000000000	-5.6149550328441
2.9380000000000	-5.6152731754372
2.9400000000000	-5.6155823526894
2.9420000000000	-5.6158828398126
2.9440000000000	-5.6161749104353
2.9460000000000	-5.6164588365933
2.9480000000000	-5.6167348887208
2.9500000000000	-5.6170033356410
2.9520000000000	-5.6172644445584
2.9540000000000	-5.6175184810506
2.9560000000000	-5.6177657090601
2.9580000000000	-5.6180063908876
2.9600000000000	-5.6182407871846
2.9620000000000	-5.6184691569468
2.9640000000000	-5.6186917575079
2.9660000000000	-5.6189088445331
2.9680000000000	-5.6191206720140
2.9700000000000	-5.6193274922627
2.9720000000000	-5.6195295559066
2.9740000000000	-5.6197271118842
2.9760000000000	-5.6199204074399
2.9780000000000	-5.6201096881200
2.9800000000000	-5.6202951977687
2.9820000000000	-5.6204771785246
2.9840000000000	-5.6206558708169
2.9860000000000	-5.6208315133625
2.9880000000000	-5.6210043431631
2.9900000000000	-5.6211745955023
2.9920000000000	-5.6213425039435
2.9940000000000	-5.6215083003276
2.9960000000000	-5.6216722147710
2.9980000000000	-5.6218344756641
3.0000000000000	-5.6219953096697
3.0020000000000	-5.6221549417218
3.0040000000000	-5.6223135950246
3.0060000000000	-5.6224714910518
3.0080000000000	-5.6226288495460
3.0100000000000	-5.6227858885179
3.0120000000000	-5.6229428242469
3.0140000000000	-5.6230998712806
3.0160000000000	-5.6232572424350
3.0180000000000	-5.6234151487953
3.0200000000000	-5.6235737997160
3.0220000000000	-5.6237334028222
3.0240000000000	-5.6238941640100
3.0260000000000	-5.6240562874483
3.0280000000000	-5.6242199755794
3.0300000000000	-5.6243854291212
3.0320000000000	-5.6245528470679
3.0340000000000	-5.6247224266930
3.0360000000000	-5.6248943635501
3.0380000000000	-5.6250688514757
3.0400000000000	-5.6252460825913
3.0420000000000	-5.6254262473056
3.0440000000000	-5.6256095343175
3.0460000000000	-5.6257961306182
3.0480000000000	-5.6259862214943
3.0500000000000	-5.6261799905310
3.0520000000000	-5.6263776196147
3.0540000000000	-5.6265792889364
3.0560000000000	-5.6267851769953
3.0580000000000	-5.6269954606018
3.0600000000000	-5.6272103148813
3.0620000000000	-5.6274299132778
3.0640000000000	-5.6276544275580
3.0660000000000	-5.6278840278146
3.0680000000000	-5.6281188824709
3.0700000000000	-5.6283591582846
3.0720000000000	-5.6286050203519
3.0740000000000	-5.6288566321121
3.0760000000000	-5.6291141553521
3.0780000000000	-5.6293777502103
3.0800000000000	-5.6296475751818
3.0820000000000	-5.6299237871227
3.0840000000000	-5.6302065412553
3.0860000000000	-5.6304959911724
3.0880000000000	-5.6307922888425
3.0900000000000	-5.6310955846149
3.0920000000000	-5.6314060272246
3.0940000000000	-5.6317237637977
3.0960000000000	-5.6320489398564
3.0980000000000	-5.6323816993243
3.1000000000000	-5.6327221845319
3.1020000000000	-5.6330705362222
3.1040000000000	-5.6334268935557
3.1060000000000	-5.6337913941166
3.1080000000000	-5.6341641739179
3.1100000000000	-5.6345453674073
3.1120000000000	-5.6349351074732
3.1140000000000	-5.6353335254501
3.1160000000000	-5.6357407511246
3.1180000000000	-5.6361569127413
3.1200000000000	-5.6365821370090
3.1220000000000	-5.6370165491064
3.1240000000000	-5.6374602726883
3.1260000000000	-5.6379134298918
3.1280000000000	-5.6383761413421
3.1300000000000	-5.6388485261592
3.1320000000000	-5.6393307019638
3.1340000000000	-5.6398227848836
3.1360000000000	-5.6403248895599
3.1380000000000	-5.6408371291535
3.1400000000000	-5.6413596153516
3.1420000000000	-5.6418924583738
3.1440000000000	-5.6424357669788
3.1460000000000	-5.6429896484709
3.1480000000000	-5.6435542087064
3.1500000000000	-5.6441295521004
3.1520000000000	-5.6447157816330
3.1540000000000	-5.6453129988563
3.1560000000000	-5.6459213039010
3.1580000000000	-5.6465407954828
3.1600000000000	-5.6471715709093
3.1620000000000	-5.6478137260868
3.1640000000000	-5.6484673555269
3.1660000000000	-5.6491325523533
3.1680000000000	-5.6498094083087
3.1700000000000	-5.6504980137613
3.1720000000000	-5.6511984577121
3.1740000000000	-5.6519108278015
3.1760000000000	-5.6526352103159
3.1780000000000	-5.6533716901951
3.1800000000000	-5.6541203510389
3.1820000000000	-5.6548812751140
3.1840000000000	-5.6556545433610
3.1860000000000	-5.6564402354015
3.1880000000000	-5.6572384295446
3.1900000000000	-5.6580492027946
3.1920000000000	-5.6588726308570
3.1940000000000	-5.6597087881465
3.1960000000000	-5.6605577477932
3.1980000000000	-5.6614195816503
3.2000000000000	-5.6622943603004
#
#"Frequency / GHz"	"S1,4 [Magnitude / dB]"
#-----------------------------------------
1.2000000000000	-8.8487463959163
1.2020000000000	-8.8482770372336
1.2040000000000	-8.8478025464132
1.2060000000000	-8.8473231570623
1.2080000000000	-8.8468391059662
1.2100000000000	-8.8463506331262
1.2120000000000	-8.8458579817982
1.2140000000000	-8.8453613985322
1.2160000000000	-8.8448611332108
1.2180000000000	-8.8443574390898
1.2200000000000	-8.8438505728381
1.2220000000000	-8.8433407945783
1.2240000000000	-8.8428283679277
1.2260000000000	-8.8423135600403
1.2280000000000	-8.8417966416478
1.2300000000000	-8.8412778871030
1.2320000000000	-8.8407575744217
1.2340000000000	-8.8402359853265
1.2360000000000	-8.8397134052898
1.2380000000000	-8.8391901235788
1.2400000000000	-8.8386664332991
1.2420000000000	-8.8381426314401
1.2440000000000	-8.8376190189203
1.2460000000000	-8.8370959006331
1.2480000000000	-8.8365735854932
1.2500000000000	-8.8360523864831
1.2520000000000	-8.8355326207004
1.2540000000000	-8.8350146094052
1.2560000000000	-8.8344986780686
1.2580000000000	-8.8339851564207
1.2600000000000	-8.8334743784996
1.2620000000000	-8.8329666827012
1.2640000000000	-8.8324624118284
1.2660000000000	-8.8319619131421
1.2680000000000	-8.8314655384113
1.2700000000000	-8.8309736439645
1.2720000000000	-8.8304865907415
1.2740000000000	-8.8300047443453
1.2760000000000	-8.8295284750945
1.2780000000000	-8.8290581580767
1.2800000000000	-8.8285941732012
1.2820000000000	-8.8281369052538
1.2840000000000	-8.8276867439500
1.2860000000000	-8.8272440839909
1.2880000000000	-8.8268093251175
1.2900000000000	-8.8263828721667
1.2920000000000	-8.8259651351272
1.2940000000000	-8.8255565291963
1.2960000000000	-8.8251574748365
1.2980000000000	-8.8247683978332
1.3000000000000	-8.8243897293520
1.3020000000000	-8.8240219059974
1.3040000000000	-8.8236653698714
1.3060000000000	-8.8233205686321
1.3080000000000	-8.8229879555538
1.3100000000000	-8.8226679895865
1.3120000000000	-8.8223611354162
1.3140000000000	-8.8220678635260
1.3160000000000	-8.8217886502567
1.3180000000000	-8.8215239778686
1.3200000000000	-8.8212743346035
1.3220000000000	-8.8210402147465
1.3240000000000	-8.8208221186894
1.3260000000000	-8.8206205529929
1.3280000000000	-8.8204360304508
1.3300000000000	-8.8202690701534
1.3320000000000	-8.8201201975514
1.3340000000000	-8.8199899445209
1.3360000000000	-8.8198788494280
1.3380000000000	-8.8197874571937
1.3400000000000	-8.8197163193598
1.3420000000000	-8.8196659941545
1.3440000000000	-8.8196370465587
1.3460000000000	-8.8196300483722
1.3480000000000	-8.8196455782804
1.3500000000000	-8.8196842219217
1.3520000000000	-8.8197465719544
1.3540000000000	-8.8198332281244
1.3560000000000	-8.8199447973329
1.3580000000000	-8.8200818937048
1.3600000000000	-8.8202451386564
1.3620000000000	-8.8204351609647
1.3640000000000	-8.8206525968353
1.3660000000000	-8.8208980899719
1.3680000000000	-8.8211722916452
1.3700000000000	-8.8214758607623
1.3720000000000	-8.8218094639359
1.3740000000000	-8.8221737755542
1.3760000000000	-8.8225694778505
1.3780000000000	-8.8229972609731
1.3800000000000	-8.8234578230552
1.3820000000000	-8.8239518702850
1.3840000000000	-8.8244801169758
1.3860000000000	-8.8250432856361
1.3880000000000	-8.8256421070403
1.3900000000000	-8.8262773202981
1.3920000000000	-8.8269496729257
1.3940000000000	-8.8276599209154
1.3960000000000	-8.8284088288062
1.3980000000000	-8.8291971697536
1.4000000000000	-8.8300257256004
1.4020000000000	-8.8308952869461
1.4040000000000	-8.8318066532173
1.4060000000000	-8.8327606327370
1.4080000000000	-8.8337580427951
1.4100000000000	-8.8347997097172
1.4120000000000	-8.8358864689343
1.4140000000000	-8.8370191650520
1.4160000000000	-8.8381986519193
1.4180000000000	-8.8394257926973
1.4200000000000	-8.8407014599276
1.4220000000000	-8.8420265356007
1.4240000000000	-8.8434019112235
1.4260000000000	-8.8448284878868
1.4280000000000	-8.8463071763326
1.4300000000000	-8.8478388970211
1.4320000000000	-8.8494245801962
1.4340000000000	-8.8510651659523
1.4360000000000	-8.8527616042992
1.4380000000000	-8.8545148552275
1.4400000000000	-8.8563258887726
1.4420000000000	-8.8581956850790
1.4440000000000	-8.8601252344636
1.4460000000000	-8.8621155374782
1.4480000000000	-8.8641676049723
1.4500000000000	-8.8662824581540
1.4520000000000	-8.8684611286514
1.4540000000000	-8.8707046585725
1.4560000000000	-8.8730141005648
1.4580000000000	-8.8753905178742
1.4600000000000	-8.8778349844026
1.4620000000000	-8.8803485847655
1.4640000000000	-8.8829324143482
1.4660000000000	-8.8855875793612
1.4680000000000	-8.8883151968951
1.4700000000000	-8.8911163949742
1.4720000000000	-8.8939923126094
1.4740000000000	-8.8969440998500
1.4760000000000	-8.8999729178347
1.4780000000000	-8.9030799388412
1.4800000000000	-8.9062663463354
1.4820000000000	-8.9095333350193
1.4840000000000	-8.9128821108772
1.4860000000000	-8.9163138912217
1.4880000000000	-8.9198299047381
1.4900000000000	-8.9234313915278
1.4920000000000	-8.9271196031504
1.4940000000000	-8.9308958026647
1.4960000000000	-8.9347612646682
1.4980000000000	-8.9387172753360
1.5000000000000	-8.9427651324579
1.5020000000000	-8.9469061454740
1.5040000000000	-8.9511416355098
1.5060000000000	-8.9554729354094
1.5080000000000	-8.9599013897675
1.5100000000000	-8.9644283549597
1.5120000000000	-8.9690551991725
1.5140000000000	-8.9737833024303
1.5160000000000	-8.9786140566226
1.5180000000000	-8.9835488655286
1.5200000000000	-8.9885891448414
1.5220000000000	-8.9937363221894
1.5240000000000	-8.9989918371580
1.5260000000000	-9.0043571413083
1.5280000000000	-9.0098336981952
1.5300000000000	-9.0154229833840
1.5320000000000	-9.0211264844652
1.5340000000000	-9.0269457010682
1.5360000000000	-9.0328821448732
1.5380000000000	-9.0389373396219
1.5400000000000	-9.0451128211270
1.5420000000000	-9.0514101372796
1.5440000000000	-9.0578308480556
1.5460000000000	-9.0643765255211
1.5480000000000	-9.0710487538353
1.5500000000000	-9.0778491292531
1.5520000000000	-9.0847792601259
1.5540000000000	-9.0918407669011
1.5560000000000	-9.0990352821200
1.5580000000000	-9.1063644504151
1.5600000000000	-9.1138299285056
1.5620000000000	-9.1214333851918
1.5640000000000	-9.1291765013485
1.5660000000000	-9.1370609699171
1.5680000000000	-9.1450884958964
1.5700000000000	-9.1532607963332
1.5720000000000	-9.1615796003105
1.5740000000000	-9.1700466489365
1.5760000000000	-9.1786636953307
1.5780000000000	-9.1874325046113
1.5800000000000	-9.1963548538800
1.5820000000000	-9.2054325322076
1.5840000000000	-9.2146673406176
1.5860000000000	-9.2240610920705
1.5880000000000	-9.2336156114467
1.5900000000000	-9.2433327355296
1.5920000000000	-9.2532143129885
1.5940000000000	-9.2632622043604
1.5960000000000	-9.2734782820329
1.5980000000000	-9.2838644302265
1.6000000000000	-9.2944225449766
1.6020000000000	-9.3051545341168
1.6040000000000	-9.3160623172617
1.6060000000000	-9.3271478257905
1.6080000000000	-9.3384130028308
1.6100000000000	-9.3498598032440
1.6120000000000	-9.3614901936106
1.6140000000000	-9.3733061522172
1.6160000000000	-9.3853096690440
1.6180000000000	-9.3975027457545
1.6200000000000	-9.4098873956859
1.6220000000000	-9.4224656438413
1.6240000000000	-9.4352395268842
1.6260000000000	-9.4482110931343
1.6280000000000	-9.4613824025657
1.6300000000000	-9.4747555268077
1.6320000000000	-9.4883325491479
1.6340000000000	-9.5021155645384
1.6360000000000	-9.5161066796039
1.6380000000000	-9.5303080126546
1.6400000000000	-9.5447216937010
1.6420000000000	-9.5593498644732
1.6440000000000	-9.5741946784437
1.6460000000000	-9.5892583008542
1.6480000000000	-9.6045429087469
1.6500000000000	-9.6200506910004
1.6520000000000	-9.6357838483702
1.6540000000000	-9.6517445935345
1.6560000000000	-9.6679351511451
1.6580000000000	-9.6843577578843
1.6600000000000	-9.7010146625273
1.6620000000000	-9.7179081260113
1.6640000000000	-9.7350404215104
1.6660000000000	-9.7524138345180
1.6680000000000	-9.7700306629360
1.6700000000000	-9.7878932171713
1.6720000000000	-9.8060038202404
1.6740000000000	-9.8243648078818
1.6760000000000	-9.8429785286769
1.6780000000000	-9.8618473441796
1.6800000000000	-9.8809736290554
1.6820000000000	-9.9003597712295
1.6840000000000	-9.9200081720450
1.6860000000000	-9.9399212464311
1.6880000000000	-9.9601014230825
1.6900000000000	-9.9805511446492
1.6920000000000	-10.001272867938
1.6940000000000	-10.022269064125
1.6960000000000	-10.043542218983
1.6980000000000	-10.065094833116
1.7000000000000	-10.086929422216
1.7020000000000	-10.109048517322
1.7040000000000	-10.131454665102
1.7060000000000	-10.154150428146
1.7080000000000	-10.177138385271
1.7100000000000	-10.200421131849
1.7120000000000	-10.224001280144
1.7140000000000	-10.247881459667
1.7160000000000	-10.272064317550
1.7180000000000	-10.296552518935
1.7200000000000	-10.321348747381
1.7220000000000	-10.346455705294
1.7240000000000	-10.371876114368
1.7260000000000	-10.397612716051
1.7280000000000	-10.423668272034
1.7300000000000	-10.450045564751
1.7320000000000	-10.476747397908
1.7340000000000	-10.503776597035
1.7360000000000	-10.531136010055
1.7380000000000	-10.558828507879
1.7400000000000	-10.586856985025
1.7420000000000	-10.615224360261
1.7440000000000	-10.643933577275
1.7460000000000	-10.672987605368
1.7480000000000	-10.702389440178
1.7500000000000	-10.732142104422
1.7520000000000	-10.762248648681
1.7540000000000	-10.792712152201
1.7560000000000	-10.823535723728
1.7580000000000	-10.854722502379
1.7600000000000	-10.886275658534
1.7620000000000	-10.918198394768
1.7640000000000	-10.950493946818
1.7660000000000	-10.983165584573
1.7680000000000	-11.016216613113
1.7700000000000	-11.049650373776
1.7720000000000	-11.083470245260
1.7740000000000	-11.117679644775
1.7760000000000	-11.152282029218
1.7780000000000	-11.187280896402
1.7800000000000	-11.222679786319
1.7820000000000	-11.258482282451
1.7840000000000	-11.294692013118
1.7860000000000	-11.331312652881
1.7880000000000	-11.368347923981
1.7900000000000	-11.405801597835
1.7920000000000	-11.443677496579
1.7940000000000	-11.481979494656
1.7960000000000	-11.520711520467
1.7980000000000	-11.559877558070
1.8000000000000	-11.599481648935
1.8020000000000	-11.639527893756
1.8040000000000	-11.680020454328
1.8060000000000	-11.720963555482
1.8080000000000	-11.762361487078
1.8100000000000	-11.804218606077
1.8120000000000	-11.846539338665
1.8140000000000	-11.889328182459
1.8160000000000	-11.932589708781
1.8180000000000	-11.976328565005
1.8200000000000	-12.020549476987
1.8220000000000	-12.065257251566
1.8240000000000	-12.110456779160
1.8260000000000	-12.156153036437
1.8280000000000	-12.202351089083
1.8300000000000	-12.249056094657
1.8320000000000	-12.296273305545
1.8340000000000	-12.344008072011
1.8360000000000	-12.392265845355
1.8380000000000	-12.441052181174
1.8400000000000	-12.490372742734
1.8420000000000	-12.540233304463
1.8440000000000	-12.590639755557
1.8460000000000	-12.641598103717
1.8480000000000	-12.693114479011
1.8500000000000	-12.745195137875
1.8520000000000	-12.797846467254
1.8540000000000	-12.851074988888
1.8560000000000	-12.904887363750
1.8580000000000	-12.959290396651
1.8600000000000	-13.014291041001
1.8620000000000	-13.069896403751
1.8640000000000	-13.126113750512
1.8660000000000	-13.182950510864
1.8680000000000	-13.240414283866
1.8700000000000	-13.298512843769
1.8720000000000	-13.357254145943
1.8740000000000	-13.416646333040
1.8760000000000	-13.476697741379
1.8780000000000	-13.537416907593
1.8800000000000	-13.598812575525
1.8820000000000	-13.660893703403
1.8840000000000	-13.723669471298
1.8860000000000	-13.787149288878
1.8880000000000	-13.851342803483
1.8900000000000	-13.916259908525
1.8920000000000	-13.981910752235
1.8940000000000	-14.048305746775
1.8960000000000	-14.115455577734
1.8980000000000	-14.183371214026
1.9000000000000	-14.252063918211
1.9020000000000	-14.321545257264
1.9040000000000	-14.391827113816
1.9060000000000	-14.462921697886
1.9080000000000	-14.534841559141
1.9100000000000	-14.607599599706
1.9120000000000	-14.681209087556
1.9140000000000	-14.755683670523
1.9160000000000	-14.831037390957
1.9180000000000	-14.907284701070
1.9200000000000	-14.984440479007
1.9220000000000	-15.062520045693
1.9240000000000	-15.141539182489
1.9260000000000	-15.221514149716
1.9280000000000	-15.302461706092
1.9300000000000	-15.384399129144
1.9320000000000	-15.467344236653
1.9340000000000	-15.551315409188
1.9360000000000	-15.636331613814
1.9380000000000	-15.722412429033
1.9400000000000	-15.809578071047
1.9420000000000	-15.897849421420
1.9440000000000	-15.987248056241
1.9460000000000	-16.077796276886
1.9480000000000	-16.169517142469
1.9500000000000	-16.262434504125
1.9520000000000	-16.356573041232
1.9540000000000	-16.451958299703
1.9560000000000	-16.548616732511
1.9580000000000	-16.646575742590
1.9600000000000	-16.745863728291
1.9620000000000	-16.846510131575
1.9640000000000	-16.948545489141
1.9660000000000	-17.052001486724
1.9680000000000	-17.156911016778
1.9700000000000	-17.263308239823
1.9720000000000	-17.371228649730
1.9740000000000	-17.480709143253
1.9760000000000	-17.591788094150
1.9780000000000	-17.704505432255
1.9800000000000	-17.818902727914
1.9820000000000	-17.935023282222
1.9840000000000	-18.052912223547
1.9860000000000	-18.172616610883
1.9880000000000	-18.294185544609
1.9900000000000	-18.417670285315
1.9920000000000	-18.543124381403
1.9940000000000	-18.670603806255
1.9960000000000	-18.800167105845
1.9980000000000	-18.931875557764
2.0000000000000	-19.065793342738
2.0020000000000	-19.201987729827
2.0040000000000	-19.340529276656
2.0060000000000	-19.481492046140
2.0080000000000	-19.624953841395
2.0100000000000	-19.770996460664
2.0120000000000	-19.919705974376
2.0140000000000	-20.071173026649
2.0160000000000	-20.225493163912
2.0180000000000	-20.382767193589
2.0200000000000	-20.543101576239
2.0220000000000	-20.706608854953
2.0240000000000	-20.873408126337
2.0260000000000	-21.043625558023
2.0280000000000	-21.217394958324
2.0300000000000	-21.394858404472
2.0320000000000	-21.576166936829
2.0340000000000	-21.761481327546
2.0360000000000	-21.950972933481
2.0380000000000	-22.144824644696
2.0400000000000	-22.343231941691
2.0420000000000	-22.546404076667
2.0440000000000	-22.754565396730
2.0460000000000	-22.967956829975
2.0480000000000	-23.186837559135
2.0500000000000	-23.411486911948
2.0520000000000	-23.642206502784
2.0540000000000	-23.879322666739
2.0560000000000	-24.123189235446
2.0580000000000	-24.374190713845
2.0600000000000	-24.632745929485
2.0620000000000	-24.899312241292
2.0640000000000	-25.174390413989
2.0660000000000	-25.458530288627
2.0680000000000	-25.752337410551
2.0700000000000	-26.056480815573
2.0720000000000	-26.371702226035
2.0740000000000	-26.698826974664
2.0760000000000	-27.038777061004
2.0780000000000	-27.392586860391
2.0800000000000	-27.761422159564
2.0820000000000	-28.146603401824
2.0840000000000	-28.549634310635
2.0860000000000	-28.972237457738
2.0880000000000	-29.416398901054
2.0900000000000	-29.884424817418
2.0920000000000	-30.379014218490
2.0940000000000	-30.903353562278
2.0960000000000	-31.461241681202
2.0980000000000	-32.057257486047
2.1000000000000	-32.696989320709
2.1020000000000	-33.387355334926
2.1040000000000	-34.137061978911
2.1060000000000	-34.957278867051
2.1080000000000	-35.862665406329
2.1100000000000	-36.872995039274
2.1120000000000	-38.015850100964
2.1140000000000	-39.331364176462
2.1160000000000	-40.881217807904
2.1180000000000	-42.767482892878
2.1200000000000	-45.177963517947
2.1220000000000	-48.520800989595
2.1240000000000	-54.004201695004
2.1260000000000	-70.077121633554
2.1280000000000	-56.184770693844
2.1300000000000	-49.629779719073
2.1320000000000	-45.929348054239
2.1340000000000	-43.342847378630
2.1360000000000	-41.353488664206
2.1380000000000	-39.737064987530
2.1400000000000	-38.375868857649
2.1420000000000	-37.200392776327
2.1440000000000	-36.166151761081
2.1460000000000	-35.242951400732
2.1480000000000	-34.409355451082
2.1500000000000	-33.649595671088
2.1520000000000	-32.951734614897
2.1540000000000	-32.306517264065
2.1560000000000	-31.706623099758
2.1580000000000	-31.146161933079
2.1600000000000	-30.620323972764
2.1620000000000	-30.125130761259
2.1640000000000	-29.657253983940
2.1660000000000	-29.213881099329
2.1680000000000	-28.792613982891
2.1700000000000	-28.391391305513
2.1720000000000	-28.008428274633
2.1740000000000	-27.642169276544
2.1760000000000	-27.291250241106
2.1780000000000	-26.954468427896
2.1800000000000	-26.630757944131
2.1820000000000	-26.319169737094
2.1840000000000	-26.018855114263
2.1860000000000	-25.729052070100
2.1880000000000	-25.449073864753
2.1900000000000	-25.178299423786
2.1920000000000	-24.916165221257
2.1940000000000	-24.662158379344
2.1960000000000	-24.415810772071
2.1980000000000	-24.176693962750
2.2000000000000	-23.944414837565
2.2020000000000	-23.718611823488
2.2040000000000	-23.498951599138
2.2060000000000	-23.285126223443
2.2080000000000	-23.076850619985
2.2100000000000	-22.873860365441
2.2120000000000	-22.675909739046
2.2140000000000	-22.482769996960
2.2160000000000	-22.294227841121
2.2180000000000	-22.110084056861
2.2200000000000	-21.930152297443
2.2220000000000	-21.754257996912
2.2240000000000	-21.582237395336
2.2260000000000	-21.413936662774
2.2280000000000	-21.249211110228
2.2300000000000	-21.087924477388
2.2320000000000	-20.929948288403
2.2340000000000	-20.775161268001
2.2360000000000	-20.623448811324
2.2380000000000	-20.474702501640
2.2400000000000	-20.328819670834
2.2420000000000	-20.185702998222
2.2440000000000	-20.045260143727
2.2460000000000	-19.907403411960
2.2480000000000	-19.772049444130
2.2500000000000	-19.639118935050
2.2520000000000	-19.508536372853
2.2540000000000	-19.380229799233
2.2560000000000	-19.254130588332
2.2580000000000	-19.130173242528
2.2600000000000	-19.008295203631
2.2620000000000	-18.888436678084
2.2640000000000	-18.770540474957
2.2660000000000	-18.654551855629
2.2680000000000	-18.540418394149
2.2700000000000	-18.428089847393
2.2720000000000	-18.317518034188
2.2740000000000	-18.208656722691
2.2760000000000	-18.101461525340
2.2780000000000	-17.995889800776
2.2800000000000	-17.891900562201
2.2820000000000	-17.789454391655
2.2840000000000	-17.688513359781
2.2860000000000	-17.589040950634
2.2880000000000	-17.491001991187
2.2900000000000	-17.394362585173
2.2920000000000	-17.299090050938
2.2940000000000	-17.205152863045
2.2960000000000	-17.112520597330
2.2980000000000	-17.021163879187
2.3000000000000	-16.931054334855
2.3020000000000	-16.842164545496
2.3040000000000	-16.754468003878
2.3060000000000	-16.667939073485
2.3080000000000	-16.582552949902
2.3100000000000	-16.498285624310
2.3120000000000	-16.415113848968
2.3140000000000	-16.333015104547
2.3160000000000	-16.251967569206
2.3180000000000	-16.171950089283
2.3200000000000	-16.092942151526
2.3220000000000	-16.014923856742
2.3240000000000	-15.937875894805
2.3260000000000	-15.861779520912
2.3280000000000	-15.786616533038
2.3300000000000	-15.712369250502
2.3320000000000	-15.639020493592
2.3340000000000	-15.566553564169
2.3360000000000	-15.494952227216
2.3380000000000	-15.424200693263
2.3400000000000	-15.354283601641
2.3420000000000	-15.285186004526
2.3440000000000	-15.216893351715
2.3460000000000	-15.149391476113
2.3480000000000	-15.082666579874
2.3500000000000	-15.016705221170
2.3520000000000	-14.951494301557
2.3540000000000	-14.887021053897
2.3560000000000	-14.823273030815
2.3580000000000	-14.760238093660
2.3600000000000	-14.697904401944
2.3620000000000	-14.636260403235
2.3640000000000	-14.575294823477
2.3660000000000	-14.514996657727
2.3680000000000	-14.455355161270
2.3700000000000	-14.396359841116
2.3720000000000	-14.338000447832
2.3740000000000	-14.280266967724
2.3760000000000	-14.223149615327
2.3780000000000	-14.166638826198
2.3800000000000	-14.110725250003
2.3820000000000	-14.055399743871
2.3840000000000	-14.000653366013
2.3860000000000	-13.946477369595
2.3880000000000	-13.892863196837
2.3900000000000	-13.839802473352
2.3920000000000	-13.787287002692
2.3940000000000	-13.735308761105
2.3960000000000	-13.683859892489
2.3980000000000	-13.632932703536
2.4000000000000	-13.582519659049
2.4020000000000	-13.532613377442
2.4040000000000	-13.483206626399
2.4060000000000	-13.434292318688
2.4080000000000	-13.385863508131
2.4100000000000	-13.337913385716
2.4120000000000	-13.290435275850
2.4140000000000	-13.243422632734
2.4160000000000	-13.196869036884
2.4180000000000	-13.150768191752
2.4200000000000	-13.105113920480
2.4220000000000	-13.059900162754
2.4240000000000	-13.015120971777
2.4260000000000	-12.970770511331
2.4280000000000	-12.926843052950
2.4300000000000	-12.883332973178
2.4320000000000	-12.840234750926
2.4340000000000	-12.797542964910
2.4360000000000	-12.755252291174
2.4380000000000	-12.713357500697
2.4400000000000	-12.671853457073
2.4420000000000	-12.630735114268
2.4440000000000	-12.589997514449
2.4460000000000	-12.549635785876
2.4480000000000	-12.509645140870
2.4500000000000	-12.470020873835
2.4520000000000	-12.430758359347
2.4540000000000	-12.391853050300
2.4560000000000	-12.353300476110
2.4580000000000	-12.315096240971
2.4600000000000	-12.277236022165
2.4620000000000	-12.239715568424
2.4640000000000	-12.202530698340
2.4660000000000	-12.165677298821
2.4680000000000	-12.129151323592
2.4700000000000	-12.092948791744
2.4720000000000	-12.057065786318
2.4740000000000	-12.021498452938
2.4760000000000	-11.986242998474
2.4780000000000	-11.951295689754
2.4800000000000	-11.916652852300
2.4820000000000	-11.882310869111
2.4840000000000	-11.848266179470
2.4860000000000	-11.814515277794
2.4880000000000	-11.781054712504
2.4900000000000	-11.747881084938
2.4920000000000	-11.714991048285
2.4940000000000	-11.682381306550
2.4960000000000	-11.650048613547
2.4980000000000	-11.617989771920
2.5000000000000	-11.586201632189
2.5020000000000	-11.554681091820
2.5040000000000	-11.523425094317
2.5060000000000	-11.492430628348
2.5080000000000	-11.461694726878
2.5100000000000	-11.431214466336
2.5120000000000	-11.400986965799
2.5140000000000	-11.371009386196
2.5160000000000	-11.341278929534
2.5180000000000	-11.311792838141
2.5200000000000	-11.282548393925
2.5220000000000	-11.253542917664
2.5240000000000	-11.224773768294
2.5260000000000	-11.196238342229
2.5280000000000	-11.167934072696
2.5300000000000	-11.139858429073
2.5320000000000	-11.112008916262
2.5340000000000	-11.084383074062
2.5360000000000	-11.056978476563
2.5380000000000	-11.029792731549
2.5400000000000	-11.002823479924
2.5420000000000	-10.976068395145
2.5440000000000	-10.949525182662
2.5460000000000	-10.923191579386
2.5480000000000	-10.897065353153
2.5500000000000	-10.871144302212
2.5520000000000	-10.845426254715
2.5540000000000	-10.819909068228
2.5560000000000	-10.794590629242
2.5580000000000	-10.769468852702
2.5600000000000	-10.744541681547
2.5620000000000	-10.719807086250
2.5640000000000	-10.695263064383
2.5660000000000	-10.670907640176
2.5680000000000	-10.646738864097
2.5700000000000	-10.622754812432
2.5720000000000	-10.598953586881
2.5740000000000	-10.575333314158
2.5760000000000	-10.551892145598
2.5780000000000	-10.528628256777
2.5800000000000	-10.505539847134
2.5820000000000	-10.482625139609
2.5840000000000	-10.459882380273
2.5860000000000	-10.437309837985
2.5880000000000	-10.414905804039
2.5900000000000	-10.392668591826
2.5920000000000	-10.370596536503
2.5940000000000	-10.348687994665
2.5960000000000	-10.326941344025
2.5980000000000	-10.305354983100
2.6000000000000	-10.283927330902
2.6020000000000	-10.262656826636
2.6040000000000	-10.241541929406
2.6060000000000	-10.220581117918
2.6080000000000	-10.199772890201
2.6100000000000	-10.179115763319
2.6120000000000	-10.158608273102
2.6140000000000	-10.138248973873
2.6160000000000	-10.118036438181
2.6180000000000	-10.097969256542
2.6200000000000	-10.078046037184
2.6220000000000	-10.058265405790
2.6240000000000	-10.038626005257
2.6260000000000	-10.019126495449
2.6280000000000	-9.9997655529601
2.6300000000000	-9.9805418708803
2.6320000000000	-9.9614541585630
2.6340000000000	-9.9425011413998
2.6360000000000	-9.9236815605977
2.6380000000000	-9.9049941729596
2.6400000000000	-9.8864377506694
2.6420000000000	-9.8680110810802
2.6440000000000	-9.8497129665059
2.6460000000000	-9.8315422240168
2.6480000000000	-9.8134976852379
2.6500000000000	-9.7955781961510
2.6520000000000	-9.7777826168998
2.6540000000000	-9.7601098215980
2.6560000000000	-9.7425586981410
2.6580000000000	-9.7251281480201
2.6600000000000	-9.7078170861399
2.6620000000000	-9.6906244406385
2.6640000000000	-9.6735491527106
2.6660000000000	-9.6565901764335
2.6680000000000	-9.6397464785954
2.6700000000000	-9.6230170385270
2.6720000000000	-9.6064008479350
2.6740000000000	-9.5898969107389
2.6760000000000	-9.5735042429094
2.6780000000000	-9.5572218723105
2.6800000000000	-9.5410488385426
2.6820000000000	-9.5249841927890
2.6840000000000	-9.5090269976643
2.6860000000000	-9.4931763270652
2.6880000000000	-9.4774312660233
2.6900000000000	-9.4617909105603
2.6920000000000	-9.4462543675454
2.6940000000000	-9.4308207545546
2.6960000000000	-9.4154891997320
2.6980000000000	-9.4002588416536
2.7000000000000	-9.3851288291923
2.7020000000000	-9.3700983213857
2.7040000000000	-9.3551664873053
2.7060000000000	-9.3403325059275
2.7080000000000	-9.3255955660069
2.7100000000000	-9.3109548659507
2.7120000000000	-9.2964096136960
2.7140000000000	-9.2819590265875
2.7160000000000	-9.2676023312578
2.7180000000000	-9.2533387635093
2.7200000000000	-9.2391675681974
2.7220000000000	-9.2250879991155
2.7240000000000	-9.2110993188819
2.7260000000000	-9.1972007988276
2.7280000000000	-9.1833917188862
2.7300000000000	-9.1696713674855
2.7320000000000	-9.1560390414395
2.7340000000000	-9.1424940458431
2.7360000000000	-9.1290356939676
2.7380000000000	-9.1156633071578
2.7400000000000	-9.1023762147304
2.7420000000000	-9.0891737538736
2.7440000000000	-9.0760552695486
2.7460000000000	-9.0630201143918
2.7480000000000	-9.0500676486186
2.7500000000000	-9.0371972399286
2.7520000000000	-9.0244082634117
2.7540000000000	-9.0117001014556
2.7560000000000	-8.9990721436550
2.7580000000000	-8.9865237867209
2.7600000000000	-8.9740544343922
2.7620000000000	-8.9616634973480
2.7640000000000	-8.9493503931205
2.7660000000000	-8.9371145460104
2.7680000000000	-8.9249553870017
2.7700000000000	-8.9128723536792
2.7720000000000	-8.9008648901457
2.7740000000000	-8.8889324469414
2.7760000000000	-8.8770744809635
2.7780000000000	-8.8652904553870
2.7800000000000	-8.8535798395873
2.7820000000000	-8.8419421090625
2.7840000000000	-8.8303767453574
2.7860000000000	-8.8188832359887
2.7880000000000	-8.8074610743708
2.7900000000000	-8.7961097597420
2.7920000000000	-8.7848287970929
2.7940000000000	-8.7736176970948
2.7960000000000	-8.7624759760287
2.7980000000000	-8.7514031557163
2.8000000000000	-8.7403987634510
2.8020000000000	-8.7294623319298
2.8040000000000	-8.7185933991864
2.8060000000000	-8.7077915085251
2.8080000000000	-8.6970562084551
2.8100000000000	-8.6863870526260
2.8120000000000	-8.6757835997639
2.8140000000000	-8.6652454136086
2.8160000000000	-8.6547720628509
2.8180000000000	-8.6443631210716
2.8200000000000	-8.6340181666804
2.8220000000000	-8.6237367828560
2.8240000000000	-8.6135185574866
2.8260000000000	-8.6033630831117
2.8280000000000	-8.5932699568641
2.8300000000000	-8.5832387804124
2.8320000000000	-8.5732691599051
2.8340000000000	-8.5633607059145
2.8360000000000	-8.5535130333814
2.8380000000000	-8.5437257615609
2.8400000000000	-8.5339985139688
2.8420000000000	-8.5243309183279
2.8440000000000	-8.5147226065159
2.8460000000000	-8.5051732145131
2.8480000000000	-8.4956823823518
2.8500000000000	-8.4862497540647
2.8520000000000	-8.4768749776358
2.8540000000000	-8.4675577049500
2.8560000000000	-8.4582975917451
2.8580000000000	-8.4490942975627
2.8600000000000	-8.4399474857010
2.8620000000000	-8.4308568231673
2.8640000000000	-8.4218219806316
2.8660000000000	-8.4128426323804
2.8680000000000	-8.4039184562711
2.8700000000000	-8.3950491336874
2.8720000000000	-8.3862343494941
2.8740000000000	-8.3774737919939
2.8760000000000	-8.3687671528835
2.8780000000000	-8.3601141272109
2.8800000000000	-8.3515144133327
2.8820000000000	-8.3429677128726
2.8840000000000	-8.3344737306795
2.8860000000000	-8.3260321747868
2.8880000000000	-8.3176427563718
2.8900000000000	-8.3093051897159
2.8920000000000	-8.3010191921646
2.8940000000000	-8.2927844840890
2.8960000000000	-8.2846007888466
2.8980000000000	-8.2764678327434
2.9000000000000	-8.2683853449962
2.9020000000000	-8.2603530576949
2.9040000000000	-8.2523707057663
2.9060000000000	-8.2444380269367
2.9080000000000	-8.2365547616968
2.9100000000000	-8.2287206532654
2.9120000000000	-8.2209354475546
2.9140000000000	-8.2131988931346
2.9160000000000	-8.2055107411998
2.9180000000000	-8.1978707455342
2.9200000000000	-8.1902786624782
2.9220000000000	-8.1827342508951
2.9240000000000	-8.1752372721385
2.9260000000000	-8.1677874900196
2.9280000000000	-8.1603846707751
2.9300000000000	-8.1530285830357
2.9320000000000	-8.1457189977943
2.9340000000000	-8.1384556883753
2.9360000000000	-8.1312384304040
2.9380000000000	-8.1240670017758
2.9400000000000	-8.1169411826268
2.9420000000000	-8.1098607553039
2.9440000000000	-8.1028255043356
2.9460000000000	-8.0958352164027
2.9480000000000	-8.0888896803104
2.9500000000000	-8.0819886869593
2.9520000000000	-8.0751320293176
2.9540000000000	-8.0683195023938
2.9560000000000	-8.0615509032090
2.9580000000000	-8.0548260307701
2.9600000000000	-8.0481446860426
2.9620000000000	-8.0415066719250
2.9640000000000	-8.0349117932220
2.9660000000000	-8.0283598566190
2.9680000000000	-8.0218506706565
2.9700000000000	-8.0153840457050
2.9720000000000	-8.0089597939399
2.9740000000000	-8.0025777293167
2.9760000000000	-7.9962376675473
2.9780000000000	-7.9899394260750
2.9800000000000	-7.9836828240515
2.9820000000000	-7.9774676823128
2.9840000000000	-7.9712938233562
2.9860000000000	-7.9651610713173
2.9880000000000	-7.9590692519469
2.9900000000000	-7.9530181925893
2.9920000000000	-7.9470077221593
2.9940000000000	-7.9410376711204
2.9960000000000	-7.9351078714636
2.9980000000000	-7.9292181566853
3.0000000000000	-7.9233683617664
3.0020000000000	-7.9175583231513
3.0040000000000	-7.9117878787271
3.0060000000000	-7.9060568678034
3.0080000000000	-7.9003651310915
3.0100000000000	-7.8947125106849
3.0120000000000	-7.8890988500392
3.0140000000000	-7.8835239939529
3.0160000000000	-7.8779877885475
3.0180000000000	-7.8724900812492
3.0200000000000	-7.8670307207690
3.0220000000000	-7.8616095570850
3.0240000000000	-7.8562264414236
3.0260000000000	-7.8508812262409
3.0280000000000	-7.8455737652053
3.0300000000000	-7.8403039131795
3.0320000000000	-7.8350715262024
3.0340000000000	-7.8298764614728
3.0360000000000	-7.8247185773309
3.0380000000000	-7.8195977332425
3.0400000000000	-7.8145137897815
3.0420000000000	-7.8094666086136
3.0440000000000	-7.8044560524798
3.0460000000000	-7.7994819851804
3.0480000000000	-7.7945442715587
3.0500000000000	-7.7896427774856
3.0520000000000	-7.7847773698435
3.0540000000000	-7.7799479165115
3.0560000000000	-7.7751542863494
3.0580000000000	-7.7703963491834
3.0600000000000	-7.7656739757906
3.0620000000000	-7.7609870378847
3.0640000000000	-7.7563354081013
3.0660000000000	-7.7517189599837
3.0680000000000	-7.7471375679684
3.0700000000000	-7.7425911073716
3.0720000000000	-7.7380794543750
3.0740000000000	-7.7336024860124
3.0760000000000	-7.7291600801557
3.0780000000000	-7.7247521155023
3.0800000000000	-7.7203784715615
3.0820000000000	-7.7160390286417
3.0840000000000	-7.7117336678371
3.0860000000000	-7.7074622710158
3.0880000000000	-7.7032247208067
3.0900000000000	-7.6990209005873
3.0920000000000	-7.6948506944716
3.0940000000000	-7.6907139872978
3.0960000000000	-7.6866106646168
3.0980000000000	-7.6825406126800
3.1000000000000	-7.6785037184281
3.1020000000000	-7.6744998694793
3.1040000000000	-7.6705289541183
3.1060000000000	-7.6665908612849
3.1080000000000	-7.6626854805633
3.1100000000000	-7.6588127021707
3.1120000000000	-7.6549724169472
3.1140000000000	-7.6511645163448
3.1160000000000	-7.6473888924169
3.1180000000000	-7.6436454378084
3.1200000000000	-7.6399340457450
3.1220000000000	-7.6362546100235
3.1240000000000	-7.6326070250020
3.1260000000000	-7.6289911855896
3.1280000000000	-7.6254069872371
3.1300000000000	-7.6218543259277
3.1320000000000	-7.6183330981672
3.1340000000000	-7.6148432009747
3.1360000000000	-7.6113845318740
3.1380000000000	-7.6079569888840
3.1400000000000	-7.6045604705100
3.1420000000000	-7.6011948757353
3.1440000000000	-7.5978601040119
3.1460000000000	-7.5945560552524
3.1480000000000	-7.5912826298215
3.1500000000000	-7.5880397285278
3.1520000000000	-7.5848272526154
3.1540000000000	-7.5816451037561
3.1560000000000	-7.5784931840411
3.1580000000000	-7.5753713959737
3.1600000000000	-7.5722796424611
3.1620000000000	-7.5692178268070
3.1640000000000	-7.5661858527042
3.1660000000000	-7.5631836242270
3.1680000000000	-7.5602110458240
3.1700000000000	-7.5572680223110
3.1720000000000	-7.5543544588640
3.1740000000000	-7.5514702610120
3.1760000000000	-7.5486153346302
3.1780000000000	-7.5457895859336
3.1800000000000	-7.5429929214698
3.1820000000000	-7.5402252481130
3.1840000000000	-7.5374864730570
3.1860000000000	-7.5347765038093
3.1880000000000	-7.5320952481849
3.1900000000000	-7.5294426142995
3.1920000000000	-7.5268185105643
3.1940000000000	-7.5242228456794
3.1960000000000	-7.5216555286282
3.1980000000000	-7.5191164686717
3.2000000000000	-7.5166055753427
#
#"Frequency / GHz"	"S2,4 [Magnitude / dB]"
#-----------------------------------------
1.2000000000000	-6.5441766221942
1.2020000000000	-6.5353228426905
1.2040000000000	-6.5264405254575
1.2060000000000	-6.5175296616330
1.2080000000000	-6.5085902447901
1.2100000000000	-6.4996222709769
1.2120000000000	-6.4906257387587
1.2140000000000	-6.4816006492591
1.2160000000000	-6.4725470062014
1.2180000000000	-6.4634648159514
1.2200000000000	-6.4543540875590
1.2220000000000	-6.4452148328012
1.2240000000000	-6.4360470662249
1.2260000000000	-6.4268508051900
1.2280000000000	-6.4176260699123
1.2300000000000	-6.4083728835081
1.2320000000000	-6.3990912720368
1.2340000000000	-6.3897812645461
1.2360000000000	-6.3804428931155
1.2380000000000	-6.3710761929011
1.2400000000000	-6.3616812021802
1.2420000000000	-6.3522579623965
1.2440000000000	-6.3428065182048
1.2460000000000	-6.3333269175165
1.2480000000000	-6.3238192115448
1.2500000000000	-6.3142834548507
1.2520000000000	-6.3047197053883
1.2540000000000	-6.2951280245511
1.2560000000000	-6.2855084772177
1.2580000000000	-6.2758611317982
1.2600000000000	-6.2661860602801
1.2620000000000	-6.2564833382750
1.2640000000000	-6.2467530450647
1.2660000000000	-6.2369952636482
1.2680000000000	-6.2272100807876
1.2700000000000	-6.2173975870550
1.2720000000000	-6.2075578768794
1.2740000000000	-6.1976910485929
1.2760000000000	-6.1877972044774
1.2780000000000	-6.1778764508117
1.2800000000000	-6.1679288979175
1.2820000000000	-6.1579546602062
1.2840000000000	-6.1479538562258
1.2860000000000	-6.1379266087065
1.2880000000000	-6.1278730446078
1.2900000000000	-6.1177932951645
1.2920000000000	-6.1076874959325
1.2940000000000	-6.0975557868351
1.2960000000000	-6.0873983122088
1.2980000000000	-6.0772152208487
1.3000000000000	-6.0670066660540
1.3020000000000	-6.0567728056734
1.3040000000000	-6.0465138021497
1.3060000000000	-6.0362298225647
1.3080000000000	-6.0259210386835
1.3100000000000	-6.0155876269988
1.3120000000000	-6.0052297687743
1.3140000000000	-5.9948476500886
1.3160000000000	-5.9844414618779
1.3180000000000	-5.9740113999786
1.3200000000000	-5.9635576651698
1.3220000000000	-5.9530804632152
1.3240000000000	-5.9425800049039
1.3260000000000	-5.9320565060916
1.3280000000000	-5.9215101877408
1.3300000000000	-5.9109412759608
1.3320000000000	-5.9003500020465
1.3340000000000	-5.8897366025173
1.3360000000000	-5.8791013191547
1.3380000000000	-5.8684443990403
1.3400000000000	-5.8577660945915
1.3420000000000	-5.8470666635982
1.3440000000000	-5.8363463692576
1.3460000000000	-5.8256054802088
1.3480000000000	-5.8148442705659
1.3500000000000	-5.8040630199516
1.3520000000000	-5.7932620135284
1.3540000000000	-5.7824415420299
1.3560000000000	-5.7716019017910
1.3580000000000	-5.7607433947768
1.3600000000000	-5.7498663286107
1.3620000000000	-5.7389710166020
1.3640000000000	-5.7280577777714
1.3660000000000	-5.7171269368762
1.3680000000000	-5.7061788244341
1.3700000000000	-5.6952137767463
1.3720000000000	-5.6842321359182
1.3740000000000	-5.6732342498803
1.3760000000000	-5.6622204724072
1.3780000000000	-5.6511911631349
1.3800000000000	-5.6401466875776
1.3820000000000	-5.6290874171424
1.3840000000000	-5.6180137291430
1.3860000000000	-5.6069260068122
1.3880000000000	-5.5958246393119
1.3900000000000	-5.5847100217429
1.3920000000000	-5.5735825551521
1.3940000000000	-5.5624426465388
1.3960000000000	-5.5512907088590
1.3980000000000	-5.5401271610278
1.4000000000000	-5.5289524279210
1.4020000000000	-5.5177669403741
1.4040000000000	-5.5065711351797
1.4060000000000	-5.4953654550834
1.4080000000000	-5.4841503487774
1.4100000000000	-5.4729262708928
1.4120000000000	-5.4616936819893
1.4140000000000	-5.4504530485433
1.4160000000000	-5.4392048429342
1.4180000000000	-5.4279495434280
1.4200000000000	-5.4166876341598
1.4220000000000	-5.4054196051128
1.4240000000000	-5.3941459520971
1.4260000000000	-5.3828671767240
1.4280000000000	-5.3715837863801
1.4300000000000	-5.3602962941981
1.4320000000000	-5.3490052190252
1.4340000000000	-5.3377110853899
1.4360000000000	-5.3264144234658
1.4380000000000	-5.3151157690335
1.4400000000000	-5.3038156634394
1.4420000000000	-5.2925146535528
1.4440000000000	-5.2812132917198
1.4460000000000	-5.2699121357156
1.4480000000000	-5.2586117486932
1.4500000000000	-5.2473126991299
1.4520000000000	-5.2360155607718
1.4540000000000	-5.2247209125749
1.4560000000000	-5.2134293386434
1.4580000000000	-5.2021414281664
1.4600000000000	-5.1908577753506
1.4620000000000	-5.1795789793509
1.4640000000000	-5.1683056441985
1.4660000000000	-5.1570383787254
1.4680000000000	-5.1457777964870
1.4700000000000	-5.1345245156808
1.4720000000000	-5.1232791590637
1.4740000000000	-5.1120423538648
1.4760000000000	-5.1008147316968
1.4780000000000	-5.0895969284633
1.4800000000000	-5.0783895842640
1.4820000000000	-5.0671933432967
1.4840000000000	-5.0560088537563
1.4860000000000	-5.0448367677309
1.4880000000000	-5.0336777410949
1.4900000000000	-5.0225324333995
1.4920000000000	-5.0114015077599
1.4940000000000	-5.0002856307394
1.4960000000000	-4.9891854722308
1.4980000000000	-4.9781017053352
1.5000000000000	-4.9670350062368
1.5020000000000	-4.9559860540763
1.5040000000000	-4.9449555308194
1.5060000000000	-4.9339441211244
1.5080000000000	-4.9229525122054
1.5100000000000	-4.9119813936933
1.5120000000000	-4.9010314574937
1.5140000000000	-4.8901033976421
1.5160000000000	-4.8791979101561
1.5180000000000	-4.8683156928847
1.5200000000000	-4.8574574453550
1.5220000000000	-4.8466238686162
1.5240000000000	-4.8358156650804
1.5260000000000	-4.8250335383614
1.5280000000000	-4.8142781931102
1.5300000000000	-4.8035503348480
1.5320000000000	-4.7928506697971
1.5340000000000	-4.7821799047083
1.5360000000000	-4.7715387466872
1.5380000000000	-4.7609279030162
1.5400000000000	-4.7503480809758
1.5420000000000	-4.7397999876625
1.5440000000000	-4.7292843298050
1.5460000000000	-4.7188018135775
1.5480000000000	-4.7083531444116
1.5500000000000	-4.6979390268054
1.5520000000000	-4.6875601641310
1.5540000000000	-4.6772172584396
1.5560000000000	-4.6669110102652
1.5580000000000	-4.6566421184261
1.5600000000000	-4.6464112798245
1.5620000000000	-4.6362191892449
1.5640000000000	-4.6260665391503
1.5660000000000	-4.6159540194776
1.5680000000000	-4.6058823174307
1.5700000000000	-4.5958521172729
1.5720000000000	-4.5858641001177
1.5740000000000	-4.5759189437189
1.5760000000000	-4.5660173222588
1.5780000000000	-4.5561599061361
1.5800000000000	-4.5463473617527
1.5820000000000	-4.5365803513000
1.5840000000000	-4.5268595325437
1.5860000000000	-4.5171855586091
1.5880000000000	-4.5075590777652
1.5900000000000	-4.4979807332089
1.5920000000000	-4.4884511628486
1.5940000000000	-4.4789709990875
1.5960000000000	-4.4695408686081
1.5980000000000	-4.4601613921550
1.6000000000000	-4.4508331843194
1.6020000000000	-4.4415568533233
1.6040000000000	-4.4323330008042
1.6060000000000	-4.4231622216005
1.6080000000000	-4.4140451035375
1.6100000000000	-4.4049822272144
1.6120000000000	-4.3959741657924
1.6140000000000	-4.3870214847831
1.6160000000000	-4.3781247418393
1.6180000000000	-4.3692844865461
1.6200000000000	-4.3605012602142
1.6220000000000	-4.3517755956745
1.6240000000000	-4.3431080170744
1.6260000000000	-4.3344990396757
1.6280000000000	-4.3259491696556
1.6300000000000	-4.3174589039084
1.6320000000000	-4.3090287298503
1.6340000000000	-4.3006591252264
1.6360000000000	-4.2923505579205
1.6380000000000	-4.2841034857667
1.6400000000000	-4.2759183563649
1.6420000000000	-4.2677956068982
1.6440000000000	-4.2597356639540
1.6460000000000	-4.2517389433481
1.6480000000000	-4.2438058499519
1.6500000000000	-4.2359367775228
1.6520000000000	-4.2281321085392
1.6540000000000	-4.2203922140376
1.6560000000000	-4.2127174534547
1.6580000000000	-4.2051081744726
1.6600000000000	-4.1975647128689
1.6620000000000	-4.1900873923696
1.6640000000000	-4.1826765245074
1.6660000000000	-4.1753324084840
1.6680000000000	-4.1680553310365
1.6700000000000	-4.1608455663083
1.6720000000000	-4.1537033757257
1.6740000000000	-4.1466290078778
1.6760000000000	-4.1396226984021
1.6780000000000	-4.1326846698749
1.6800000000000	-4.1258151317065
1.6820000000000	-4.1190142800420
1.6840000000000	-4.1122822976665
1.6860000000000	-4.1056193539166
1.6880000000000	-4.0990256045962
1.6900000000000	-4.0925011918983
1.6920000000000	-4.0860462443326
1.6940000000000	-4.0796608766579
1.6960000000000	-4.0733451898205
1.6980000000000	-4.0670992708988
1.7000000000000	-4.0609231930524
1.7020000000000	-4.0548170154782
1.7040000000000	-4.0487807833719
1.7060000000000	-4.0428145278951
1.7080000000000	-4.0369182661487
1.7100000000000	-4.0310920011523
1.7120000000000	-4.0253357218291
1.7140000000000	-4.0196494029975
1.7160000000000	-4.0140330053680
1.7180000000000	-4.0084864755471
1.7200000000000	-4.0030097460460
1.7220000000000	-3.9976027352968
1.7240000000000	-3.9922653476737
1.7260000000000	-3.9869974735208
1.7280000000000	-3.9817989891857
1.7300000000000	-3.9766697570599
1.7320000000000	-3.9716096256240
1.7340000000000	-3.9666184295004
1.7360000000000	-3.9616959895107
1.7380000000000	-3.9568421127403
1.7400000000000	-3.9520565926082
1.7420000000000	-3.9473392089429
1.7440000000000	-3.9426897280645
1.7460000000000	-3.9381079028725
1.7480000000000	-3.9335934729394
1.7500000000000	-3.9291461646101
1.7520000000000	-3.9247656911072
1.7540000000000	-3.9204517526417
1.7560000000000	-3.9162040365300
1.7580000000000	-3.9120222173151
1.7600000000000	-3.9079059568951
1.7620000000000	-3.9038549046558
1.7640000000000	-3.8998686976089
1.7660000000000	-3.8959469605362
1.7680000000000	-3.8920893061380
1.7700000000000	-3.8882953351874
1.7720000000000	-3.8845646366893
1.7740000000000	-3.8808967880445
1.7760000000000	-3.8772913552183
1.7780000000000	-3.8737478929147
1.7800000000000	-3.8702659447544
1.7820000000000	-3.8668450434577
1.7840000000000	-3.8634847110322
1.7860000000000	-3.8601844589645
1.7880000000000	-3.8569437884162
1.7900000000000	-3.8537621904243
1.7920000000000	-3.8506391461057
1.7940000000000	-3.8475741268649
1.7960000000000	-3.8445665946070
1.7980000000000	-3.8416160019528
1.8000000000000	-3.8387217924587
1.8020000000000	-3.8358834008397
1.8040000000000	-3.8331002531956
1.8060000000000	-3.8303717672406
1.8080000000000	-3.8276973525365
1.8100000000000	-3.8250764107279
1.8120000000000	-3.8225083357813
1.8140000000000	-3.8199925142266
1.8160000000000	-3.8175283254012
1.8180000000000	-3.8151151416964
1.8200000000000	-3.8127523288070
1.8220000000000	-3.8104392459823
1.8240000000000	-3.8081752462798
1.8260000000000	-3.8059596768207
1.8280000000000	-3.8037918790475
1.8300000000000	-3.8016711889834
1.8320000000000	-3.7995969374928
1.8340000000000	-3.7975684505442
1.8360000000000	-3.7955850494741
1.8380000000000	-3.7936460512520
1.8400000000000	-3.7917507687468
1.8420000000000	-3.7898985109944
1.8440000000000	-3.7880885834657
1.8460000000000	-3.7863202883362
1.8480000000000	-3.7845929247552
1.8500000000000	-3.7829057891169
1.8520000000000	-3.7812581753307
1.8540000000000	-3.7796493750922
1.8560000000000	-3.7780786781551
1.8580000000000	-3.7765453726024
1.8600000000000	-3.7750487451174
1.8620000000000	-3.7735880812556
1.8640000000000	-3.7721626657150
1.8660000000000	-3.7707717826074
1.8680000000000	-3.7694147157279
1.8700000000000	-3.7680907488250
1.8720000000000	-3.7667991658690
1.8740000000000	-3.7655392513202
1.8760000000000	-3.7643102903960
1.8780000000000	-3.7631115693369
1.8800000000000	-3.7619423756714
1.8820000000000	-3.7608019984801
1.8840000000000	-3.7596897286575
1.8860000000000	-3.7586048591731
1.8880000000000	-3.7575466853313
1.8900000000000	-3.7565145050285
1.8920000000000	-3.7555076190094
1.8940000000000	-3.7545253311214
1.8960000000000	-3.7535669485666
1.8980000000000	-3.7526317821521
1.9000000000000	-3.7517191465387
1.9020000000000	-3.7508283604860
1.9040000000000	-3.7499587470970
1.9060000000000	-3.7491096340587
1.9080000000000	-3.7482803538815
1.9100000000000	-3.7474702441354
1.9120000000000	-3.7466786476835
1.9140000000000	-3.7459049129136
1.9160000000000	-3.7451483939655
1.9180000000000	-3.7444084509575
1.9200000000000	-3.7436844502078
1.9220000000000	-3.7429757644546
1.9240000000000	-3.7422817730721
1.9260000000000	-3.7416018622839
1.9280000000000	-3.7409354253726
1.9300000000000	-3.7402818628865
1.9320000000000	-3.7396405828431
1.9340000000000	-3.7390110009283
1.9360000000000	-3.7383925406931
1.9380000000000	-3.7377846337463
1.9400000000000	-3.7371867199430
1.9420000000000	-3.7365982475703
1.9440000000000	-3.7360186735288
1.9460000000000	-3.7354474635099
1.9480000000000	-3.7348840921701
1.9500000000000	-3.7343280433001
1.9520000000000	-3.7337788099912
1.9540000000000	-3.7332358947968
1.9560000000000	-3.7326988098896
1.9580000000000	-3.7321670772155
1.9600000000000	-3.7316402286423
1.9620000000000	-3.7311178061047
1.9640000000000	-3.7305993617448
1.9660000000000	-3.7300844580482
1.9680000000000	-3.7295726679755
1.9700000000000	-3.7290635750893
1.9720000000000	-3.7285567736772
1.9740000000000	-3.7280518688696
1.9760000000000	-3.7275484767531
1.9780000000000	-3.7270462244791
1.9800000000000	-3.7265447503678
1.9820000000000	-3.7260437040079
1.9840000000000	-3.7255427463503
1.9860000000000	-3.7250415497984
1.9880000000000	-3.7245397982925
1.9900000000000	-3.7240371873899
1.9920000000000	-3.7235334243396
1.9940000000000	-3.7230282281526
1.9960000000000	-3.7225213296664
1.9980000000000	-3.7220124716057
2.0000000000000	-3.7215014086367
2.0020000000000	-3.7209879074175
2.0040000000000	-3.7204717466423
2.0060000000000	-3.7199527170817
2.0080000000000	-3.7194306216168
2.0100000000000	-3.7189052752689
2.0120000000000	-3.7183765052236
2.0140000000000	-3.7178441508497
2.0160000000000	-3.7173080637136
2.0180000000000	-3.7167681075874
2.0200000000000	-3.7162241584527
2.0220000000000	-3.7156761044989
2.0240000000000	-3.7151238461161
2.0260000000000	-3.7145672958831
2.0280000000000	-3.7140063785500
2.0300000000000	-3.7134410310153
2.0320000000000	-3.7128712022987
2.0340000000000	-3.7122968535076
2.0360000000000	-3.7117179577994
2.0380000000000	-3.7111345003376
2.0400000000000	-3.7105464782438
2.0420000000000	-3.7099539005438
2.0440000000000	-3.7093567881089
2.0460000000000	-3.7087551735919
2.0480000000000	-3.7081491013584
2.0500000000000	-3.7075386274125
2.0520000000000	-3.7069238193182
2.0540000000000	-3.7063047561150
2.0560000000000	-3.7056815282292
2.0580000000000	-3.7050542373797
2.0600000000000	-3.7044229964799
2.0620000000000	-3.7037879295335
2.0640000000000	-3.7031491715265
2.0660000000000	-3.7025068683141
2.0680000000000	-3.7018611765030
2.0700000000000	-3.7012122633287
2.0720000000000	-3.7005603065290
2.0740000000000	-3.6999054942124
2.0760000000000	-3.6992480247222
2.0780000000000	-3.6985881064960
2.0800000000000	-3.6979259579217
2.0820000000000	-3.6972618071882
2.0840000000000	-3.6965958921326
2.0860000000000	-3.6959284600832
2.0880000000000	-3.6952597676985
2.0900000000000	-3.6945900808020
2.0920000000000	-3.6939196742137
2.0940000000000	-3.6932488315774
2.0960000000000	-3.6925778451845
2.0980000000000	-3.6919070157943
2.1000000000000	-3.6912366524507
2.1020000000000	-3.6905670722956
2.1040000000000	-3.6898986003792
2.1060000000000	-3.6892315694669
2.1080000000000	-3.6885663198432
2.1100000000000	-3.6879031991126
2.1120000000000	-3.6872425619979
2.1140000000000	-3.6865847701357
2.1160000000000	-3.6859301918689
2.1180000000000	-3.6852792020374
2.1200000000000	-3.6846321817656
2.1220000000000	-3.6839895182488
2.1240000000000	-3.6833516045359
2.1260000000000	-3.6827188393118
2.1280000000000	-3.6820916266764
2.1300000000000	-3.6814703759229
2.1320000000000	-3.6808555013143
2.1340000000000	-3.6802474218578
2.1360000000000	-3.6796465610783
2.1380000000000	-3.6790533467911
2.1400000000000	-3.6784682108725
2.1420000000000	-3.6778915890303
2.1440000000000	-3.6773239205731
2.1460000000000	-3.6767656481787
2.1480000000000	-3.6762172176628
2.1500000000000	-3.6756790777460
2.1520000000000	-3.6751516798219
2.1540000000000	-3.6746354777238
2.1560000000000	-3.6741309274922
2.1580000000000	-3.6736384871425
2.1600000000000	-3.6731586164323
2.1620000000000	-3.6726917766294
2.1640000000000	-3.6722384302811
2.1660000000000	-3.6717990409827
2.1680000000000	-3.6713740731482
2.1700000000000	-3.6709639917812
2.1720000000000	-3.6705692622471
2.1740000000000	-3.6701903500465
2.1760000000000	-3.6698277205899
2.1780000000000	-3.6694818389739
2.1800000000000	-3.6691531697593
2.1820000000000	-3.6688421767503
2.1840000000000	-3.6685493227761
2.1860000000000	-3.6682750694744
2.1880000000000	-3.6680198770768
2.1900000000000	-3.6677842041966
2.1920000000000	-3.6675685076190
2.1940000000000	-3.6673732420933
2.1960000000000	-3.6671988601286
2.1980000000000	-3.6670458117912
2.2000000000000	-3.6669145445052
2.2020000000000	-3.6668055028564
2.2040000000000	-3.6667191283983
2.2060000000000	-3.6666558594621
2.2080000000000	-3.6666161309695
2.2100000000000	-3.6666003742484
2.2120000000000	-3.6666090168531
2.2140000000000	-3.6666424823865
2.2160000000000	-3.6667011903272
2.2180000000000	-3.6667855558595
2.2200000000000	-3.6668959897071
2.2220000000000	-3.6670328979710
2.2240000000000	-3.6671966819710
2.2260000000000	-3.6673877380910
2.2280000000000	-3.6676064576287
2.2300000000000	-3.6678532266492
2.2320000000000	-3.6681284258420
2.2340000000000	-3.6684324303838
2.2360000000000	-3.6687656098036
2.2380000000000	-3.6691283278536
2.2400000000000	-3.6695209423833
2.2420000000000	-3.6699438052190
2.2440000000000	-3.6703972620465
2.2460000000000	-3.6708816522993
2.2480000000000	-3.6713973090503
2.2500000000000	-3.6719445589090
2.2520000000000	-3.6725237219219
2.2540000000000	-3.6731351114787
2.2560000000000	-3.6737790342218
2.2580000000000	-3.6744557899614
2.2600000000000	-3.6751656715944
2.2620000000000	-3.6759089650281
2.2640000000000	-3.6766859491080
2.2660000000000	-3.6774968955512
2.2680000000000	-3.6783420688829
2.2700000000000	-3.6792217263783
2.2720000000000	-3.6801361180088
2.2740000000000	-3.6810854863925
2.2760000000000	-3.6820700667492
2.2780000000000	-3.6830900868599
2.2800000000000	-3.6841457670306
2.2820000000000	-3.6852373200601
2.2840000000000	-3.6863649512131
2.2860000000000	-3.6875288581963
2.2880000000000	-3.6887292311395
2.2900000000000	-3.6899662525810
2.2920000000000	-3.6912400974563
2.2940000000000	-3.6925509330921
2.2960000000000	-3.6938989192030
2.2980000000000	-3.6952842078934
2.3000000000000	-3.6967069436625
2.3020000000000	-3.6981672634133
2.3040000000000	-3.6996652964659
2.3060000000000	-3.7012011645738
2.3080000000000	-3.7027749819446
2.3100000000000	-3.7043868552636
2.3120000000000	-3.7060368837215
2.3140000000000	-3.7077251590451
2.3160000000000	-3.7094517655321
2.3180000000000	-3.7112167800883
2.3200000000000	-3.7130202722687
2.3220000000000	-3.7148623043216
2.3240000000000	-3.7167429312355
2.3260000000000	-3.7186622007896
2.3280000000000	-3.7206201536067
2.3300000000000	-3.7226168232092
2.3320000000000	-3.7246522360778
2.3340000000000	-3.7267264117127
2.3360000000000	-3.7288393626981
2.3380000000000	-3.7309910947680
2.3400000000000	-3.7331816068757
2.3420000000000	-3.7354108912649
2.3440000000000	-3.7376789335431
2.3460000000000	-3.7399857127577
2.3480000000000	-3.7423312014734
2.3500000000000	-3.7447153658523
2.3520000000000	-3.7471381657355
2.3540000000000	-3.7495995547270
2.3560000000000	-3.7520994802786
2.3580000000000	-3.7546378837772
2.3600000000000	-3.7572147006334
2.3620000000000	-3.7598298603714
2.3640000000000	-3.7624832867209
2.3660000000000	-3.7651748977094
2.3680000000000	-3.7679046057570
2.3700000000000	-3.7706723177712
2.3720000000000	-3.7734779352432
2.3740000000000	-3.7763213543458
2.3760000000000	-3.7792024660313
2.3780000000000	-3.7821211561310
2.3800000000000	-3.7850773054547
2.3820000000000	-3.7880707898921
2.3840000000000	-3.7911014805133
2.3860000000000	-3.7941692436713
2.3880000000000	-3.7972739411041
2.3900000000000	-3.8004154300374
2.3920000000000	-3.8035935632881
2.3940000000000	-3.8068081893670
2.3960000000000	-3.8100591525832
2.3980000000000	-3.8133462931472
2.4000000000000	-3.8166694472752
2.4020000000000	-3.8200284472926
2.4040000000000	-3.8234231217381
2.4060000000000	-3.8268532954672
2.4080000000000	-3.8303187897559
2.4100000000000	-3.8338194224037
2.4120000000000	-3.8373550078372
2.4140000000000	-3.8409253572123
2.4160000000000	-3.8445302785168
2.4180000000000	-3.8481695766722
2.4200000000000	-3.8518430536352
2.4220000000000	-3.8555505084987
2.4240000000000	-3.8592917375918
2.4260000000000	-3.8630665345799
2.4280000000000	-3.8668746905633
2.4300000000000	-3.8707159941759
2.4320000000000	-3.8745902316827
2.4340000000000	-3.8784971870765
2.4360000000000	-3.8824366421739
2.4380000000000	-3.8864083767105
2.4400000000000	-3.8904121684350
2.4420000000000	-3.8944477932028
2.4440000000000	-3.8985150250680
2.4460000000000	-3.9026136363749
2.4480000000000	-3.9067433978484
2.4500000000000	-3.9109040786834
2.4520000000000	-3.9150954466328
2.4540000000000	-3.9193172680949
2.4560000000000	-3.9235693081993
2.4580000000000	-3.9278513308918
2.4600000000000	-3.9321630990184
2.4620000000000	-3.9365043744076
2.4640000000000	-3.9408749179519
2.4660000000000	-3.9452744896880
2.4680000000000	-3.9497028488759
2.4700000000000	-3.9541597540764
2.4720000000000	-3.9586449632278
2.4740000000000	-3.9631582337210
2.4760000000000	-3.9676993224737
2.4780000000000	-3.9722679860025
2.4800000000000	-3.9768639804952
2.4820000000000	-3.9814870618801
2.4840000000000	-3.9861369858953
2.4860000000000	-3.9908135081561
2.4880000000000	-3.9955163842210
2.4900000000000	-4.0002453696569
2.4920000000000	-4.0050002201026
2.4940000000000	-4.0097806913310
2.4960000000000	-4.0145865393100
2.4980000000000	-4.0194175202623
2.5000000000000	-4.0242733907239
2.5020000000000	-4.0291539076005
2.5040000000000	-4.0340588282242
2.5060000000000	-4.0389879104069
2.5080000000000	-4.0439409124942
2.5100000000000	-4.0489175934169
2.5120000000000	-4.0539177127416
2.5140000000000	-4.0589410307200
2.5160000000000	-4.0639873083370
2.5180000000000	-4.0690563073573
2.5200000000000	-4.0741477903708
2.5220000000000	-4.0792615208371
2.5240000000000	-4.0843972631285
2.5260000000000	-4.0895547825715
2.5280000000000	-4.0947338454876
2.5300000000000	-4.0999342192326
2.5320000000000	-4.1051556722346
2.5340000000000	-4.1103979740314
2.5360000000000	-4.1156608953057
2.5380000000000	-4.1209442079203
2.5400000000000	-4.1262476849512
2.5420000000000	-4.1315711007204
2.5440000000000	-4.1369142308266
2.5460000000000	-4.1422768521757
2.5480000000000	-4.1476587430100
2.5500000000000	-4.1530596829355
2.5520000000000	-4.1584794529497
2.5540000000000	-4.1639178354667
2.5560000000000	-4.1693746143425
2.5580000000000	-4.1748495748984
2.5600000000000	-4.1803425039443
2.5620000000000	-4.1858531897999
2.5640000000000	-4.1913814223162
2.5660000000000	-4.1969269928947
2.5680000000000	-4.2024896945067
2.5700000000000	-4.2080693217114
2.5720000000000	-4.2136656706726
2.5740000000000	-4.2192785391753
2.5760000000000	-4.2249077266406
2.5780000000000	-4.2305530341404
2.5800000000000	-4.2362142644111
2.5820000000000	-4.2418912218659
2.5840000000000	-4.2475837126071
2.5860000000000	-4.2532915444373
2.5880000000000	-4.2590145268693
2.5900000000000	-4.2647524711361
2.5920000000000	-4.2705051901996
2.5940000000000	-4.2762724987585
2.5960000000000	-4.2820542132558
2.5980000000000	-4.2878501518855
2.6000000000000	-4.2936601345983
2.6020000000000	-4.2994839831071
2.6040000000000	-4.3053215208914
2.6060000000000	-4.3111725732015
2.6080000000000	-4.3170369670615
2.6100000000000	-4.3229145312722
2.6120000000000	-4.3288050964131
2.6140000000000	-4.3347084948440
2.6160000000000	-4.3406245607057
2.6180000000000	-4.3465531299206
2.6200000000000	-4.3524940401923
2.6220000000000	-4.3584471310051
2.6240000000000	-4.3644122436224
2.6260000000000	-4.3703892210855
2.6280000000000	-4.3763779082105
2.6300000000000	-4.3823781515867
2.6320000000000	-4.3883897995723
2.6340000000000	-4.3944127022913
2.6360000000000	-4.4004467116296
2.6380000000000	-4.4064916812301
2.6400000000000	-4.4125474664876
2.6420000000000	-4.4186139245443
2.6440000000000	-4.4246909142830
2.6460000000000	-4.4307782963218
2.6480000000000	-4.4368759330072
2.6500000000000	-4.4429836884074
2.6520000000000	-4.4491014283054
2.6540000000000	-4.4552290201907
2.6560000000000	-4.4613663332523
2.6580000000000	-4.4675132383703
2.6600000000000	-4.4736696081071
2.6620000000000	-4.4798353166991
2.6640000000000	-4.4860102400477
2.6660000000000	-4.4921942557094
2.6680000000000	-4.4983872428871
2.6700000000000	-4.5045890824198
2.6720000000000	-4.5107996567726
2.6740000000000	-4.5170188500266
2.6760000000000	-4.5232465478681
2.6780000000000	-4.5294826375784
2.6800000000000	-4.5357270080224
2.6820000000000	-4.5419795496378
2.6840000000000	-4.5482401544238
2.6860000000000	-4.5545087159295
2.6880000000000	-4.5607851292422
2.6900000000000	-4.5670692909760
2.6920000000000	-4.5733610992593
2.6940000000000	-4.5796604537233
2.6960000000000	-4.5859672554893
2.6980000000000	-4.5922814071565
2.7000000000000	-4.5986028127895
2.7020000000000	-4.6049313779059
2.7040000000000	-4.6112670094631
2.7060000000000	-4.6176096158461
2.7080000000000	-4.6239591068540
2.7100000000000	-4.6303153936874
2.7120000000000	-4.6366783889352
2.7140000000000	-4.6430480065613
2.7160000000000	-4.6494241618916
2.7180000000000	-4.6558067716005
2.7200000000000	-4.6621957536976
2.7220000000000	-4.6685910275143
2.7240000000000	-4.6749925136902
2.7260000000000	-4.6814001341600
2.7280000000000	-4.6878138121393
2.7300000000000	-4.6942334721117
2.7320000000000	-4.7006590398144
2.7340000000000	-4.7070904422256
2.7360000000000	-4.7135276075497
2.7380000000000	-4.7199704652046
2.7400000000000	-4.7264189458072
2.7420000000000	-4.7328729811603
2.7440000000000	-4.7393325042388
2.7460000000000	-4.7457974491758
2.7480000000000	-4.7522677512488
2.7500000000000	-4.7587433468666
2.7520000000000	-4.7652241735550
2.7540000000000	-4.7717101699435
2.7560000000000	-4.7782012757516
2.7580000000000	-4.7846974317751
2.7600000000000	-4.7911985798727
2.7620000000000	-4.7977046629521
2.7640000000000	-4.8042156249569
2.7660000000000	-4.8107314108529
2.7680000000000	-4.8172519666146
2.7700000000000	-4.8237772392118
2.7720000000000	-4.8303071765965
2.7740000000000	-4.8368417276892
2.7760000000000	-4.8433808423657
2.7780000000000	-4.8499244714443
2.7800000000000	-4.8564725666720
2.7820000000000	-4.8630250807118
2.7840000000000	-4.8695819671296
2.7860000000000	-4.8761431803811
2.7880000000000	-4.8827086757989
2.7900000000000	-4.8892784095797
2.7920000000000	-4.8958523387713
2.7940000000000	-4.9024304212601
2.7960000000000	-4.9090126157582
2.7980000000000	-4.9155988817912
2.8000000000000	-4.9221891796851
2.8020000000000	-4.9287834705543
2.8040000000000	-4.9353817162889
2.8060000000000	-4.9419838795428
2.8080000000000	-4.9485899237210
2.8100000000000	-4.9551998129679
2.8120000000000	-4.9618135121547
2.8140000000000	-4.9684309868681
2.8160000000000	-4.9750522033977
2.8180000000000	-4.9816771287246
2.8200000000000	-4.9883057305096
2.8220000000000	-4.9949379770815
2.8240000000000	-5.0015738374256
2.8260000000000	-5.0082132811719
2.8280000000000	-5.0148562785843
2.8300000000000	-5.0215028005487
2.8320000000000	-5.0281528185620
2.8340000000000	-5.0348063047214
2.8360000000000	-5.0414632317125
2.8380000000000	-5.0481235727991
2.8400000000000	-5.0547873018120
2.8420000000000	-5.0614543931383
2.8440000000000	-5.0681248217107
2.8460000000000	-5.0747985629971
2.8480000000000	-5.0814755929898
2.8500000000000	-5.0881558881954
2.8520000000000	-5.0948394256242
2.8540000000000	-5.1015261827803
2.8560000000000	-5.1082161376514
2.8580000000000	-5.1149092686986
2.8600000000000	-5.1216055548467
2.8620000000000	-5.1283049754741
2.8640000000000	-5.1350075104037
2.8660000000000	-5.1417131398922
2.8680000000000	-5.1484218446215
2.8700000000000	-5.1551336056890
2.8720000000000	-5.1618484045979
2.8740000000000	-5.1685662232482
2.8760000000000	-5.1752870439277
2.8780000000000	-5.1820108493026
2.8800000000000	-5.1887376224088
2.8820000000000	-5.1954673466426
2.8840000000000	-5.2022000057526
2.8860000000000	-5.2089355838301
2.8880000000000	-5.2156740653015
2.8900000000000	-5.2224154349190
2.8920000000000	-5.2291596777524
2.8940000000000	-5.2359067791811
2.8960000000000	-5.2426567248854
2.8980000000000	-5.2494095008388
2.9000000000000	-5.2561650932996
2.9020000000000	-5.2629234888030
2.9040000000000	-5.2696846741536
2.9060000000000	-5.2764486364172
2.9080000000000	-5.2832153629133
2.9100000000000	-5.2899848412077
2.9120000000000	-5.2967570591044
2.9140000000000	-5.3035320046392
2.9160000000000	-5.3103096660713
2.9180000000000	-5.3170900318769
2.9200000000000	-5.3238730907416
2.9220000000000	-5.3306588315536
2.9240000000000	-5.3374472433966
2.9260000000000	-5.3442383155431
2.9280000000000	-5.3510320374472
2.9300000000000	-5.3578283987387
2.9320000000000	-5.3646273892155
2.9340000000000	-5.3714289988380
2.9360000000000	-5.3782332177220
2.9380000000000	-5.3850400361329
2.9400000000000	-5.3918494444787
2.9420000000000	-5.3986614333047
2.9440000000000	-5.4054759932867
2.9460000000000	-5.4122931152255
2.9480000000000	-5.4191127900405
2.9500000000000	-5.4259350087642
2.9520000000000	-5.4327597625364
2.9540000000000	-5.4395870425983
2.9560000000000	-5.4464168402872
2.9580000000000	-5.4532491470306
2.9600000000000	-5.4600839543414
2.9620000000000	-5.4669212538116
2.9640000000000	-5.4737610371079
2.9660000000000	-5.4806032959661
2.9680000000000	-5.4874480221859
2.9700000000000	-5.4942952076261
2.9720000000000	-5.5011448441993
2.9740000000000	-5.5079969238674
2.9760000000000	-5.5148514386366
2.9780000000000	-5.5217083805524
2.9800000000000	-5.5285677416953
2.9820000000000	-5.5354295141763
2.9840000000000	-5.5422936901317
2.9860000000000	-5.5491602617194
2.9880000000000	-5.5560292211142
2.9900000000000	-5.5629005605035
2.9920000000000	-5.5697742720830
2.9940000000000	-5.5766503480528
2.9960000000000	-5.5835287806130
2.9980000000000	-5.5904095619598
3.0000000000000	-5.5972926842816
3.0020000000000	-5.6041781397551
3.0040000000000	-5.6110659205414
3.0060000000000	-5.6179560187824
3.0080000000000	-5.6248484265970
3.0100000000000	-5.6317431360773
3.0120000000000	-5.6386401392855
3.0140000000000	-5.6455394282502
3.0160000000000	-5.6524409949628
3.0180000000000	-5.6593448313743
3.0200000000000	-5.6662509293922
3.0220000000000	-5.6731592808769
3.0240000000000	-5.6800698776386
3.0260000000000	-5.6869827114347
3.0280000000000	-5.6938977739659
3.0300000000000	-5.7008150568741
3.0320000000000	-5.7077345517388
3.0340000000000	-5.7146562500745
3.0360000000000	-5.7215801433280
3.0380000000000	-5.7285062228755
3.0400000000000	-5.7354344800200
3.0420000000000	-5.7423649059886
3.0440000000000	-5.7492974919300
3.0460000000000	-5.7562322289119
3.0480000000000	-5.7631691079187
3.0500000000000	-5.7701081198487
3.0520000000000	-5.7770492555125
3.0540000000000	-5.7839925056299
3.0560000000000	-5.7909378608281
3.0580000000000	-5.7978853116394
3.0600000000000	-5.8048348484993
3.0620000000000	-5.8117864617439
3.0640000000000	-5.8187401416085
3.0660000000000	-5.8256958782249
3.0680000000000	-5.8326536616203
3.0700000000000	-5.8396134817147
3.0720000000000	-5.8465753283197
3.0740000000000	-5.8535391911360
3.0760000000000	-5.8605050597524
3.0780000000000	-5.8674729236437
3.0800000000000	-5.8744427721691
3.0820000000000	-5.8814145945708
3.0840000000000	-5.8883883799721
3.0860000000000	-5.8953641173766
3.0880000000000	-5.9023417956658
3.0900000000000	-5.9093214035986
3.0920000000000	-5.9163029298093
3.0940000000000	-5.9232863628068
3.0960000000000	-5.9302716909728
3.0980000000000	-5.9372589025611
3.1000000000000	-5.9442479856960
3.1020000000000	-5.9512389283716
3.1040000000000	-5.9582317184500
3.1060000000000	-5.9652263436612
3.1080000000000	-5.9722227916013
3.1100000000000	-5.9792210497319
3.1120000000000	-5.9862211053790
3.1140000000000	-5.9932229457323
3.1160000000000	-6.0002265578441
3.1180000000000	-6.0072319286289
3.1200000000000	-6.0142390448621
3.1220000000000	-6.0212478931796
3.1240000000000	-6.0282584600771
3.1260000000000	-6.0352707319093
3.1280000000000	-6.0422846948892
3.1300000000000	-6.0493003350879
3.1320000000000	-6.0563176384337
3.1340000000000	-6.0633365907117
3.1360000000000	-6.0703571775631
3.1380000000000	-6.0773793844852
3.1400000000000	-6.0844031968308
3.1420000000000	-6.0914285998074
3.1440000000000	-6.0984555784775
3.1460000000000	-6.1054841177581
3.1480000000000	-6.1125142024199
3.1500000000000	-6.1195458170879
3.1520000000000	-6.1265789462404
3.1540000000000	-6.1336135742096
3.1560000000000	-6.1406496851805
3.1580000000000	-6.1476872631918
3.1600000000000	-6.1547262921348
3.1620000000000	-6.1617667557543
3.1640000000000	-6.1688086376477
3.1660000000000	-6.1758519212656
3.1680000000000	-6.1828965899117
3.1700000000000	-6.1899426267424
3.1720000000000	-6.1969900147676
3.1740000000000	-6.2040387368504
3.1760000000000	-6.2110887757070
3.1780000000000	-6.2181401139073
3.1800000000000	-6.2251927338751
3.1820000000000	-6.2322466178879
3.1840000000000	-6.2393017480775
3.1860000000000	-6.2463581064298
3.1880000000000	-6.2534156747860
3.1900000000000	-6.2604744348417
3.1920000000000	-6.2675343681483
3.1940000000000	-6.2745954561128
3.1960000000000	-6.2816576799981
3.1980000000000	-6.2887210209239
3.2000000000000	-6.2957854598666
#
#"Frequency / GHz"	"S3,4 [Magnitude / dB]"
#-----------------------------------------
1.2000000000000	-10.733766586480
1.2020000000000	-10.733079508084
1.2040000000000	-10.732285912355
1.2060000000000	-10.731384746631
1.2080000000000	-10.730374954662
1.2100000000000	-10.729255476815
1.2120000000000	-10.728025250270
1.2140000000000	-10.726683209233
1.2160000000000	-10.725228285147
1.2180000000000	-10.723659406913
1.2200000000000	-10.721975501117
1.2220000000000	-10.720175492259
1.2240000000000	-10.718258302993
1.2260000000000	-10.716222854368
1.2280000000000	-10.714068066080
1.2300000000000	-10.711792856727
1.2320000000000	-10.709396144067
1.2340000000000	-10.706876845289
1.2360000000000	-10.704233877284
1.2380000000000	-10.701466156925
1.2400000000000	-10.698572601351
1.2420000000000	-10.695552128258
1.2440000000000	-10.692403656198
1.2460000000000	-10.689126104875
1.2480000000000	-10.685718395460
1.2500000000000	-10.682179450904
1.2520000000000	-10.678508196251
1.2540000000000	-10.674703558973
1.2560000000000	-10.670764469293
1.2580000000000	-10.666689860524
1.2600000000000	-10.662478669412
1.2620000000000	-10.658129836480
1.2640000000000	-10.653642306385
1.2660000000000	-10.649015028269
1.2680000000000	-10.644246956128
1.2700000000000	-10.639337049173
1.2720000000000	-10.634284272209
1.2740000000000	-10.629087596008
1.2760000000000	-10.623745997688
1.2780000000000	-10.618258461108
1.2800000000000	-10.612623977249
1.2820000000000	-10.606841544613
1.2840000000000	-10.600910169622
1.2860000000000	-10.594828867020
1.2880000000000	-10.588596660279
1.2900000000000	-10.582212582006
1.2920000000000	-10.575675674363
1.2940000000000	-10.568984989477
1.2960000000000	-10.562139589861
1.2980000000000	-10.555138548837
1.3000000000000	-10.547980950961
1.3020000000000	-10.540665892448
1.3040000000000	-10.533192481604
1.3060000000000	-10.525559839253
1.3080000000000	-10.517767099175
1.3100000000000	-10.509813408534
1.3120000000000	-10.501697928320
1.3140000000000	-10.493419833780
1.3160000000000	-10.484978314859
1.3180000000000	-10.476372576634
1.3200000000000	-10.467601839755
1.3220000000000	-10.458665340879
1.3240000000000	-10.449562333113
1.3260000000000	-10.440292086444
1.3280000000000	-10.430853888178
1.3300000000000	-10.421247043376
1.3320000000000	-10.411470875284
1.3340000000000	-10.401524725766
1.3360000000000	-10.391407955732
1.3380000000000	-10.381119945566
1.3400000000000	-10.370660095549
1.3420000000000	-10.360027826280
1.3440000000000	-10.349222579097
1.3460000000000	-10.338243816484
1.3480000000000	-10.327091022489
1.3500000000000	-10.315763703125
1.3520000000000	-10.304261386773
1.3540000000000	-10.292583624580
1.3560000000000	-10.280729990847
1.3580000000000	-10.268700083418
1.3600000000000	-10.256493524059
1.3620000000000	-10.244109958832
1.3640000000000	-10.231549058462
1.3660000000000	-10.218810518700
1.3680000000000	-10.205894060675
1.3700000000000	-10.192799431240
1.3720000000000	-10.179526403314
1.3740000000000	-10.166074776210
1.3760000000000	-10.152444375960
1.3780000000000	-10.138635055627
1.3800000000000	-10.124646695614
1.3820000000000	-10.110479203957
1.3840000000000	-10.096132516614
1.3860000000000	-10.081606597745
1.3880000000000	-10.066901439976
1.3900000000000	-10.052017064656
1.3920000000000	-10.036953522112
1.3940000000000	-10.021710891877
1.3960000000000	-10.006289282922
1.3980000000000	-9.9906888338666
1.4000000000000	-9.9749097131880
1.4020000000000	-9.9589521194096
1.4040000000000	-9.9428162812832
1.4060000000000	-9.9265024579580
1.4080000000000	-9.9100109391375
1.4100000000000	-9.8933420452243
1.4120000000000	-9.8764961274531
1.4140000000000	-9.8594735680102
1.4160000000000	-9.8422747801415
1.4180000000000	-9.8249002082471
1.4200000000000	-9.8073503279632
1.4220000000000	-9.7896256462311
1.4240000000000	-9.7717267013535
1.4260000000000	-9.7536540630369
1.4280000000000	-9.7354083324215
1.4300000000000	-9.7169901420975
1.4320000000000	-9.6984001561085
1.4340000000000	-9.6796390699410
1.4360000000000	-9.6607076105007
1.4380000000000	-9.6416065360761
1.4400000000000	-9.6223366362876
1.4420000000000	-9.6028987320242
1.4440000000000	-9.5832936753662
1.4460000000000	-9.5635223494953
1.4480000000000	-9.5435856685904
1.4500000000000	-9.5234845777112
1.4520000000000	-9.5032200526683
1.4540000000000	-9.4827930998800
1.4560000000000	-9.4622047562162
1.4580000000000	-9.4414560888301
1.4600000000000	-9.4205481949758
1.4620000000000	-9.3994822018147
1.4640000000000	-9.3782592662084
1.4660000000000	-9.3568805744997
1.4680000000000	-9.3353473422810
1.4700000000000	-9.3136608141512
1.4720000000000	-9.2918222634603
1.4740000000000	-9.2698329920420
1.4760000000000	-9.2476943299359
1.4780000000000	-9.2254076350970
1.4800000000000	-9.2029742930951
1.4820000000000	-9.1803957168025
1.4840000000000	-9.1576733460720
1.4860000000000	-9.1348086474033
1.4880000000000	-9.1118031136002
1.4900000000000	-9.0886582634170
1.4920000000000	-9.0653756411956
1.4940000000000	-9.0419568164932
1.4960000000000	-9.0184033837003
1.4980000000000	-8.9947169616503
1.5000000000000	-8.9708991932198
1.5020000000000	-8.9469517449212
1.5040000000000	-8.9228763064864
1.5060000000000	-8.8986745904430
1.5080000000000	-8.8743483316832
1.5100000000000	-8.8498992870246
1.5120000000000	-8.8253292347648
1.5140000000000	-8.8006399742289
1.5160000000000	-8.7758333253104
1.5180000000000	-8.7509111280064
1.5200000000000	-8.7258752419465
1.5220000000000	-8.7007275459166
1.5240000000000	-8.6754699373771
1.5260000000000	-8.6501043319763
1.5280000000000	-8.6246326630589
1.5300000000000	-8.5990568811708
1.5320000000000	-8.5733789535590
1.5340000000000	-8.5476008636681
1.5360000000000	-8.5217246106336
1.5380000000000	-8.4957522087715
1.5400000000000	-8.4696856870654
1.5420000000000	-8.4435270886505
1.5440000000000	-8.4172784702962
1.5460000000000	-8.3909419018853
1.5480000000000	-8.3645194658927
1.5500000000000	-8.3380132568620
1.5520000000000	-8.3114253808808
1.5540000000000	-8.2847579550553
1.5560000000000	-8.2580131069842
1.5580000000000	-8.2311929742319
1.5600000000000	-8.2042997038019
1.5620000000000	-8.1773354516104
1.5640000000000	-8.1503023819591
1.5660000000000	-8.1232026670104
1.5680000000000	-8.0960384862618
1.5700000000000	-8.0688120260225
1.5720000000000	-8.0415254788904
1.5740000000000	-8.0141810432310
1.5760000000000	-7.9867809226585
1.5780000000000	-7.9593273255178
1.5800000000000	-7.9318224643698
1.5820000000000	-7.9042685554781
1.5840000000000	-7.8766678182987
1.5860000000000	-7.8490224749727
1.5880000000000	-7.8213347498215
1.5900000000000	-7.7936068688452
1.5920000000000	-7.7658410592248
1.5940000000000	-7.7380395488270
1.5960000000000	-7.7102045657136
1.5980000000000	-7.6823383376540
1.6000000000000	-7.6544430916423
1.6020000000000	-7.6265210534179
1.6040000000000	-7.5985744469908
1.6060000000000	-7.5706054941710
1.6080000000000	-7.5426164141031
1.6100000000000	-7.5146094228050
1.6120000000000	-7.4865867327112
1.6140000000000	-7.4585505522220
1.6160000000000	-7.4305030852569
1.6180000000000	-7.4024465308137
1.6200000000000	-7.3743830825325
1.6220000000000	-7.3463149282651
1.6240000000000	-7.3182442496506
1.6260000000000	-7.2901732216959
1.6280000000000	-7.2621040123615
1.6300000000000	-7.2340387821547
1.6320000000000	-7.2059796837265
1.6340000000000	-7.1779288614764
1.6360000000000	-7.1498884511618
1.6380000000000	-7.1218605795143
1.6400000000000	-7.0938473638618
1.6420000000000	-7.0658509117568
1.6440000000000	-7.0378733206116
1.6460000000000	-7.0099166773385
1.6480000000000	-6.9819830579980
1.6500000000000	-6.9540745274521
1.6520000000000	-6.9261931390249
1.6540000000000	-6.8983409341696
1.6560000000000	-6.8705199421416
1.6580000000000	-6.8427321796787
1.6600000000000	-6.8149796506881
1.6620000000000	-6.7872643459393
1.6640000000000	-6.7595882427645
1.6660000000000	-6.7319533047654
1.6680000000000	-6.7043614815266
1.6700000000000	-6.6768147083363
1.6720000000000	-6.6493149059129
1.6740000000000	-6.6218639801397
1.6760000000000	-6.5944638218051
1.6780000000000	-6.5671163063503
1.6800000000000	-6.5398232936242
1.6820000000000	-6.5125866276443
1.6840000000000	-6.4854081363652
1.6860000000000	-6.4582896314532
1.6880000000000	-6.4312329080690
1.6900000000000	-6.4042397446555
1.6920000000000	-6.3773119027344
1.6940000000000	-6.3504511267079
1.6960000000000	-6.3236591436687
1.6980000000000	-6.2969376632154
1.7000000000000	-6.2702883772763
1.7020000000000	-6.2437129599386
1.7040000000000	-6.2172130672852
1.7060000000000	-6.1907903372382
1.7080000000000	-6.1644463894087
1.7100000000000	-6.1381828249538
1.7120000000000	-6.1120012264403
1.7140000000000	-6.0859031577148
1.7160000000000	-6.0598901637806
1.7180000000000	-6.0339637706813
1.7200000000000	-6.0081254853910
1.7220000000000	-5.9823767957108
1.7240000000000	-5.9567191701724
1.7260000000000	-5.9311540579476
1.7280000000000	-5.9056828887647
1.7300000000000	-5.8803070728310
1.7320000000000	-5.8550280007620
1.7340000000000	-5.8298470435167
1.7360000000000	-5.8047655523395
1.7380000000000	-5.7797848587077
1.7400000000000	-5.7549062742862
1.7420000000000	-5.7301310908876
1.7440000000000	-5.7054605804387
1.7460000000000	-5.6808959949529
1.7480000000000	-5.6564385665087
1.7500000000000	-5.6320895072345
1.7520000000000	-5.6078500092986
1.7540000000000	-5.5837212449055
1.7560000000000	-5.5597043662980
1.7580000000000	-5.5358005057647
1.7600000000000	-5.5120107756536
1.7620000000000	-5.4883362683907
1.7640000000000	-5.4647780565048
1.7660000000000	-5.4413371926571
1.7680000000000	-5.4180147096766
1.7700000000000	-5.3948116206006
1.7720000000000	-5.3717289187209
1.7740000000000	-5.3487675776342
1.7760000000000	-5.3259285512987
1.7780000000000	-5.3032127740946
1.7800000000000	-5.2806211608907
1.7820000000000	-5.2581546071149
1.7840000000000	-5.2358139888300
1.7860000000000	-5.2136001628137
1.7880000000000	-5.1915139666439
1.7900000000000	-5.1695562187876
1.7920000000000	-5.1477277186953
1.7940000000000	-5.1260292468987
1.7960000000000	-5.1044615651133
1.7980000000000	-5.0830254163448
1.8000000000000	-5.0617215250001
1.8020000000000	-5.0405505970014
1.8040000000000	-5.0195133199047
1.8060000000000	-4.9986103630224
1.8080000000000	-4.9778423775488
1.8100000000000	-4.9572099966898
1.8120000000000	-4.9367138357957
1.8140000000000	-4.9163544924976
1.8160000000000	-4.8961325468471
1.8180000000000	-4.8760485614589
1.8200000000000	-4.8561030816567
1.8220000000000	-4.8362966356222
1.8240000000000	-4.8166297345466
1.8260000000000	-4.7971028727853
1.8280000000000	-4.7777165280145
1.8300000000000	-4.7584711613918
1.8320000000000	-4.7393672177172
1.8340000000000	-4.7204051255985
1.8360000000000	-4.7015852976175
1.8380000000000	-4.6829081304989
1.8400000000000	-4.6643740052813
1.8420000000000	-4.6459832874899
1.8440000000000	-4.6277363273108
1.8460000000000	-4.6096334597677
1.8480000000000	-4.5916750048994
1.8500000000000	-4.5738612679396
1.8520000000000	-4.5561925394969
1.8540000000000	-4.5386690957376
1.8560000000000	-4.5212911985681
1.8580000000000	-4.5040590958198
1.8600000000000	-4.4869730214338
1.8620000000000	-4.4700331956471
1.8640000000000	-4.4532398251794
1.8660000000000	-4.4365931034205
1.8680000000000	-4.4200932106180
1.8700000000000	-4.4037403140660
1.8720000000000	-4.3875345682936
1.8740000000000	-4.3714761152539
1.8760000000000	-4.3555650845130
1.8780000000000	-4.3398015934392
1.8800000000000	-4.3241857473919
1.8820000000000	-4.3087176399105
1.8840000000000	-4.2933973529031
1.8860000000000	-4.2782249568345
1.8880000000000	-4.2632005109140
1.8900000000000	-4.2483240632831
1.8920000000000	-4.2335956512013
1.8940000000000	-4.2190153012327
1.8960000000000	-4.2045830294305
1.8980000000000	-4.1902988415215
1.9000000000000	-4.1761627330892
1.9020000000000	-4.1621746897557
1.9040000000000	-4.1483346873627
1.9060000000000	-4.1346426921512
1.9080000000000	-4.1210986609400
1.9100000000000	-4.1077025413024
1.9120000000000	-4.0944542717418
1.9140000000000	-4.0813537818655
1.9160000000000	-4.0684009925574
1.9180000000000	-4.0555958161480
1.9200000000000	-4.0429381565839
1.9220000000000	-4.0304279095941
1.9240000000000	-4.0180649628558
1.9260000000000	-4.0058491961571
1.9280000000000	-3.9937804815581
1.9300000000000	-3.9818586835503
1.9320000000000	-3.9700836592130
1.9340000000000	-3.9584552583684
1.9360000000000	-3.9469733237337
1.9380000000000	-3.9356376910713
1.9400000000000	-3.9244481893367
1.9420000000000	-3.9134046408236
1.9440000000000	-3.9025068613069
1.9460000000000	-3.8917546601831
1.9480000000000	-3.8811478406080
1.9500000000000	-3.8706861996320
1.9520000000000	-3.8603695283329
1.9540000000000	-3.8501976119454
1.9560000000000	-3.8401702299889
1.9580000000000	-3.8302871563916
1.9600000000000	-3.8205481596126
1.9620000000000	-3.8109530027604
1.9640000000000	-3.8015014437097
1.9660000000000	-3.7921932352143
1.9680000000000	-3.7830281250175
1.9700000000000	-3.7740058559600
1.9720000000000	-3.7651261660843
1.9740000000000	-3.7563887887367
1.9760000000000	-3.7477934526658
1.9780000000000	-3.7393398821187
1.9800000000000	-3.7310277969337
1.9820000000000	-3.7228569126305
1.9840000000000	-3.7148269404967
1.9860000000000	-3.7069375876725
1.9880000000000	-3.6991885572311
1.9900000000000	-3.6915795482571
1.9920000000000	-3.6841102559216
1.9940000000000	-3.6767803715540
1.9960000000000	-3.6695895827113
1.9980000000000	-3.6625375732444
2.0000000000000	-3.6556240233610
2.0020000000000	-3.6488486096861
2.0040000000000	-3.6422110053191
2.0060000000000	-3.6357108798883
2.0080000000000	-3.6293478996024
2.0100000000000	-3.6231217272992
2.0120000000000	-3.6170320224911
2.0140000000000	-3.6110784414079
2.0160000000000	-3.6052606370374
2.0180000000000	-3.5995782591617
2.0200000000000	-3.5940309543928
2.0220000000000	-3.5886183662033
2.0240000000000	-3.5833401349558
2.0260000000000	-3.5781958979293
2.0280000000000	-3.5731852893427
2.0300000000000	-3.5683079403755
2.0320000000000	-3.5635634791868
2.0340000000000	-3.5589515309304
2.0360000000000	-3.5544717177687
2.0380000000000	-3.5501236588832
2.0400000000000	-3.5459069704830
2.0420000000000	-3.5418212658105
2.0440000000000	-3.5378661551454
2.0460000000000	-3.5340412458057
2.0480000000000	-3.5303461421466
2.0500000000000	-3.5267804455575
2.0520000000000	-3.5233437544566
2.0540000000000	-3.5200356642831
2.0560000000000	-3.5168557674876
2.0580000000000	-3.5138036535207
2.0600000000000	-3.5108789088189
2.0620000000000	-3.5080811167894
2.0640000000000	-3.5054098577923
2.0660000000000	-3.5028647091215
2.0680000000000	-3.5004452449836
2.0700000000000	-3.4981510364749
2.0720000000000	-3.4959816515570
2.0740000000000	-3.4939366550311
2.0760000000000	-3.4920156085098
2.0780000000000	-3.4902180703885
2.0800000000000	-3.4885435958146
2.0820000000000	-3.4869917366556
2.0840000000000	-3.4855620414661
2.0860000000000	-3.4842540554532
2.0880000000000	-3.4830673204410
2.0900000000000	-3.4820013748337
2.0920000000000	-3.4810557535779
2.0940000000000	-3.4802299881237
2.0960000000000	-3.4795236063853
2.0980000000000	-3.4789361326998
2.1000000000000	-3.4784670877866
2.1020000000000	-3.4781159887043
2.1040000000000	-3.4778823488089
2.1060000000000	-3.4777656777096
2.1080000000000	-3.4777654812253
2.1100000000000	-3.4778812613399
2.1120000000000	-3.4781125161577
2.1140000000000	-3.4784587398579
2.1160000000000	-3.4789194226494
2.1180000000000	-3.4794940507250
2.1200000000000	-3.4801821062156
2.1220000000000	-3.4809830671441
2.1240000000000	-3.4818964073800
2.1260000000000	-3.4829215965926
2.1280000000000	-3.4840581002063
2.1300000000000	-3.4853053793540
2.1320000000000	-3.4866628908326
2.1340000000000	-3.4881300870572
2.1360000000000	-3.4897064160172
2.1380000000000	-3.4913913212313
2.1400000000000	-3.4931842417043
2.1420000000000	-3.4950846118836
2.1440000000000	-3.4970918616170
2.1460000000000	-3.4992054161105
2.1480000000000	-3.5014246958872
2.1500000000000	-3.5037491167471
2.1520000000000	-3.5061780897279
2.1540000000000	-3.5087110210658
2.1560000000000	-3.5113473121587
2.1580000000000	-3.5140863595293
2.1600000000000	-3.5169275547899
2.1620000000000	-3.5198702846080
2.1640000000000	-3.5229139306734
2.1660000000000	-3.5260578696664
2.1680000000000	-3.5293014732277
2.1700000000000	-3.5326441079287
2.1720000000000	-3.5360851352447
2.1740000000000	-3.5396239115281
2.1760000000000	-3.5432597879841
2.1780000000000	-3.5469921106476
2.1800000000000	-3.5508202203621
2.1820000000000	-3.5547434527593
2.1840000000000	-3.5587611382418
2.1860000000000	-3.5628726019667
2.1880000000000	-3.5670771638308
2.1900000000000	-3.5713741384584
2.1920000000000	-3.5757628351906
2.1940000000000	-3.5802425580762
2.1960000000000	-3.5848126058655
2.1980000000000	-3.5894722720048
2.2000000000000	-3.5942208446344
2.2020000000000	-3.5990576065874
2.2040000000000	-3.6039818353912
2.2060000000000	-3.6089928032714
2.2080000000000	-3.6140897771574
2.2100000000000	-3.6192720186902
2.2120000000000	-3.6245387842327
2.2140000000000	-3.6298893248823
2.2160000000000	-3.6353228864851
2.2180000000000	-3.6408387096538
2.2200000000000	-3.6464360297859
2.2220000000000	-3.6521140770865
2.2240000000000	-3.6578720765913
2.2260000000000	-3.6637092481938
2.2280000000000	-3.6696248066737
2.2300000000000	-3.6756179617281
2.2320000000000	-3.6816879180052
2.2340000000000	-3.6878338751403
2.2360000000000	-3.6940550277943
2.2380000000000	-3.7003505656946
2.2400000000000	-3.7067196736782
2.2420000000000	-3.7131615317378
2.2440000000000	-3.7196753150701
2.2460000000000	-3.7262601941262
2.2480000000000	-3.7329153346648
2.2500000000000	-3.7396398978080
2.2520000000000	-3.7464330400992
2.2540000000000	-3.7532939135634
2.2560000000000	-3.7602216657706
2.2580000000000	-3.7672154399005
2.2600000000000	-3.7742743748106
2.2620000000000	-3.7813976051062
2.2640000000000	-3.7885842612130
2.2660000000000	-3.7958334694518
2.2680000000000	-3.8031443521160
2.2700000000000	-3.8105160275507
2.2720000000000	-3.8179476102350
2.2740000000000	-3.8254382108659
2.2760000000000	-3.8329869364448
2.2780000000000	-3.8405928903660
2.2800000000000	-3.8482551725078
2.2820000000000	-3.8559728793254
2.2840000000000	-3.8637451039462
2.2860000000000	-3.8715709362669
2.2880000000000	-3.8794494630533
2.2900000000000	-3.8873797680413
2.2920000000000	-3.8953609320410
2.2940000000000	-3.9033920330417
2.2960000000000	-3.9114721463197
2.2980000000000	-3.9196003445475
2.3000000000000	-3.9277756979050
2.3020000000000	-3.9359972741929
2.3040000000000	-3.9442641389471
2.3060000000000	-3.9525753555557
2.3080000000000	-3.9609299853774
2.3100000000000	-3.9693270878612
2.3120000000000	-3.9777657206679
2.3140000000000	-3.9862449397939
2.3160000000000	-3.9947637996954
2.3180000000000	-4.0033213534145
2.3200000000000	-4.0119166527070
2.3220000000000	-4.0205487481715
2.3240000000000	-4.0292166893793
2.3260000000000	-4.0379195250061
2.3280000000000	-4.0466563029646
2.3300000000000	-4.0554260705388
2.3320000000000	-4.0642278745184
2.3340000000000	-4.0730607613352
2.3360000000000	-4.0819237772001
2.3380000000000	-4.0908159682410
2.3400000000000	-4.0997363806414
2.3420000000000	-4.1086840607803
2.3440000000000	-4.1176580553726
2.3460000000000	-4.1266574116100
2.3480000000000	-4.1356811773028
2.3500000000000	-4.1447284010222
2.3520000000000	-4.1537981322431
2.3540000000000	-4.1628894214874
2.3560000000000	-4.1720013204676
2.3580000000000	-4.1811328822308
2.3600000000000	-4.1902831613031
2.3620000000000	-4.1994512138338
2.3640000000000	-4.2086360977406
2.3660000000000	-4.2178368728535
2.3680000000000	-4.2270526010604
2.3700000000000	-4.2362823464511
2.3720000000000	-4.2455251754625
2.3740000000000	-4.2547801570227
2.3760000000000	-4.2640463626955
2.3780000000000	-4.2733228668241
2.3800000000000	-4.2826087466753
2.3820000000000	-4.2919030825819
2.3840000000000	-4.3012049580864
2.3860000000000	-4.3105134600825
2.3880000000000	-4.3198276789573
2.3900000000000	-4.3291467087324
2.3920000000000	-4.3384696472037
2.3940000000000	-4.3477955960816
2.3960000000000	-4.3571236611298
2.3980000000000	-4.3664529523028
2.4000000000000	-4.3757825838833
2.4020000000000	-4.3851116746181
2.4040000000000	-4.3944393478532
2.4060000000000	-4.4037647316676
2.4080000000000	-4.4130869590063
2.4100000000000	-4.4224051678118
2.4120000000000	-4.4317185011541
2.4140000000000	-4.4410261073605
2.4160000000000	-4.4503271401424
2.4180000000000	-4.4596207587226
2.4200000000000	-4.4689061279590
2.4220000000000	-4.4781824184693
2.4240000000000	-4.4874488067515
2.4260000000000	-4.4967044753050
2.4280000000000	-4.5059486127492
2.4300000000000	-4.5151804139397
2.4320000000000	-4.5243990800844
2.4340000000000	-4.5336038188563
2.4360000000000	-4.5427938445055
2.4380000000000	-4.5519683779688
2.4400000000000	-4.5611266469777
2.4420000000000	-4.5702678861646
2.4440000000000	-4.5793913371664
2.4460000000000	-4.5884962487269
2.4480000000000	-4.5975818767967
2.4500000000000	-4.6066474846313
2.4520000000000	-4.6156923428867
2.4540000000000	-4.6247157297137
2.4560000000000	-4.6337169308487
2.4580000000000	-4.6426952397040
2.4600000000000	-4.6516499574546
2.4620000000000	-4.6605803931229
2.4640000000000	-4.6694858636621
2.4660000000000	-4.6783656940363
2.4680000000000	-4.6872192172988
2.4700000000000	-4.6960457746677
2.4720000000000	-4.7048447155997
2.4740000000000	-4.7136153978611
2.4760000000000	-4.7223571875967
2.4780000000000	-4.7310694593962
2.4800000000000	-4.7397515963579
2.4820000000000	-4.7484029901507
2.4840000000000	-4.7570230410729
2.4860000000000	-4.7656111581091
2.4880000000000	-4.7741667589845
2.4900000000000	-4.7826892702165
2.4920000000000	-4.7911781271642
2.4940000000000	-4.7996327740753
2.4960000000000	-4.8080526641303
2.4980000000000	-4.8164372594850
2.5000000000000	-4.8247860313091
2.5020000000000	-4.8330984598239
2.5040000000000	-4.8413740343365
2.5060000000000	-4.8496122532722
2.5080000000000	-4.8578126242033
2.5100000000000	-4.8659746638773
2.5120000000000	-4.8740978982406
2.5140000000000	-4.8821818624612
2.5160000000000	-4.8902261009484
2.5180000000000	-4.8982301673703
2.5200000000000	-4.9061936246683
2.5220000000000	-4.9141160450699
2.5240000000000	-4.9219970100988
2.5260000000000	-4.9298361105826
2.5280000000000	-4.9376329466581
2.5300000000000	-4.9453871277743
2.5320000000000	-4.9530982726933
2.5340000000000	-4.9607660094883
2.5360000000000	-4.9683899755398
2.5380000000000	-4.9759698175295
2.5400000000000	-4.9835051914316
2.5420000000000	-4.9909957625021
2.5440000000000	-4.9984412052661
2.5460000000000	-5.0058412035022
2.5480000000000	-5.0131954502256
2.5500000000000	-5.0205036476685
2.5520000000000	-5.0277655072585
2.5540000000000	-5.0349807495950
2.5560000000000	-5.0421491044233
2.5580000000000	-5.0492703106070
2.5600000000000	-5.0563441160983
2.5620000000000	-5.0633702779059
2.5640000000000	-5.0703485620618
2.5660000000000	-5.0772787435850
2.5680000000000	-5.0841606064446
2.5700000000000	-5.0909939435203
2.5720000000000	-5.0977785565608
2.5740000000000	-5.1045142561414
2.5760000000000	-5.1112008616186
2.5780000000000	-5.1178382010843
2.5800000000000	-5.1244261113171
2.5820000000000	-5.1309644377328
2.5840000000000	-5.1374530343327
2.5860000000000	-5.1438917636508
2.5880000000000	-5.1502804966992
2.5900000000000	-5.1566191129116
2.5920000000000	-5.1629075000862
2.5940000000000	-5.1691455543265
2.5960000000000	-5.1753331799808
2.5980000000000	-5.1814702895804
2.6000000000000	-5.1875568037765
2.6020000000000	-5.1935926512758
2.6040000000000	-5.1995777687746
2.6060000000000	-5.2055121008922
2.6080000000000	-5.2113956001024
2.6100000000000	-5.2172282266646
2.6120000000000	-5.2230099485532
2.6140000000000	-5.2287407413861
2.6160000000000	-5.2344205883526
2.6180000000000	-5.2400494801394
2.6200000000000	-5.2456274148565
2.6220000000000	-5.2511543979617
2.6240000000000	-5.2566304421845
2.6260000000000	-5.2620555674485
2.6280000000000	-5.2674298007942
2.6300000000000	-5.2727531762999
2.6320000000000	-5.2780257350020
2.6340000000000	-5.2832475248154
2.6360000000000	-5.2884186004524
2.6380000000000	-5.2935390233411
2.6400000000000	-5.2986088615436
2.6420000000000	-5.3036281896734
2.6440000000000	-5.3085970888120
2.6460000000000	-5.3135156464255
2.6480000000000	-5.3183839562805
2.6500000000000	-5.3232021183594
2.6520000000000	-5.3279702387757
2.6540000000000	-5.3326884296886
2.6560000000000	-5.3373568092176
2.6580000000000	-5.3419755013562
2.6600000000000	-5.3465446358863
2.6620000000000	-5.3510643482915
2.6640000000000	-5.3555347796707
2.6660000000000	-5.3599560766510
2.6680000000000	-5.3643283913014
2.6700000000000	-5.3686518810455
2.6720000000000	-5.3729267085744
2.6740000000000	-5.3771530417598
2.6760000000000	-5.3813310535668
2.6780000000000	-5.3854609219666
2.6800000000000	-5.3895428298500
2.6820000000000	-5.3935769649397
2.6840000000000	-5.3975635197040
2.6860000000000	-5.4015026912695
2.6880000000000	-5.4053946813349
2.6900000000000	-5.4092396960843
2.6920000000000	-5.4130379461008
2.6940000000000	-5.4167896462807
2.6960000000000	-5.4204950157476
2.6980000000000	-5.4241542777668
2.7000000000000	-5.4277676596598
2.7020000000000	-5.4313353927199
2.7040000000000	-5.4348577121269
2.7060000000000	-5.4383348568635
2.7080000000000	-5.4417670696306
2.7100000000000	-5.4451545967645
2.7120000000000	-5.4484976881533
2.7140000000000	-5.4517965971546
2.7160000000000	-5.4550515805130
2.7180000000000	-5.4582628982781
2.7200000000000	-5.4614308137239
2.7220000000000	-5.4645555932673
2.7240000000000	-5.4676375063882
2.7260000000000	-5.4706768255497
2.7280000000000	-5.4736738261189
2.7300000000000	-5.4766287862879
2.7320000000000	-5.4795419869963
2.7340000000000	-5.4824137118533
2.7360000000000	-5.4852442470610
2.7380000000000	-5.4880338813380
2.7400000000000	-5.4907829058439
2.7420000000000	-5.4934916141039
2.7440000000000	-5.4961603019350
2.7460000000000	-5.4987892673717
2.7480000000000	-5.5013788105935
2.7500000000000	-5.5039292338519
2.7520000000000	-5.5064408413992
2.7540000000000	-5.5089139394174
2.7560000000000	-5.5113488359477
2.7580000000000	-5.5137458408210
2.7600000000000	-5.5161052655892
2.7620000000000	-5.5184274234567
2.7640000000000	-5.5207126292132
2.7660000000000	-5.5229611991671
2.7680000000000	-5.5251734510791
2.7700000000000	-5.5273497040977
2.7720000000000	-5.5294902786940
2.7740000000000	-5.5315954965984
2.7760000000000	-5.5336656807376
2.7780000000000	-5.5357011551724
2.7800000000000	-5.5377022450361
2.7820000000000	-5.5396692764743
2.7840000000000	-5.5416025765842
2.7860000000000	-5.5435024733564
2.7880000000000	-5.5453692956160
2.7900000000000	-5.5472033729651
2.7920000000000	-5.5490050357259
2.7940000000000	-5.5507746148852
2.7960000000000	-5.5525124420384
2.7980000000000	-5.5542188493356
2.8000000000000	-5.5558941694276
2.8020000000000	-5.5575387354131
2.8040000000000	-5.5591528807864
2.8060000000000	-5.5607369393864
2.8080000000000	-5.5622912453454
2.8100000000000	-5.5638161330399
2.8120000000000	-5.5653119370409
2.8140000000000	-5.5667789920662
2.8160000000000	-5.5682176329324
2.8180000000000	-5.5696281945083
2.8200000000000	-5.5710110116690
2.8220000000000	-5.5723664192502
2.8240000000000	-5.5736947520043
2.8260000000000	-5.5749963445561
2.8280000000000	-5.5762715313600
2.8300000000000	-5.5775206466577
2.8320000000000	-5.5787440244367
2.8340000000000	-5.5799419983892
2.8360000000000	-5.5811149018725
2.8380000000000	-5.5822630678692
2.8400000000000	-5.5833868289486
2.8420000000000	-5.5844865172289
2.8440000000000	-5.5855624643401
2.8460000000000	-5.5866150013870
2.8480000000000	-5.5876444589139
2.8500000000000	-5.5886511668691
2.8520000000000	-5.5896354545705
2.8540000000000	-5.5905976506721
2.8560000000000	-5.5915380831303
2.8580000000000	-5.5924570791723
2.8600000000000	-5.5933549652637
2.8620000000000	-5.5942320670776
2.8640000000000	-5.5950887094639
2.8660000000000	-5.5959252164202
2.8680000000000	-5.5967419110618
2.8700000000000	-5.5975391155935
2.8720000000000	-5.5983171512818
2.8740000000000	-5.5990763384275
2.8760000000000	-5.5998169963388
2.8780000000000	-5.6005394433058
2.8800000000000	-5.6012439965742
2.8820000000000	-5.6019309723212
2.8840000000000	-5.6026006856308
2.8860000000000	-5.6032534504700
2.8880000000000	-5.6038895796659
2.8900000000000	-5.6045093848830
2.8920000000000	-5.6051131766012
2.8940000000000	-5.6057012640944
2.8960000000000	-5.6062739554092
2.8980000000000	-5.6068315573452
2.9000000000000	-5.6073743754346
2.9020000000000	-5.6079027139228
2.9040000000000	-5.6084168757502
2.9060000000000	-5.6089171625333
2.9080000000000	-5.6094038745471
2.9100000000000	-5.6098773107079
2.9120000000000	-5.6103377685563
2.9140000000000	-5.6107855442412
2.9160000000000	-5.6112209325034
2.9180000000000	-5.6116442266609
2.9200000000000	-5.6120557185934
2.9220000000000	-5.6124556987282
2.9240000000000	-5.6128444560260
2.9260000000000	-5.6132222779675
2.9280000000000	-5.6135894505401
2.9300000000000	-5.6139462582253
2.9320000000000	-5.6142929839865
2.9340000000000	-5.6146299092568
2.9360000000000	-5.6149573139280
2.9380000000000	-5.6152754763394
2.9400000000000	-5.6155846732669
2.9420000000000	-5.6158851799131
2.9440000000000	-5.6161772698973
2.9460000000000	-5.6164612152458
2.9480000000000	-5.6167372863832
2.9500000000000	-5.6170057521231
2.9520000000000	-5.6172668796604
2.9540000000000	-5.6175209345625
2.9560000000000	-5.6177681807623
2.9580000000000	-5.6180088805503
2.9600000000000	-5.6182432945678
2.9620000000000	-5.6184716818003
2.9640000000000	-5.6186942995712
2.9660000000000	-5.6189114035354
2.9680000000000	-5.6191232476737
2.9700000000000	-5.6193300842879
2.9720000000000	-5.6195321639947
2.9740000000000	-5.6197297357218
2.9760000000000	-5.6199230467027
2.9780000000000	-5.6201123424731
2.9800000000000	-5.6202978668661
2.9820000000000	-5.6204798620093
2.9840000000000	-5.6206585683208
2.9860000000000	-5.6208342245065
2.9880000000000	-5.6210070675567
2.9900000000000	-5.6211773327439
2.9920000000000	-5.6213452536202
2.9940000000000	-5.6215110620151
2.9960000000000	-5.6216749880337
2.9980000000000	-5.6218372600549
3.0000000000000	-5.6219981047299
3.0020000000000	-5.6221577469813
3.0040000000000	-5.6223164100018
3.0060000000000	-5.6224743152535
3.0080000000000	-5.6226316824671
3.0100000000000	-5.6227887296420
3.0120000000000	-5.6229456730458
3.0140000000000	-5.6231027272142
3.0160000000000	-5.6232601049517
3.0180000000000	-5.6234180173316
3.0200000000000	-5.6235766736967
3.0220000000000	-5.6237362816603
3.0240000000000	-5.6238970471067
3.0260000000000	-5.6240591741929
3.0280000000000	-5.6242228653496
3.0300000000000	-5.6243883212825
3.0320000000000	-5.6245557409743
3.0340000000000	-5.6247253216865
3.0360000000000	-5.6248972589609
3.0380000000000	-5.6250717466222
3.0400000000000	-5.6252489767799
3.0420000000000	-5.6254291398312
3.0440000000000	-5.6256124244628
3.0460000000000	-5.6257990176544
3.0480000000000	-5.6259891046807
3.0500000000000	-5.6261828691150
3.0520000000000	-5.6263804928321
3.0540000000000	-5.6265821560112
3.0560000000000	-5.6267880371398
3.0580000000000	-5.6269983130166
3.0600000000000	-5.6272131587552
3.0620000000000	-5.6274327477883
3.0640000000000	-5.6276572518706
3.0660000000000	-5.6278868410835
3.0680000000000	-5.6281216838385
3.0700000000000	-5.6283619468819
3.0720000000000	-5.6286077952985
3.0740000000000	-5.6288593925161
3.0760000000000	-5.6291169003101
3.0780000000000	-5.6293804788077
3.0800000000000	-5.6296502864926
3.0820000000000	-5.6299264802097
3.0840000000000	-5.6302092151700
3.0860000000000	-5.6304986449551
3.0880000000000	-5.6307949215225
3.0900000000000	-5.6310981952103
3.0920000000000	-5.6314086147427
3.0940000000000	-5.6317263272346
3.0960000000000	-5.6320514781974
3.0980000000000	-5.6323842115438
3.1000000000000	-5.6327246695937
3.1020000000000	-5.6330729930791
3.1040000000000	-5.6334293211501
3.1060000000000	-5.6337937913802
3.1080000000000	-5.6341665397718
3.1100000000000	-5.6345477007624
3.1120000000000	-5.6349374072297
3.1140000000000	-5.6353357904980
3.1160000000000	-5.6357429803436
3.1180000000000	-5.6361591050011
3.1200000000000	-5.6365842911691
3.1220000000000	-5.6370186640162
3.1240000000000	-5.6374623471874
3.1260000000000	-5.6379154628097
3.1280000000000	-5.6383781314988
3.1300000000000	-5.6388504723648
3.1320000000000	-5.6393326030188
3.1340000000000	-5.6398246395791
3.1360000000000	-5.6403266966773
3.1380000000000	-5.6408388874651
3.1400000000000	-5.6413613236201
3.1420000000000	-5.6418941153529
3.1440000000000	-5.6424373714130
3.1460000000000	-5.6429911990957
3.1480000000000	-5.6435557042485
3.1500000000000	-5.6441309912773
3.1520000000000	-5.6447171631538
3.1540000000000	-5.6453143214214
3.1560000000000	-5.6459225662020
3.1580000000000	-5.6465419962030
3.1600000000000	-5.6471727087236
3.1620000000000	-5.6478147996618
3.1640000000000	-5.6484683635210
3.1660000000000	-5.6491334934169
3.1680000000000	-5.6498102810840
3.1700000000000	-5.6504988168829
3.1720000000000	-5.6511991898066
3.1740000000000	-5.6519114874878
3.1760000000000	-5.6526357962055
3.1780000000000	-5.6533722008918
3.1800000000000	-5.6541207851392
3.1820000000000	-5.6548816312071
3.1840000000000	-5.6556548200290
3.1860000000000	-5.6564404312193
3.1880000000000	-5.6572385430802
3.1900000000000	-5.6580492326090
3.1920000000000	-5.6588725755047
3.1940000000000	-5.6597086461750
3.1960000000000	-5.6605575177439
3.1980000000000	-5.6614192620576
3.2000000000000	-5.6622939496928
#
#"Frequency / GHz"	"S4,4 [Magnitude / dB]"
#-----------------------------------------
1.2000000000000	-2.7958272311803
1.2020000000000	-2.8003558268393
1.2040000000000	-2.8049443805053
1.2060000000000	-2.8095932599148
1.2080000000000	-2.8143028351839
1.2100000000000	-2.8190734788293
1.2120000000000	-2.8239055657912
1.2140000000000	-2.8287994734554
1.2160000000000	-2.8337555816762
1.2180000000000	-2.8387742727992
1.2200000000000	-2.8438559316852
1.2220000000000	-2.8490009457329
1.2240000000000	-2.8542097049033
1.2260000000000	-2.8594826017436
1.2280000000000	-2.8648200314116
1.2300000000000	-2.8702223917003
1.2320000000000	-2.8756900830629
1.2340000000000	-2.8812235086378
1.2360000000000	-2.8868230742743
1.2380000000000	-2.8924891885582
1.2400000000000	-2.8982222628381
1.2420000000000	-2.9040227112512
1.2440000000000	-2.9098909507506
1.2460000000000	-2.9158274011316
1.2480000000000	-2.9218324850591
1.2500000000000	-2.9279066280953
1.2520000000000	-2.9340502587272
1.2540000000000	-2.9402638083946
1.2560000000000	-2.9465477115187
1.2580000000000	-2.9529024055306
1.2600000000000	-2.9593283309003
1.2620000000000	-2.9658259311659
1.2640000000000	-2.9723956529631
1.2660000000000	-2.9790379460549
1.2680000000000	-2.9857532633623
1.2700000000000	-2.9925420609939
1.2720000000000	-2.9994047982770
1.2740000000000	-3.0063419377889
1.2760000000000	-3.0133539453877
1.2780000000000	-3.0204412902441
1.2800000000000	-3.0276044448734
1.2820000000000	-3.0348438851676
1.2840000000000	-3.0421600904276
1.2860000000000	-3.0495535433967
1.2880000000000	-3.0570247302927
1.2900000000000	-3.0645741408422
1.2920000000000	-3.0722022683135
1.2940000000000	-3.0799096095510
1.2960000000000	-3.0876966650090
1.2980000000000	-3.0955639387866
1.3000000000000	-3.1035119386623
1.3020000000000	-3.1115411761291
1.3040000000000	-3.1196521664296
1.3060000000000	-3.1278454285919
1.3080000000000	-3.1361214854653
1.3100000000000	-3.1444808637566
1.3120000000000	-3.1529240940663
1.3140000000000	-3.1614517109253
1.3160000000000	-3.1700642528318
1.3180000000000	-3.1787622622888
1.3200000000000	-3.1875462858410
1.3220000000000	-3.1964168741125
1.3240000000000	-3.2053745818453
1.3260000000000	-3.2144199679366
1.3280000000000	-3.2235535954776
1.3300000000000	-3.2327760317920
1.3320000000000	-3.2420878484747
1.3340000000000	-3.2514896214309
1.3360000000000	-3.2609819309150
1.3380000000000	-3.2705653615703
1.3400000000000	-3.2802405024682
1.3420000000000	-3.2900079471483
1.3440000000000	-3.2998682936580
1.3460000000000	-3.3098221445926
1.3480000000000	-3.3198701071356
1.3500000000000	-3.3300127930989
1.3520000000000	-3.3402508189634
1.3540000000000	-3.3505848059195
1.3560000000000	-3.3610153799077
1.3580000000000	-3.3715431716594
1.3600000000000	-3.3821688167382
1.3620000000000	-3.3928929555799
1.3640000000000	-3.4037162335347
1.3660000000000	-3.4146393009071
1.3680000000000	-3.4256628129978
1.3700000000000	-3.4367874301444
1.3720000000000	-3.4480138177624
1.3740000000000	-3.4593426463867
1.3760000000000	-3.4707745917124
1.3780000000000	-3.4823103346356
1.3800000000000	-3.4939505612948
1.3820000000000	-3.5056959631116
1.3840000000000	-3.5175472368311
1.3860000000000	-3.5295050845633
1.3880000000000	-3.5415702138229
1.3900000000000	-3.5537433375702
1.3920000000000	-3.5660251742509
1.3940000000000	-3.5784164478365
1.3960000000000	-3.5909178878636
1.3980000000000	-3.6035302294740
1.4000000000000	-3.6162542134535
1.4020000000000	-3.6290905862711
1.4040000000000	-3.6420401001178
1.4060000000000	-3.6551035129448
1.4080000000000	-3.6682815885015
1.4100000000000	-3.6815750963730
1.4120000000000	-3.6949848120176
1.4140000000000	-3.7085115168032
1.4160000000000	-3.7221559980437
1.4180000000000	-3.7359190490349
1.4200000000000	-3.7498014690895
1.4220000000000	-3.7638040635720
1.4240000000000	-3.7779276439327
1.4260000000000	-3.7921730277410
1.4280000000000	-3.8065410387184
1.4300000000000	-3.8210325067707
1.4320000000000	-3.8356482680189
1.4340000000000	-3.8503891648306
1.4360000000000	-3.8652560458489
1.4380000000000	-3.8802497660221
1.4400000000000	-3.8953711866317
1.4420000000000	-3.9106211753192
1.4440000000000	-3.9260006061127
1.4460000000000	-3.9415103594522
1.4480000000000	-3.9571513222135
1.4500000000000	-3.9729243877318
1.4520000000000	-3.9888304558233
1.4540000000000	-4.0048704328064
1.4560000000000	-4.0210452315213
1.4580000000000	-4.0373557713482
1.4600000000000	-4.0538029782249
1.4620000000000	-4.0703877846623
1.4640000000000	-4.0871111297588
1.4660000000000	-4.1039739592134
1.4680000000000	-4.1209772253372
1.4700000000000	-4.1381218870634
1.4720000000000	-4.1554089099557
1.4740000000000	-4.1728392662150
1.4760000000000	-4.1904139346847
1.4780000000000	-4.2081339008538
1.4800000000000	-4.2260001568588
1.4820000000000	-4.2440137014833
1.4840000000000	-4.2621755401560
1.4860000000000	-4.2804866849465
1.4880000000000	-4.2989481545594
1.4900000000000	-4.3175609743262
1.4920000000000	-4.3363261761950
1.4940000000000	-4.3552447987184
1.4960000000000	-4.3743178870390
1.4980000000000	-4.3935464928723
1.5000000000000	-4.4129316744879
1.5020000000000	-4.4324744966879
1.5040000000000	-4.4521760307832
1.5060000000000	-4.4720373545670
1.5080000000000	-4.4920595522859
1.5100000000000	-4.5122437146085
1.5120000000000	-4.5325909385914
1.5140000000000	-4.5531023276422
1.5160000000000	-4.5737789914803
1.5180000000000	-4.5946220460942
1.5200000000000	-4.6156326136965
1.5220000000000	-4.6368118226761
1.5240000000000	-4.6581608075466
1.5260000000000	-4.6796807088931
1.5280000000000	-4.7013726733142
1.5300000000000	-4.7232378533630
1.5320000000000	-4.7452774074826
1.5340000000000	-4.7674924999409
1.5360000000000	-4.7898843007598
1.5380000000000	-4.8124539856433
1.5400000000000	-4.8352027359002
1.5420000000000	-4.8581317383658
1.5440000000000	-4.8812421853176
1.5460000000000	-4.9045352743902
1.5480000000000	-4.9280122084846
1.5500000000000	-4.9516741956754
1.5520000000000	-4.9755224491140
1.5540000000000	-4.9995581869284
1.5560000000000	-5.0237826321189
1.5580000000000	-5.0481970124517
1.5600000000000	-5.0728025603472
1.5620000000000	-5.0976005127657
1.5640000000000	-5.1225921110897
1.5660000000000	-5.1477786010015
1.5680000000000	-5.1731612323590
1.5700000000000	-5.1987412590660
1.5720000000000	-5.2245199389401
1.5740000000000	-5.2504985335770
1.5760000000000	-5.2766783082107
1.5780000000000	-5.3030605315710
1.5800000000000	-5.3296464757364
1.5820000000000	-5.3564374159847
1.5840000000000	-5.3834346306398
1.5860000000000	-5.4106394009145
1.5880000000000	-5.4380530107513
1.5900000000000	-5.4656767466586
1.5920000000000	-5.4935118975446
1.5940000000000	-5.5215597545479
1.5960000000000	-5.5498216108651
1.5980000000000	-5.5782987615753
1.6000000000000	-5.6069925034617
1.6020000000000	-5.6359041348309
1.6040000000000	-5.6650349553293
1.6060000000000	-5.6943862657568
1.6080000000000	-5.7239593678788
1.6100000000000	-5.7537555642349
1.6120000000000	-5.7837761579466
1.6140000000000	-5.8140224525224
1.6160000000000	-5.8444957516615
1.6180000000000	-5.8751973590552
1.6200000000000	-5.9061285781883
1.6220000000000	-5.9372907121376
1.6240000000000	-5.9686850633707
1.6260000000000	-6.0003129335431
1.6280000000000	-6.0321756232957
1.6300000000000	-6.0642744320507
1.6320000000000	-6.0966106578087
1.6340000000000	-6.1291855969452
1.6360000000000	-6.1620005440078
1.6380000000000	-6.1950567915139
1.6400000000000	-6.2283556297499
1.6420000000000	-6.2618983465712
1.6440000000000	-6.2956862272043
1.6460000000000	-6.3297205540508
1.6480000000000	-6.3640026064931
1.6500000000000	-6.3985336607040
1.6520000000000	-6.4333149894582
1.6540000000000	-6.4683478619480
1.6560000000000	-6.5036335436021
1.6580000000000	-6.5391732959096
1.6600000000000	-6.5749683762479
1.6620000000000	-6.6110200377159
1.6640000000000	-6.6473295289728
1.6660000000000	-6.6838980940828
1.6680000000000	-6.7207269723664
1.6700000000000	-6.7578173982587
1.6720000000000	-6.7951706011746
1.6740000000000	-6.8327878053826
1.6760000000000	-6.8706702298870
1.6780000000000	-6.9088190883184
1.6800000000000	-6.9472355888349
1.6820000000000	-6.9859209340322
1.6840000000000	-7.0248763208652
1.6860000000000	-7.0641029405806
1.6880000000000	-7.1036019786611
1.6900000000000	-7.1433746147822
1.6920000000000	-7.1834220227821
1.6940000000000	-7.2237453706455
1.6960000000000	-7.2643458205008
1.6980000000000	-7.3052245286330
1.7000000000000	-7.3463826455123
1.7020000000000	-7.3878213158380
1.7040000000000	-7.4295416786001
1.7060000000000	-7.4715448671581
1.7080000000000	-7.5138320093381
1.7100000000000	-7.5564042275486
1.7120000000000	-7.5992626389163
1.7140000000000	-7.6424083554416
1.7160000000000	-7.6858424841753
1.7180000000000	-7.7295661274172
1.7200000000000	-7.7735803829366
1.7220000000000	-7.8178863442161
1.7240000000000	-7.8624851007190
1.7260000000000	-7.9073777381815
1.7280000000000	-7.9525653389292
1.7300000000000	-7.9980489822206
1.7320000000000	-8.0438297446159
1.7340000000000	-8.0899087003742
1.7360000000000	-8.1362869218774
1.7380000000000	-8.1829654800839
1.7400000000000	-8.2299454450104
1.7420000000000	-8.2772278862447
1.7440000000000	-8.3248138734883
1.7460000000000	-8.3727044771304
1.7480000000000	-8.4209007688543
1.7500000000000	-8.4694038222757
1.7520000000000	-8.5182147136141
1.7540000000000	-8.5673345223989
1.7560000000000	-8.6167643322085
1.7580000000000	-8.6665052314453
1.7600000000000	-8.7165583141459
1.7620000000000	-8.7669246808269
1.7640000000000	-8.8176054393685
1.7660000000000	-8.8686017059336
1.7680000000000	-8.9199146059254
1.7700000000000	-8.9715452749834
1.7720000000000	-9.0234948600167
1.7740000000000	-9.0757645202777
1.7760000000000	-9.1283554284737
1.7780000000000	-9.1812687719198
1.7800000000000	-9.2345057537302
1.7820000000000	-9.2880675940519
1.7840000000000	-9.3419555313371
1.7860000000000	-9.3961708236585
1.7880000000000	-9.4507147500650
1.7900000000000	-9.5055886119786
1.7920000000000	-9.5607937346345
1.7940000000000	-9.6163314685616
1.7960000000000	-9.6722031911060
1.7980000000000	-9.7284103079969
1.8000000000000	-9.7849542549539
1.8020000000000	-9.8418364993380
1.8040000000000	-9.8990585418439
1.8060000000000	-9.9566219182357
1.8080000000000	-10.014528201124
1.8100000000000	-10.072779001787
1.8120000000000	-10.131375972031
1.8140000000000	-10.190320806098
1.8160000000000	-10.249615242610
1.8180000000000	-10.309261066556
1.8200000000000	-10.369260111327
1.8220000000000	-10.429614260782
1.8240000000000	-10.490325451366
1.8260000000000	-10.551395674258
1.8280000000000	-10.612826977567
1.8300000000000	-10.674621468570
1.8320000000000	-10.736781315977
1.8340000000000	-10.799308752250
1.8360000000000	-10.862206075954
1.8380000000000	-10.925475654142
1.8400000000000	-10.989119924789
1.8420000000000	-11.053141399247
1.8440000000000	-11.117542664755
1.8460000000000	-11.182326386967
1.8480000000000	-11.247495312526
1.8500000000000	-11.313052271668
1.8520000000000	-11.379000180862
1.8540000000000	-11.445342045474
1.8560000000000	-11.512080962476
1.8580000000000	-11.579220123173
1.8600000000000	-11.646762815961
1.8620000000000	-11.714712429124
1.8640000000000	-11.783072453642
1.8660000000000	-11.851846486033
1.8680000000000	-11.921038231220
1.8700000000000	-11.990651505415
1.8720000000000	-12.060690239030
1.8740000000000	-12.131158479599
1.8760000000000	-12.202060394727
1.8780000000000	-12.273400275042
1.8800000000000	-12.345182537172
1.8820000000000	-12.417411726724
1.8840000000000	-12.490092521271
1.8860000000000	-12.563229733350
1.8880000000000	-12.636828313456
1.8900000000000	-12.710893353035
1.8920000000000	-12.785430087476
1.8940000000000	-12.860443899088
1.8960000000000	-12.935940320070
1.8980000000000	-13.011925035455
1.9000000000000	-13.088403886042
1.9020000000000	-13.165382871287
1.9040000000000	-13.242868152168
1.9060000000000	-13.320866054007
1.9080000000000	-13.399383069237
1.9100000000000	-13.478425860121
1.9120000000000	-13.558001261402
1.9140000000000	-13.638116282873
1.9160000000000	-13.718778111870
1.9180000000000	-13.799994115663
1.9200000000000	-13.881771843733
1.9220000000000	-13.964119029936
1.9240000000000	-14.047043594518
1.9260000000000	-14.130553645978
1.9280000000000	-14.214657482757
1.9300000000000	-14.299363594733
1.9320000000000	-14.384680664495
1.9340000000000	-14.470617568382
1.9360000000000	-14.557183377249
1.9380000000000	-14.644387356942
1.9400000000000	-14.732238968429
1.9420000000000	-14.820747867588
1.9440000000000	-14.909923904567
1.9460000000000	-14.999777122715
1.9480000000000	-15.090317757004
1.9500000000000	-15.181556231919
1.9520000000000	-15.273503158730
1.9540000000000	-15.366169332109
1.9560000000000	-15.459565726006
1.9580000000000	-15.553703488715
1.9600000000000	-15.648593937051
1.9620000000000	-15.744248549535
1.9640000000000	-15.840678958502
1.9660000000000	-15.937896941004
1.9680000000000	-16.035914408403
1.9700000000000	-16.134743394513
1.9720000000000	-16.234396042150
1.9740000000000	-16.334884587912
1.9760000000000	-16.436221345046
1.9780000000000	-16.538418684174
1.9800000000000	-16.641489011684
1.9820000000000	-16.745444745555
1.9840000000000	-16.850298288340
1.9860000000000	-16.956061997058
1.9880000000000	-17.062748149650
1.9900000000000	-17.170368907691
1.9920000000000	-17.278936274969
1.9940000000000	-17.388462051536
1.9960000000000	-17.498957782777
1.9980000000000	-17.610434703014
2.0000000000000	-17.722903673115
2.0020000000000	-17.836375111522
2.0040000000000	-17.950858918061
2.0060000000000	-18.066364389846
2.0080000000000	-18.182900128510
2.0100000000000	-18.300473937954
2.0120000000000	-18.419092711704
2.0140000000000	-18.538762308918
2.0160000000000	-18.659487417983
2.0180000000000	-18.781271406567
2.0200000000000	-18.904116156902
2.0220000000000	-19.028021884979
2.0240000000000	-19.152986942245
2.0260000000000	-19.279007598295
2.0280000000000	-19.406077802955
2.0300000000000	-19.534188926069
2.0320000000000	-19.663329473211
2.0340000000000	-19.793484775466
2.0360000000000	-19.924636651370
2.0380000000000	-20.056763039060
2.0400000000000	-20.189837596648
2.0420000000000	-20.323829268894
2.0440000000000	-20.458701818280
2.0460000000000	-20.594413318749
2.0480000000000	-20.730915610550
2.0500000000000	-20.868153714917
2.0520000000000	-21.006065207753
2.0540000000000	-21.144579551951
2.0560000000000	-21.283617388758
2.0580000000000	-21.423089789410
2.0600000000000	-21.562897469393
2.0620000000000	-21.702929969037
2.0640000000000	-21.843064805784
2.0660000000000	-21.983166605421
2.0680000000000	-22.123086221897
2.0700000000000	-22.262659857990
2.0720000000000	-22.401708202184
2.0740000000000	-22.540035600521
2.0760000000000	-22.677429286047
2.0780000000000	-22.813658692510
2.0800000000000	-22.948474883339
2.0820000000000	-23.081610131282
2.0840000000000	-23.212777688337
2.0860000000000	-23.341671789512
2.0880000000000	-23.467967937062
2.0900000000000	-23.591323513938
2.0920000000000	-23.711378775625
2.0940000000000	-23.827758267981
2.0960000000000	-23.940072714437
2.0980000000000	-24.047921408682
2.1000000000000	-24.150895138078
2.1020000000000	-24.248579648461
2.1040000000000	-24.340559642543
2.1060000000000	-24.426423282070
2.1080000000000	-24.505767138916
2.1100000000000	-24.578201513425
2.1120000000000	-24.643356010955
2.1140000000000	-24.700885241730
2.1160000000000	-24.750474486673
2.1180000000000	-24.791845155298
2.1200000000000	-24.824759852874
2.1220000000000	-24.849026874677
2.1240000000000	-24.864503956319
2.1260000000000	-24.871101130916
2.1280000000000	-24.868782575600
2.1300000000000	-24.857567369696
2.1320000000000	-24.837529132309
2.1340000000000	-24.808794554725
2.1360000000000	-24.771540889683
2.1380000000000	-24.725992501681
2.1400000000000	-24.672416617349
2.1420000000000	-24.611118440381
2.1440000000000	-24.542435810472
2.1460000000000	-24.466733589982
2.1480000000000	-24.384397956396
2.1500000000000	-24.295830764557
2.1520000000000	-24.201444122051
2.1540000000000	-24.101655296229
2.1560000000000	-23.996882044301
2.1580000000000	-23.887538430719
2.1600000000000	-23.774031170250
2.1620000000000	-23.656756511982
2.1640000000000	-23.536097659716
2.1660000000000	-23.412422708222
2.1680000000000	-23.286083062703
2.1700000000000	-23.157412300261
2.1720000000000	-23.026725426974
2.1740000000000	-22.894318481668
2.1760000000000	-22.760468437305
2.1780000000000	-22.625433352440
2.1800000000000	-22.489452728014
2.1820000000000	-22.352748028390
2.1840000000000	-22.215523329734
2.1860000000000	-22.077966063155
2.1880000000000	-21.940247824421
2.1900000000000	-21.802525226219
2.1920000000000	-21.664940772879
2.1940000000000	-21.527623741024
2.1960000000000	-21.390691052831
2.1980000000000	-21.254248131396
2.2000000000000	-21.118389730105
2.2020000000000	-20.983200730051
2.2040000000000	-20.848756901201
2.2060000000000	-20.715125624559
2.2080000000000	-20.582366573674
2.2100000000000	-20.450532354859
2.2120000000000	-20.319669106211
2.2140000000000	-20.189817056119
2.2160000000000	-20.061011042401
2.2180000000000	-19.933280993520
2.2200000000000	-19.806652373571
2.2220000000000	-19.681146592897
2.2240000000000	-19.556781386234
2.2260000000000	-19.433571160377
2.2280000000000	-19.311527313320
2.2300000000000	-19.190658526793
2.2320000000000	-19.070971034094
2.2340000000000	-18.952468865001
2.2360000000000	-18.835154069496
2.2380000000000	-18.719026921945
2.2400000000000	-18.604086107248
2.2420000000000	-18.490328890443
2.2440000000000	-18.377751271077
2.2460000000000	-18.266348123632
2.2480000000000	-18.156113325153
2.2500000000000	-18.047039871183
2.2520000000000	-17.939119980978
2.2540000000000	-17.832345192944
2.2560000000000	-17.726706451146
2.2580000000000	-17.622194183649
2.2600000000000	-17.518798373431
2.2620000000000	-17.416508622511
2.2640000000000	-17.315314209895
2.2660000000000	-17.215204143899
2.2680000000000	-17.116167209339
2.2700000000000	-17.018192010063
2.2720000000000	-16.921267007231
2.2740000000000	-16.825380553740
2.2760000000000	-16.730520925130
2.2780000000000	-16.636676347310
2.2800000000000	-16.543835021369
2.2820000000000	-16.451985145761
2.2840000000000	-16.361114936098
2.2860000000000	-16.271212642759
2.2880000000000	-16.182266566540
2.2900000000000	-16.094265072507
2.2920000000000	-16.007196602223
2.2940000000000	-15.921049684514
2.2960000000000	-15.835812944893
2.2980000000000	-15.751475113778
2.3000000000000	-15.668025033623
2.3020000000000	-15.585451665046
2.3040000000000	-15.503744092082
2.3060000000000	-15.422891526609
2.3080000000000	-15.342883312060
2.3100000000000	-15.263708926464
2.3120000000000	-15.185357984906
2.3140000000000	-15.107820241441
2.3160000000000	-15.031085590540
2.3180000000000	-14.955144068093
2.3200000000000	-14.879985852036
2.3220000000000	-14.805601262621
2.3240000000000	-14.731980762390
2.3260000000000	-14.659114955855
2.3280000000000	-14.586994588952
2.3300000000000	-14.515610548259
2.3320000000000	-14.444953860037
2.3340000000000	-14.375015689086
2.3360000000000	-14.305787337462
2.3380000000000	-14.237260243057
2.3400000000000	-14.169425978070
2.3420000000000	-14.102276247376
2.3440000000000	-14.035802886810
2.3460000000000	-13.969997861379
2.3480000000000	-13.904853263422
2.3500000000000	-13.840361310702
2.3520000000000	-13.776514344477
2.3540000000000	-13.713304827525
2.3560000000000	-13.650725342146
2.3580000000000	-13.588768588155
2.3600000000000	-13.527427380850
2.3620000000000	-13.466694648982
2.3640000000000	-13.406563432723
2.3660000000000	-13.347026881634
2.3680000000000	-13.288078252639
2.3700000000000	-13.229710908017
2.3720000000000	-13.171918313395
2.3740000000000	-13.114694035770
2.3760000000000	-13.058031741539
2.3780000000000	-13.001925194560
2.3800000000000	-12.946368254226
2.3820000000000	-12.891354873567
2.3840000000000	-12.836879097381
2.3860000000000	-12.782935060388
2.3880000000000	-12.729516985414
2.3900000000000	-12.676619181598
2.3920000000000	-12.624236042638
2.3940000000000	-12.572362045061
2.3960000000000	-12.520991746524
2.3980000000000	-12.470119784144
2.4000000000000	-12.419740872866
2.4020000000000	-12.369849803853
2.4040000000000	-12.320441442915
2.4060000000000	-12.271510728963
2.4080000000000	-12.223052672502
2.4100000000000	-12.175062354144
2.4120000000000	-12.127534923162
2.4140000000000	-12.080465596070
2.4160000000000	-12.033849655233
2.4180000000000	-11.987682447509
2.4200000000000	-11.941959382920
2.4220000000000	-11.896675933353
2.4240000000000	-11.851827631286
2.4260000000000	-11.807410068549
2.4280000000000	-11.763418895111
2.4300000000000	-11.719849817890
2.4320000000000	-11.676698599595
2.4340000000000	-11.633961057599
2.4360000000000	-11.591633062824
2.4380000000000	-11.549710538671
2.4400000000000	-11.508189459958
2.4420000000000	-11.467065851896
2.4440000000000	-11.426335789079
2.4460000000000	-11.385995394507
2.4480000000000	-11.346040838628
2.4500000000000	-11.306468338401
2.4520000000000	-11.267274156386
2.4540000000000	-11.228454599852
2.4560000000000	-11.190006019912
2.4580000000000	-11.151924810673
2.4600000000000	-11.114207408410
2.4620000000000	-11.076850290758
2.4640000000000	-11.039849975928
2.4660000000000	-11.003203021936
2.4680000000000	-10.966906025859
2.4700000000000	-10.930955623099
2.4720000000000	-10.895348486674
2.4740000000000	-10.860081326520
2.4760000000000	-10.825150888819
2.4780000000000	-10.790553955330
2.4800000000000	-10.756287342751
2.4820000000000	-10.722347902083
2.4840000000000	-10.688732518024
2.4860000000000	-10.655438108364
2.4880000000000	-10.622461623404
2.4900000000000	-10.589800045389
2.4920000000000	-10.557450387947
2.4940000000000	-10.525409695552
2.4960000000000	-10.493675042991
2.4980000000000	-10.462243534856
2.5000000000000	-10.431112305032
2.5020000000000	-10.400278516214
2.5040000000000	-10.369739359422
2.5060000000000	-10.339492053541
2.5080000000000	-10.309533844859
2.5100000000000	-10.279862006627
2.5120000000000	-10.250473838624
2.5140000000000	-10.221366666732
2.5160000000000	-10.192537842526
2.5180000000000	-10.163984742871
2.5200000000000	-10.135704769527
2.5220000000000	-10.107695348764
2.5240000000000	-10.079953930992
2.5260000000000	-10.052477990393
2.5280000000000	-10.025265024561
2.5300000000000	-9.9983125541597
2.5320000000000	-9.9716181225769
2.5340000000000	-9.9451792955956
2.5360000000000	-9.9189936610684
2.5380000000000	-9.8930588286009
2.5400000000000	-9.8673724292425
2.5420000000000	-9.8419321151841
2.5440000000000	-9.8167355594631
2.5460000000000	-9.7917804556751
2.5480000000000	-9.7670645176920
2.5500000000000	-9.7425854793867
2.5520000000000	-9.7183410943644
2.5540000000000	-9.6943291356994
2.5560000000000	-9.6705473956782
2.5580000000000	-9.6469936855484
2.5600000000000	-9.6236658352727
2.5620000000000	-9.6005616932892
2.5640000000000	-9.5776791262763
2.5660000000000	-9.5550160189229
2.5680000000000	-9.5325702737038
2.5700000000000	-9.5103398106600
2.5720000000000	-9.4883225671833
2.5740000000000	-9.4665164978060
2.5760000000000	-9.4449195739949
2.5780000000000	-9.4235297839495
2.5800000000000	-9.4023451324048
2.5820000000000	-9.3813636404377
2.5840000000000	-9.3605833452778
2.5860000000000	-9.3400023001221
2.5880000000000	-9.3196185739531
2.5900000000000	-9.2994302513612
2.5920000000000	-9.2794354323698
2.5940000000000	-9.2596322322647
2.5960000000000	-9.2400187814266
2.5980000000000	-9.2205932251665
2.6000000000000	-9.2013537235650
2.6020000000000	-9.1822984513140
2.6040000000000	-9.1634255975619
2.6060000000000	-9.1447333657616
2.6080000000000	-9.1262199735212
2.6100000000000	-9.1078836524575
2.6120000000000	-9.0897226480527
2.6140000000000	-9.0717352195127
2.6160000000000	-9.0539196396291
2.6180000000000	-9.0362741946428
2.6200000000000	-9.0187971841102
2.6220000000000	-9.0014869207724
2.6240000000000	-8.9843417304258
2.6260000000000	-8.9673599517950
2.6280000000000	-8.9505399364087
2.6300000000000	-8.9338800484769
2.6320000000000	-8.9173786647700
2.6340000000000	-8.9010341745008
2.6360000000000	-8.8848449792076
2.6380000000000	-8.8688094926393
2.6400000000000	-8.8529261406429
2.6420000000000	-8.8371933610519
2.6440000000000	-8.8216096035772
2.6460000000000	-8.8061733296993
2.6480000000000	-8.7908830125622
2.6500000000000	-8.7757371368689
2.6520000000000	-8.7607341987786
2.6540000000000	-8.7458727058051
2.6560000000000	-8.7311511767169
2.6580000000000	-8.7165681414390
2.6600000000000	-8.7021221409556
2.6620000000000	-8.6878117272141
2.6640000000000	-8.6736354630314
2.6660000000000	-8.6595919220002
2.6680000000000	-8.6456796883973
2.6700000000000	-8.6318973570935
2.6720000000000	-8.6182435334635
2.6740000000000	-8.6047168332983
2.6760000000000	-8.5913158827179
2.6780000000000	-8.5780393180853
2.6800000000000	-8.5648857859219
2.6820000000000	-8.5518539428236
2.6840000000000	-8.5389424553782
2.6860000000000	-8.5261500000834
2.6880000000000	-8.5134752632666
2.6900000000000	-8.5009169410048
2.6920000000000	-8.4884737390462
2.6940000000000	-8.4761443727318
2.6960000000000	-8.4639275669193
2.6980000000000	-8.4518220559064
2.7000000000000	-8.4398265833559
2.7020000000000	-8.4279399022216
2.7040000000000	-8.4161607746746
2.7060000000000	-8.4044879720309
2.7080000000000	-8.3929202746797
2.7100000000000	-8.3814564720118
2.7120000000000	-8.3700953623501
2.7140000000000	-8.3588357528799
2.7160000000000	-8.3476764595800
2.7180000000000	-8.3366163071549
2.7200000000000	-8.3256541289674
2.7220000000000	-8.3147887669724
2.7240000000000	-8.3040190716507
2.7260000000000	-8.2933439019441
2.7280000000000	-8.2827621251907
2.7300000000000	-8.2722726170614
2.7320000000000	-8.2618742614963
2.7340000000000	-8.2515659506427
2.7360000000000	-8.2413465847930
2.7380000000000	-8.2312150723233
2.7400000000000	-8.2211703296331
2.7420000000000	-8.2112112810851
2.7440000000000	-8.2013368589459
2.7460000000000	-8.1915460033270
2.7480000000000	-8.1818376621268
2.7500000000000	-8.1722107909728
2.7520000000000	-8.1626643531646
2.7540000000000	-8.1531973196175
2.7560000000000	-8.1438086688063
2.7580000000000	-8.1344973867100
2.7600000000000	-8.1252624667573
2.7620000000000	-8.1161029097717
2.7640000000000	-8.1070177239183
2.7660000000000	-8.0980059246503
2.7680000000000	-8.0890665346562
2.7700000000000	-8.0801985838079
2.7720000000000	-8.0714011091088
2.7740000000000	-8.0626731546429
2.7760000000000	-8.0540137715240
2.7780000000000	-8.0454220178456
2.7800000000000	-8.0368969586312
2.7820000000000	-8.0284376657854
2.7840000000000	-8.0200432180451
2.7860000000000	-8.0117127009315
2.7880000000000	-8.0034452067023
2.7900000000000	-7.9952398343045
2.7920000000000	-7.9870956893281
2.7940000000000	-7.9790118839595
2.7960000000000	-7.9709875369360
2.7980000000000	-7.9630217735004
2.8000000000000	-7.9551137253566
2.8020000000000	-7.9472625306249
2.8040000000000	-7.9394673337984
2.8060000000000	-7.9317272856995
2.8080000000000	-7.9240415434373
2.8100000000000	-7.9164092703650
2.8120000000000	-7.9088296360379
2.8140000000000	-7.9013018161720
2.8160000000000	-7.8938249926029
2.8180000000000	-7.8863983532453
2.8200000000000	-7.8790210920530
2.8220000000000	-7.8716924089789
2.8240000000000	-7.8644115099362
2.8260000000000	-7.8571776067592
2.8280000000000	-7.8499899171657
2.8300000000000	-7.8428476647184
2.8320000000000	-7.8357500787880
2.8340000000000	-7.8286963945161
2.8360000000000	-7.8216858527787
2.8380000000000	-7.8147177001504
2.8400000000000	-7.8077911888683
2.8420000000000	-7.8009055767975
2.8440000000000	-7.7940601273960
2.8460000000000	-7.7872541096806
2.8480000000000	-7.7804867981930
2.8500000000000	-7.7737574729667
2.8520000000000	-7.7670654194938
2.8540000000000	-7.7604099286928
2.8560000000000	-7.7537902968765
2.8580000000000	-7.7472058257205
2.8600000000000	-7.7406558222318
2.8620000000000	-7.7341395987188
2.8640000000000	-7.7276564727603
2.8660000000000	-7.7212057671762
2.8680000000000	-7.7147868099982
2.8700000000000	-7.7083989344407
2.8720000000000	-7.7020414788724
2.8740000000000	-7.6957137867887
2.8760000000000	-7.6894152067834
2.8780000000000	-7.6831450925225
2.8800000000000	-7.6769028027169
2.8820000000000	-7.6706877010963
2.8840000000000	-7.6644991563838
2.8860000000000	-7.6583365422704
2.8880000000000	-7.6521992373899
2.8900000000000	-7.6460866252948
2.8920000000000	-7.6399980944324
2.8940000000000	-7.6339330381210
2.8960000000000	-7.6278908545269
2.8980000000000	-7.6218709466421
2.9000000000000	-7.6158727222618
2.9020000000000	-7.6098955939627
2.9040000000000	-7.6039389790818
2.9060000000000	-7.5980022996959
2.9080000000000	-7.5920849826008
2.9100000000000	-7.5861864592913
2.9120000000000	-7.5803061659423
2.9140000000000	-7.5744435433893
2.9160000000000	-7.5685980371102
2.9180000000000	-7.5627690972067
2.9200000000000	-7.5569561783872
2.9220000000000	-7.5511587399492
2.9240000000000	-7.5453762457630
2.9260000000000	-7.5396081642547
2.9280000000000	-7.5338539683911
2.9300000000000	-7.5281131356638
2.9320000000000	-7.5223851480747
2.9340000000000	-7.5166694921212
2.9360000000000	-7.5109656587821
2.9380000000000	-7.5052731435046
2.9400000000000	-7.4995914461906
2.9420000000000	-7.4939200711843
2.9440000000000	-7.4882585272601
2.9460000000000	-7.4826063276108
2.9480000000000	-7.4769629898361
2.9500000000000	-7.4713280359323
2.9520000000000	-7.4657009922815
2.9540000000000	-7.4600813896417
2.9560000000000	-7.4544687631380
2.9580000000000	-7.4488626522526
2.9600000000000	-7.4432626008173
2.9620000000000	-7.4376681570048
2.9640000000000	-7.4320788733213
2.9660000000000	-7.4264943065996
2.9680000000000	-7.4209140179920
2.9700000000000	-7.4153375729644
2.9720000000000	-7.4097645412907
2.9740000000000	-7.4041944970471
2.9760000000000	-7.3986270186075
2.9780000000000	-7.3930616886394
2.9800000000000	-7.3874980940995
2.9820000000000	-7.3819358262309
2.9840000000000	-7.3763744805595
2.9860000000000	-7.3708136568919
2.9880000000000	-7.3652529593135
2.9900000000000	-7.3596919961864
2.9920000000000	-7.3541303801489
2.9940000000000	-7.3485677281146
2.9960000000000	-7.3430036612720
2.9980000000000	-7.3374378050852
3.0000000000000	-7.3318697892945
3.0020000000000	-7.3262992479175
3.0040000000000	-7.3207258192510
3.0060000000000	-7.3151491458731
3.0080000000000	-7.3095688746457
3.0100000000000	-7.3039846567176
3.0120000000000	-7.2983961475283
3.0140000000000	-7.2928030068115
3.0160000000000	-7.2872048986001
3.0180000000000	-7.2816014912310
3.0200000000000	-7.2759924573502
3.0220000000000	-7.2703774739191
3.0240000000000	-7.2647562222203
3.0260000000000	-7.2591283878650
3.0280000000000	-7.2534936607998
3.0300000000000	-7.2478517353144
3.0320000000000	-7.2422023100501
3.0340000000000	-7.2365450880081
3.0360000000000	-7.2308797765586
3.0380000000000	-7.2252060874506
3.0400000000000	-7.2195237368216
3.0420000000000	-7.2138324452081
3.0440000000000	-7.2081319375568
3.0460000000000	-7.2024219432354
3.0480000000000	-7.1967021960448
3.0500000000000	-7.1909724342314
3.0520000000000	-7.1852324004995
3.0540000000000	-7.1794818420246
3.0560000000000	-7.1737205104672
3.0580000000000	-7.1679481619864
3.0600000000000	-7.1621645572549
3.0620000000000	-7.1563694614732
3.0640000000000	-7.1505626443860
3.0660000000000	-7.1447438802969
3.0680000000000	-7.1389129480854
3.0700000000000	-7.1330696312233
3.0720000000000	-7.1272137177917
3.0740000000000	-7.1213450004988
3.0760000000000	-7.1154632766975
3.0780000000000	-7.1095683484041
3.0800000000000	-7.1036600223170
3.0820000000000	-7.0977381098358
3.0840000000000	-7.0918024270809
3.0860000000000	-7.0858527949140
3.0880000000000	-7.0798890389579
3.0900000000000	-7.0739109896178
3.0920000000000	-7.0679184821023
3.0940000000000	-7.0619113564455
3.0960000000000	-7.0558894575284
3.0980000000000	-7.0498526351019
3.1000000000000	-7.0438007438094
3.1020000000000	-7.0377336432101
3.1040000000000	-7.0316511978024
3.1060000000000	-7.0255532770483
3.1080000000000	-7.0194397553971
3.1100000000000	-7.0133105123108
3.1120000000000	-7.0071654322888
3.1140000000000	-7.0010044048933
3.1160000000000	-6.9948273247751
3.1180000000000	-6.9886340916999
3.1200000000000	-6.9824246105748
3.1220000000000	-6.9761987914746
3.1240000000000	-6.9699565496695
3.1260000000000	-6.9636978056523
3.1280000000000	-6.9574224851661
3.1300000000000	-6.9511305192325
3.1320000000000	-6.9448218441799
3.1340000000000	-6.9384964016721
3.1360000000000	-6.9321541387377
3.1380000000000	-6.9257950077984
3.1400000000000	-6.9194189666997
3.1420000000000	-6.9130259787396
3.1440000000000	-6.9066160126993
3.1460000000000	-6.9001890428732
3.1480000000000	-6.8937450490996
3.1500000000000	-6.8872840167911
3.1520000000000	-6.8808059369662
3.1540000000000	-6.8743108062797
3.1560000000000	-6.8677986270546
3.1580000000000	-6.8612694073136
3.1600000000000	-6.8547231608108
3.1620000000000	-6.8481599070636
3.1640000000000	-6.8415796713849
3.1660000000000	-6.8349824849153
3.1680000000000	-6.8283683846553
3.1700000000000	-6.8217374134982
3.1720000000000	-6.8150896202623
3.1740000000000	-6.8084250597239
3.1760000000000	-6.8017437926501
3.1780000000000	-6.7950458858316
3.1800000000000	-6.7883314121158
3.1820000000000	-6.7816004504394
3.1840000000000	-6.7748530858621
3.1860000000000	-6.7680894095992
3.1880000000000	-6.7613095190549
3.1900000000000	-6.7545135178550
3.1920000000000	-6.7477015158806
3.1940000000000	-6.7408736293006
3.1960000000000	-6.7340299806046
3.1980000000000	-6.7271706986364
3.2000000000000	-6.7202959186259
