#
#"Frequency / GHz"	"S1,1 [Phase / deg]"
#--------------------------------------
1.2000000000000	147.07772712439
1.2020000000000	146.94909549711
1.2040000000000	146.82018676167
1.2060000000000	146.69100071773
1.2080000000000	146.56153716884
1.2100000000000	146.43179592248
1.2120000000000	146.30177679013
1.2140000000000	146.17147958735
1.2160000000000	146.04090413385
1.2180000000000	145.91005025355
1.2200000000000	145.77891777466
1.2220000000000	145.64750652974
1.2240000000000	145.51581635584
1.2260000000000	145.38384709448
1.2280000000000	145.25159859181
1.2300000000000	145.11907069867
1.2320000000000	144.98626327067
1.2340000000000	144.85317616826
1.2360000000000	144.71980925686
1.2380000000000	144.58616240691
1.2400000000000	144.45223549399
1.2420000000000	144.31802839891
1.2440000000000	144.18354100778
1.2460000000000	144.04877321216
1.2480000000000	143.91372490911
1.2500000000000	143.77839600132
1.2520000000000	143.64278639724
1.2540000000000	143.50689601114
1.2560000000000	143.37072476323
1.2580000000000	143.23427257982
1.2600000000000	143.09753939338
1.2620000000000	142.96052514269
1.2640000000000	142.82322977297
1.2660000000000	142.68565323597
1.2680000000000	142.54779549012
1.2700000000000	142.40965650067
1.2720000000000	142.27123623980
1.2740000000000	142.13253468677
1.2760000000000	141.99355182806
1.2780000000000	141.85428765752
1.2800000000000	141.71474217648
1.2820000000000	141.57491539394
1.2840000000000	141.43480732671
1.2860000000000	141.29441799957
1.2880000000000	141.15374744541
1.2900000000000	141.01279570540
1.2920000000000	140.87156282918
1.2940000000000	140.73004887502
1.2960000000000	140.58825390995
1.2980000000000	140.44617801002
1.3000000000000	140.30382126042
1.3020000000000	140.16118375566
1.3040000000000	140.01826559984
1.3060000000000	139.87506690673
1.3080000000000	139.73158780006
1.3100000000000	139.58782841369
1.3120000000000	139.44378889180
1.3140000000000	139.29946938914
1.3160000000000	139.15487007122
1.3180000000000	139.00999111452
1.3200000000000	138.86483270677
1.3220000000000	138.71939504710
1.3240000000000	138.57367834636
1.3260000000000	138.42768282729
1.3280000000000	138.28140872483
1.3300000000000	138.13485628630
1.3320000000000	137.98802577172
1.3340000000000	137.84091745404
1.3360000000000	137.69353161942
1.3380000000000	137.54586856749
1.3400000000000	137.39792861163
1.3420000000000	137.24971207927
1.3440000000000	137.10121931217
1.3460000000000	136.95245066671
1.3480000000000	136.80340651421
1.3500000000000	136.65408724121
1.3520000000000	136.50449324982
1.3540000000000	136.35462495801
1.3560000000000	136.20448279997
1.3580000000000	136.05406722641
1.3600000000000	135.90337870492
1.3620000000000	135.75241772031
1.3640000000000	135.60118477497
1.3660000000000	135.44968038925
1.3680000000000	135.29790510178
1.3700000000000	135.14585946989
1.3720000000000	134.99354406998
1.3740000000000	134.84095949790
1.3760000000000	134.68810636937
1.3780000000000	134.53498532035
1.3800000000000	134.38159700749
1.3820000000000	134.22794210854
1.3840000000000	134.07402132276
1.3860000000000	133.91983537140
1.3880000000000	133.76538499808
1.3900000000000	133.61067096932
1.3920000000000	133.45569407492
1.3940000000000	133.30045512851
1.3960000000000	133.14495496797
1.3980000000000	132.98919445594
1.4000000000000	132.83317448032
1.4020000000000	132.67689595476
1.4040000000000	132.52035981919
1.4060000000000	132.36356704031
1.4080000000000	132.20651861218
1.4100000000000	132.04921555670
1.4120000000000	131.89165892420
1.4140000000000	131.73384979395
1.4160000000000	131.57578927481
1.4180000000000	131.41747850572
1.4200000000000	131.25891865635
1.4220000000000	131.10011092766
1.4240000000000	130.94105655252
1.4260000000000	130.78175679634
1.4280000000000	130.62221295766
1.4300000000000	130.46242636883
1.4320000000000	130.30239839661
1.4340000000000	130.14213044286
1.4360000000000	129.98162394520
1.4380000000000	129.82088037767
1.4400000000000	129.65990125143
1.4420000000000	129.49868811544
1.4440000000000	129.33724255720
1.4460000000000	129.17556620341
1.4480000000000	129.01366072076
1.4500000000000	128.85152781661
1.4520000000000	128.68916923978
1.4540000000000	128.52658678126
1.4560000000000	128.36378227504
1.4580000000000	128.20075759883
1.4600000000000	128.03751467485
1.4620000000000	127.87405547069
1.4640000000000	127.71038200002
1.4660000000000	127.54649632350
1.4680000000000	127.38240054954
1.4700000000000	127.21809683516
1.4720000000000	127.05358738685
1.4740000000000	126.88887446140
1.4760000000000	126.72396036680
1.4780000000000	126.55884746306
1.4800000000000	126.39353816317
1.4820000000000	126.22803493391
1.4840000000000	126.06234029682
1.4860000000000	125.89645682908
1.4880000000000	125.73038716444
1.4900000000000	125.56413399412
1.4920000000000	125.39770006782
1.4940000000000	125.23108819456
1.4960000000000	125.06430124375
1.4980000000000	124.89734214605
1.5000000000000	124.73021389440
1.5020000000000	124.56291954498
1.5040000000000	124.39546221817
1.5060000000000	124.22784509960
1.5080000000000	124.06007144106
1.5100000000000	123.89214456159
1.5120000000000	123.72406784843
1.5140000000000	123.55584475804
1.5160000000000	123.38747881715
1.5180000000000	123.21897362375
1.5200000000000	123.05033284815
1.5220000000000	122.88156023395
1.5240000000000	122.71265959917
1.5260000000000	122.54363483719
1.5280000000000	122.37448991785
1.5300000000000	122.20522888848
1.5320000000000	122.03585587494
1.5340000000000	121.86637508266
1.5360000000000	121.69679079768
1.5380000000000	121.52710738771
1.5400000000000	121.35732930318
1.5420000000000	121.18746107825
1.5440000000000	121.01750733188
1.5460000000000	120.84747276885
1.5480000000000	120.67736218081
1.5500000000000	120.50718044729
1.5520000000000	120.33693253675
1.5540000000000	120.16662350756
1.5560000000000	119.99625850907
1.5580000000000	119.82584278257
1.5600000000000	119.65538166230
1.5620000000000	119.48488057645
1.5640000000000	119.31434504812
1.5660000000000	119.14378069633
1.5680000000000	118.97319323691
1.5700000000000	118.80258848352
1.5720000000000	118.63197234854
1.5740000000000	118.46135084397
1.5760000000000	118.29073008240
1.5780000000000	118.12011627783
1.5800000000000	117.94951574658
1.5820000000000	117.77893490811
1.5840000000000	117.60838028590
1.5860000000000	117.43785850820
1.5880000000000	117.26737630889
1.5900000000000	117.09694052819
1.5920000000000	116.92655811344
1.5940000000000	116.75623611980
1.5960000000000	116.58598171095
1.5980000000000	116.41580215978
1.6000000000000	116.24570484899
1.6020000000000	116.07569727175
1.6040000000000	115.90578703222
1.6060000000000	115.73598184616
1.6080000000000	115.56628954140
1.6100000000000	115.39671805833
1.6120000000000	115.22727545038
1.6140000000000	115.05796988440
1.6160000000000	114.88880964102
1.6180000000000	114.71980311503
1.6200000000000	114.55095881563
1.6220000000000	114.38228536673
1.6240000000000	114.21379150710
1.6260000000000	114.04548609061
1.6280000000000	113.87737808628
1.6300000000000	113.70947657843
1.6320000000000	113.54179076667
1.6340000000000	113.37432996589
1.6360000000000	113.20710360620
1.6380000000000	113.04012123283
1.6400000000000	112.87339250594
1.6420000000000	112.70692720043
1.6440000000000	112.54073520566
1.6460000000000	112.37482652512
1.6480000000000	112.20921127608
1.6500000000000	112.04389968915
1.6520000000000	111.87890210777
1.6540000000000	111.71422898772
1.6560000000000	111.54989089646
1.6580000000000	111.38589851255
1.6600000000000	111.22226262485
1.6620000000000	111.05899413184
1.6640000000000	110.89610404071
1.6660000000000	110.73360346653
1.6680000000000	110.57150363129
1.6700000000000	110.40981586288
1.6720000000000	110.24855159402
1.6740000000000	110.08772236119
1.6760000000000	109.92733980338
1.6780000000000	109.76741566092
1.6800000000000	109.60796177412
1.6820000000000	109.44899008197
1.6840000000000	109.29051262070
1.6860000000000	109.13254152235
1.6880000000000	108.97508901322
1.6900000000000	108.81816741229
1.6920000000000	108.66178912964
1.6940000000000	108.50596666476
1.6960000000000	108.35071260482
1.6980000000000	108.19603962289
1.7000000000000	108.04196047616
1.7020000000000	107.88848800404
1.7040000000000	107.73563512631
1.7060000000000	107.58341484113
1.7080000000000	107.43184022312
1.7100000000000	107.28092442130
1.7120000000000	107.13068065710
1.7140000000000	106.98112222224
1.7160000000000	106.83226247672
1.7180000000000	106.68411484663
1.7200000000000	106.53669282208
1.7220000000000	106.39000995501
1.7240000000000	106.24407985710
1.7260000000000	106.09891619759
1.7280000000000	105.95453270111
1.7300000000000	105.81094314558
1.7320000000000	105.66816136001
1.7340000000000	105.52620122245
1.7360000000000	105.38507665785
1.7380000000000	105.24480163598
1.7400000000000	105.10539016942
1.7420000000000	104.96685631153
1.7440000000000	104.82921415453
1.7460000000000	104.69247782756
1.7480000000000	104.55666149486
1.7500000000000	104.42177935398
1.7520000000000	104.28784563409
1.7540000000000	104.15487459435
1.7560000000000	104.02288052238
1.7580000000000	103.89187773285
1.7600000000000	103.76188056611
1.7620000000000	103.63290338700
1.7640000000000	103.50496058379
1.7660000000000	103.37806656719
1.7680000000000	103.25223576957
1.7700000000000	103.12748264428
1.7720000000000	103.00382166520
1.7740000000000	102.88126732637
1.7760000000000	102.75983414190
1.7780000000000	102.63953664601
1.7800000000000	102.52038939334
1.7820000000000	102.40240695938
1.7840000000000	102.28560394125
1.7860000000000	102.16999495863
1.7880000000000	102.05559465498
1.7900000000000	101.94241769905
1.7920000000000	101.83047878663
1.7940000000000	101.71979264261
1.7960000000000	101.61037402336
1.7980000000000	101.50223771941
1.8000000000000	101.39539855852
1.8020000000000	101.28987140897
1.8040000000000	101.18567118341
1.8060000000000	101.08281284289
1.8080000000000	100.98131140147
1.8100000000000	100.88118193107
1.8120000000000	100.78243956688
1.8140000000000	100.68509951315
1.8160000000000	100.58917704949
1.8180000000000	100.49468753756
1.8200000000000	100.40164642836
1.8220000000000	100.31006926998
1.8240000000000	100.21997171588
1.8260000000000	100.13136953378
1.8280000000000	100.04427861503
1.8300000000000	99.958714984656
1.8320000000000	99.874694811999
1.8340000000000	99.792234421958
1.8360000000000	99.711350306928
1.8380000000000	99.632059139400
1.8400000000000	99.554377785274
1.8420000000000	99.478323317890
1.8440000000000	99.403913032822
1.8460000000000	99.331164463441
1.8480000000000	99.260095397290
1.8500000000000	99.190723893290
1.8520000000000	99.123068299799
1.8540000000000	99.057147273574
1.8560000000000	98.992979799647
1.8580000000000	98.930585212147
1.8600000000000	98.869983216123
1.8620000000000	98.811193910372
1.8640000000000	98.754237811334
1.8660000000000	98.699135878070
1.8680000000000	98.645909538384
1.8700000000000	98.594580716106
1.8720000000000	98.545171859597
1.8740000000000	98.497705971515
1.8760000000000	98.452206639884
1.8780000000000	98.408698070522
1.8800000000000	98.367205120869
1.8820000000000	98.327753335286
1.8840000000000	98.290368981864
1.8860000000000	98.255079090814
1.8880000000000	98.221911494490
1.8900000000000	98.190894869123
1.8920000000000	98.162058778332
1.8940000000000	98.135433718471
1.8960000000000	98.111051165914
1.8980000000000	98.088943626335
1.9000000000000	98.069144686086
1.9020000000000	98.051689065754
1.9040000000000	98.036612675994
1.9060000000000	98.023952675741
1.9080000000000	98.013747532909
1.9100000000000	98.006037087683
1.9120000000000	98.000862618528
1.9140000000000	97.998266911041
1.9160000000000	97.998294329778
1.9180000000000	98.000990893195
1.9200000000000	98.006404351854
1.9220000000000	98.014584270054
1.9240000000000	98.025582111043
1.9260000000000	98.039451326007
1.9280000000000	98.056247446999
1.9300000000000	98.076028184026
1.9320000000000	98.098853526487
1.9340000000000	98.124785849201
1.9360000000000	98.153890023236
1.9380000000000	98.186233531813
1.9400000000000	98.221886591521
1.9420000000000	98.260922279141
1.9440000000000	98.303416664361
1.9460000000000	98.349448948697
1.9480000000000	98.399101610942
1.9500000000000	98.452460559495
1.9520000000000	98.509615291934
1.9540000000000	98.570659062215
1.9560000000000	98.635689055913
1.9580000000000	98.704806573924
1.9600000000000	98.778117225096
1.9620000000000	98.855731128242
1.9640000000000	98.937763124070
1.9660000000000	99.024332997529
1.9680000000000	99.115565711140
1.9700000000000	99.211591649897
1.9720000000000	99.312546878338
1.9740000000000	99.418573410432
1.9760000000000	99.529819492951
1.9780000000000	99.646439903016
1.9800000000000	99.768596260548
1.9820000000000	99.896457356368
1.9840000000000	100.03019949673
1.9860000000000	100.17000686511
1.9880000000000	100.31607190198
1.9900000000000	100.46859570361
1.9920000000000	100.62778844049
1.9940000000000	100.79386979650
1.9960000000000	100.96706942950
1.9980000000000	101.14762745429
2.0000000000000	101.33579494888
2.0020000000000	101.53183448462
2.0040000000000	101.73602068133
2.0060000000000	101.94864078782
2.0080000000000	102.16999528865
2.0100000000000	102.40039853757
2.0120000000000	102.64017941799
2.0140000000000	102.88968203083
2.0160000000000	103.14926640953
2.0180000000000	103.41930926216
2.0200000000000	103.70020473983
2.0220000000000	103.99236523058
2.0240000000000	104.29622217701
2.0260000000000	104.61222691588
2.0280000000000	104.94085153666
2.0300000000000	105.28258975560
2.0320000000000	105.63795780077
2.0340000000000	106.00749530238
2.0360000000000	106.39176618132
2.0380000000000	106.79135952757
2.0400000000000	107.20689045782
2.0420000000000	107.63900094019
2.0440000000000	108.08836057089
2.0460000000000	108.55566728541
2.0480000000000	109.04164798327
2.0500000000000	109.54705904197
2.0520000000000	110.07268669161
2.0540000000000	110.61934721693
2.0560000000000	111.18788694865
2.0580000000000	111.77918199973
2.0600000000000	112.39413769655
2.0620000000000	113.03368764738
2.0640000000000	113.69879238380
2.0660000000000	114.39043750240
2.0680000000000	115.10963122612
2.0700000000000	115.85740129659
2.0720000000000	116.63479110018
2.0740000000000	117.44285492374
2.0760000000000	118.28265222879
2.0780000000000	119.15524082882
2.0800000000000	120.06166885173
2.0820000000000	121.00296537083
2.0840000000000	121.98012959373
2.0860000000000	122.99411851020
2.0880000000000	124.04583291950
2.0900000000000	125.13610178584
2.0920000000000	126.26566490957
2.0940000000000	127.43515395281
2.0960000000000	128.64507192209
2.0980000000000	129.89577128893
2.1000000000000	131.18743102098
2.1020000000000	132.52003290032
2.1040000000000	133.89333761963
2.1060000000000	135.30686126599
2.1080000000000	136.75985291957
2.1100000000000	138.25127420316
2.1120000000000	139.77978170616
2.1140000000000	141.34371326353
2.1160000000000	142.94107908330
2.1180000000000	144.56955867409
2.1200000000000	146.22650441826
2.1220000000000	147.90895246171
2.1240000000000	149.61364134785
2.1260000000000	151.33703851876
2.1280000000000	153.07537445655
2.1300000000000	154.82468386184
2.1320000000000	156.58085289451
2.1340000000000	158.33967116128
2.1360000000000	160.09688685744
2.1380000000000	161.84826328017
2.1400000000000	163.58963484699
2.1420000000000	165.31696078353
2.1440000000000	167.02637478578
2.1460000000000	168.71422920143
2.1480000000000	170.37713258870
2.1500000000000	172.01197987213
2.1520000000000	173.61597469247
2.1540000000000	175.18664391309
2.1560000000000	176.72184457382
2.1580000000000	178.21976385657
2.1600000000000	179.67891283456
2.1620000000000	-178.90188508464
2.1640000000000	-177.52351004136
2.1660000000000	-176.18656493833
2.1680000000000	-174.89139703242
2.1700000000000	-173.63812102308
2.1720000000000	-172.42664285726
2.1740000000000	-171.25668358484
2.1760000000000	-170.12780271814
2.1780000000000	-169.03942066610
2.1800000000000	-167.99083992266
2.1820000000000	-166.98126478708
2.1840000000000	-166.00981947828
2.1860000000000	-165.07556457606
2.1880000000000	-164.17751177916
2.1900000000000	-163.31463701444
2.1920000000000	-162.48589196476
2.1940000000000	-161.69021410617
2.1960000000000	-160.92653536054
2.1980000000000	-160.19378947797
2.2000000000000	-159.49091826685
2.2020000000000	-158.81687678847
2.2040000000000	-158.17063762966
2.2060000000000	-157.55119436107
2.2080000000000	-156.95756428162
2.2100000000000	-156.38879054181
2.2120000000000	-155.84394373053
2.2140000000000	-155.32212300151
2.2160000000000	-154.82245680785
2.2180000000000	-154.34410330521
2.2200000000000	-153.88625047730
2.2220000000000	-153.44811603056
2.2240000000000	-153.02894709914
2.2260000000000	-152.62801979545
2.2280000000000	-152.24463863724
2.2300000000000	-151.87813587727
2.2320000000000	-151.52787075817
2.2340000000000	-151.19322871153
2.2360000000000	-150.87362051737
2.2380000000000	-150.56848143751
2.2400000000000	-150.27727033415
2.2420000000000	-149.99946878306
2.2440000000000	-149.73458018901
2.2460000000000	-149.48212890985
2.2480000000000	-149.24165939407
2.2500000000000	-149.01273533610
2.2520000000000	-148.79493885227
2.2540000000000	-148.58786967988
2.2560000000000	-148.39114440124
2.2580000000000	-148.20439569368
2.2600000000000	-148.02727160654
2.2620000000000	-147.85943486542
2.2640000000000	-147.70056220391
2.2660000000000	-147.55034372265
2.2680000000000	-147.40848227536
2.2700000000000	-147.27469288153
2.2720000000000	-147.14870216496
2.2740000000000	-147.03024781774
2.2760000000000	-146.91907808858
2.2780000000000	-146.81495129504
2.2800000000000	-146.71763535859
2.2820000000000	-146.62690736164
2.2840000000000	-146.54255312583
2.2860000000000	-146.46436681053
2.2880000000000	-146.39215053081
2.2900000000000	-146.32571399395
2.2920000000000	-146.26487415364
2.2940000000000	-146.20945488121
2.2960000000000	-146.15928665283
2.2980000000000	-146.11420625216
2.3000000000000	-146.07405648757
2.3020000000000	-146.03868592326
2.3040000000000	-146.00794862361
2.3060000000000	-145.98170391002
2.3080000000000	-145.95981612975
2.3100000000000	-145.94215443603
2.3120000000000	-145.92859257891
2.3140000000000	-145.91900870638
2.3160000000000	-145.91328517511
2.3180000000000	-145.91130837036
2.3200000000000	-145.91296853469
2.3220000000000	-145.91815960483
2.3240000000000	-145.92677905650
2.3260000000000	-145.93872775659
2.3280000000000	-145.95390982244
2.3300000000000	-145.97223248780
2.3320000000000	-145.99360597517
2.3340000000000	-146.01794337412
2.3360000000000	-146.04516052540
2.3380000000000	-146.07517591039
2.3400000000000	-146.10791054577
2.3420000000000	-146.14328788310
2.3440000000000	-146.18123371291
2.3460000000000	-146.22167607338
2.3480000000000	-146.26454516307
2.3500000000000	-146.30977325767
2.3520000000000	-146.35729463053
2.3540000000000	-146.40704547679
2.3560000000000	-146.45896384086
2.3580000000000	-146.51298954724
2.3600000000000	-146.56906413430
2.3620000000000	-146.62713079107
2.3640000000000	-146.68713429684
2.3660000000000	-146.74902096326
2.3680000000000	-146.81273857917
2.3700000000000	-146.87823635764
2.3720000000000	-146.94546488540
2.3740000000000	-147.01437607441
2.3760000000000	-147.08492311550
2.3780000000000	-147.15706043395
2.3800000000000	-147.23074364704
2.3820000000000	-147.30592952324
2.3840000000000	-147.38257594322
2.3860000000000	-147.46064186248
2.3880000000000	-147.54008727542
2.3900000000000	-147.62087318103
2.3920000000000	-147.70296154986
2.3940000000000	-147.78631529244
2.3960000000000	-147.87089822887
2.3980000000000	-147.95667505976
2.4000000000000	-148.04361133819
2.4020000000000	-148.13167344292
2.4040000000000	-148.22082855259
2.4060000000000	-148.31104462094
2.4080000000000	-148.40229035300
2.4100000000000	-148.49453518227
2.4120000000000	-148.58774924865
2.4140000000000	-148.68190337740
2.4160000000000	-148.77696905871
2.4180000000000	-148.87291842823
2.4200000000000	-148.96972424821
2.4220000000000	-149.06735988939
2.4240000000000	-149.16579931362
2.4260000000000	-149.26501705701
2.4280000000000	-149.36498821383
2.4300000000000	-149.46568842093
2.4320000000000	-149.56709384274
2.4340000000000	-149.66918115683
2.4360000000000	-149.77192753997
2.4380000000000	-149.87531065471
2.4400000000000	-149.97930863645
2.4420000000000	-150.08390008094
2.4440000000000	-150.18906403223
2.4460000000000	-150.29477997104
2.4480000000000	-150.40102780357
2.4500000000000	-150.50778785065
2.4520000000000	-150.61504083727
2.4540000000000	-150.72276788251
2.4560000000000	-150.83095048977
2.4580000000000	-150.93957053734
2.4600000000000	-151.04861026928
2.4620000000000	-151.15805228663
2.4640000000000	-151.26787953889
2.4660000000000	-151.37807531578
2.4680000000000	-151.48862323927
2.4700000000000	-151.59950725588
2.4720000000000	-151.71071162920
2.4740000000000	-151.82222093270
2.4760000000000	-151.93402004270
2.4780000000000	-152.04609413164
2.4800000000000	-152.15842866146
2.4820000000000	-152.27100937730
2.4840000000000	-152.38382230132
2.4860000000000	-152.49685372672
2.4880000000000	-152.61009021194
2.4900000000000	-152.72351857509
2.4920000000000	-152.83712588844
2.4940000000000	-152.95089947317
2.4960000000000	-153.06482689424
2.4980000000000	-153.17889595540
2.5000000000000	-153.29309469436
2.5020000000000	-153.40741137806
2.5040000000000	-153.52183449817
2.5060000000000	-153.63635276660
2.5080000000000	-153.75095511123
2.5100000000000	-153.86563067167
2.5120000000000	-153.98036879523
2.5140000000000	-154.09515903297
2.5160000000000	-154.20999113577
2.5180000000000	-154.32485505066
2.5200000000000	-154.43974091712
2.5220000000000	-154.55463906355
2.5240000000000	-154.66954000380
2.5260000000000	-154.78443443376
2.5280000000000	-154.89931322816
2.5300000000000	-155.01416743727
2.5320000000000	-155.12898828387
2.5340000000000	-155.24376716013
2.5360000000000	-155.35849562468
2.5380000000000	-155.47316539974
2.5400000000000	-155.58776836823
2.5420000000000	-155.70229657108
2.5440000000000	-155.81674220450
2.5460000000000	-155.93109761735
2.5480000000000	-156.04535530863
2.5500000000000	-156.15950792489
2.5520000000000	-156.27354825786
2.5540000000000	-156.38746924202
2.5560000000000	-156.50126395224
2.5580000000000	-156.61492560157
2.5600000000000	-156.72844753892
2.5620000000000	-156.84182324691
2.5640000000000	-156.95504633977
2.5660000000000	-157.06811056117
2.5680000000000	-157.18100978222
2.5700000000000	-157.29373799948
2.5720000000000	-157.40628933296
2.5740000000000	-157.51865802420
2.5760000000000	-157.63083843442
2.5780000000000	-157.74282504265
2.5800000000000	-157.85461244394
2.5820000000000	-157.96619534755
2.5840000000000	-158.07756857526
2.5860000000000	-158.18872705966
2.5880000000000	-158.29966584245
2.5900000000000	-158.41038007284
2.5920000000000	-158.52086500592
2.5940000000000	-158.63111600110
2.5960000000000	-158.74112852055
2.5980000000000	-158.85089812769
2.6000000000000	-158.96042048573
2.6020000000000	-159.06969135613
2.6040000000000	-159.17870659727
2.6060000000000	-159.28746216294
2.6080000000000	-159.39595410104
2.6100000000000	-159.50417855214
2.6120000000000	-159.61213174823
2.6140000000000	-159.71981001133
2.6160000000000	-159.82720975226
2.6180000000000	-159.93432746931
2.6200000000000	-160.04115974707
2.6220000000000	-160.14770325513
2.6240000000000	-160.25395474695
2.6260000000000	-160.35991105859
2.6280000000000	-160.46556910762
2.6300000000000	-160.57092589194
2.6320000000000	-160.67597848865
2.6340000000000	-160.78072405297
2.6360000000000	-160.88515981711
2.6380000000000	-160.98928308923
2.6400000000000	-161.09309125236
2.6420000000000	-161.19658176339
2.6440000000000	-161.29975215200
2.6460000000000	-161.40260001972
2.6480000000000	-161.50512303888
2.6500000000000	-161.60731895166
2.6520000000000	-161.70918556914
2.6540000000000	-161.81072077032
2.6560000000000	-161.91192250124
2.6580000000000	-162.01278877402
2.6600000000000	-162.11331766597
2.6620000000000	-162.21350731871
2.6640000000000	-162.31335593730
2.6660000000000	-162.41286178936
2.6680000000000	-162.51202320422
2.6700000000000	-162.61083857211
2.6720000000000	-162.70930634331
2.6740000000000	-162.80742502736
2.6760000000000	-162.90519319222
2.6780000000000	-163.00260946356
2.6800000000000	-163.09967252389
2.6820000000000	-163.19638111188
2.6840000000000	-163.29273402155
2.6860000000000	-163.38873010155
2.6880000000000	-163.48436825445
2.6900000000000	-163.57964743597
2.6920000000000	-163.67456665432
2.6940000000000	-163.76912496948
2.6960000000000	-163.86332149250
2.6980000000000	-163.95715538485
2.7000000000000	-164.05062585773
2.7020000000000	-164.14373217142
2.7040000000000	-164.23647363464
2.7060000000000	-164.32884960389
2.7080000000000	-164.42085948282
2.7100000000000	-164.51250272166
2.7120000000000	-164.60377881652
2.7140000000000	-164.69468730888
2.7160000000000	-164.78522778493
2.7180000000000	-164.87539987502
2.7200000000000	-164.96520325307
2.7220000000000	-165.05463763602
2.7240000000000	-165.14370278323
2.7260000000000	-165.23239849598
2.7280000000000	-165.32072461690
2.7300000000000	-165.40868102945
2.7320000000000	-165.49626765736
2.7340000000000	-165.58348446415
2.7360000000000	-165.67033145262
2.7380000000000	-165.75680866431
2.7400000000000	-165.84291617904
2.7420000000000	-165.92865411440
2.7440000000000	-166.01402262528
2.7460000000000	-166.09902190341
2.7480000000000	-166.18365217686
2.7500000000000	-166.26791370962
2.7520000000000	-166.35180680111
2.7540000000000	-166.43533178577
2.7560000000000	-166.51848903259
2.7580000000000	-166.60127894472
2.7600000000000	-166.68370195899
2.7620000000000	-166.76575854555
2.7640000000000	-166.84744920741
2.7660000000000	-166.92877448006
2.7680000000000	-167.00973493109
2.7700000000000	-167.09033115974
2.7720000000000	-167.17056379658
2.7740000000000	-167.25043350308
2.7760000000000	-167.32994097127
2.7780000000000	-167.40908692334
2.7800000000000	-167.48787211131
2.7820000000000	-167.56629731666
2.7840000000000	-167.64436334997
2.7860000000000	-167.72207105060
2.7880000000000	-167.79942128632
2.7900000000000	-167.87641495299
2.7920000000000	-167.95305297426
2.7940000000000	-168.02933630120
2.7960000000000	-168.10526591201
2.7980000000000	-168.18084281171
2.8000000000000	-168.25606803183
2.8020000000000	-168.33094263008
2.8040000000000	-168.40546769012
2.8060000000000	-168.47964432120
2.8080000000000	-168.55347365790
2.8100000000000	-168.62695685988
2.8120000000000	-168.70009511155
2.8140000000000	-168.77288962183
2.8160000000000	-168.84534162388
2.8180000000000	-168.91745237483
2.8200000000000	-168.98922315554
2.8220000000000	-169.06065527030
2.8240000000000	-169.13175004667
2.8260000000000	-169.20250883513
2.8280000000000	-169.27293300892
2.8300000000000	-169.34302396378
2.8320000000000	-169.41278311771
2.8340000000000	-169.48221191073
2.8360000000000	-169.55131180472
2.8380000000000	-169.62008428312
2.8400000000000	-169.68853085077
2.8420000000000	-169.75665303369
2.8440000000000	-169.82445237885
2.8460000000000	-169.89193045401
2.8480000000000	-169.95908884748
2.8500000000000	-170.02592916794
2.8520000000000	-170.09245304426
2.8540000000000	-170.15866212530
2.8560000000000	-170.22455807972
2.8580000000000	-170.29014259583
2.8600000000000	-170.35541738138
2.8620000000000	-170.42038416339
2.8640000000000	-170.48504468800
2.8660000000000	-170.54940072031
2.8680000000000	-170.61345404416
2.8700000000000	-170.67720646205
2.8720000000000	-170.74065979491
2.8740000000000	-170.80381588202
2.8760000000000	-170.86667658078
2.8780000000000	-170.92924376662
2.8800000000000	-170.99151933285
2.8820000000000	-171.05350519048
2.8840000000000	-171.11520326813
2.8860000000000	-171.17661551188
2.8880000000000	-171.23774388510
2.8900000000000	-171.29859036838
2.8920000000000	-171.35915695937
2.8940000000000	-171.41944567264
2.8960000000000	-171.47945853961
2.8980000000000	-171.53919760836
2.9000000000000	-171.59866494359
2.9020000000000	-171.65786262644
2.9040000000000	-171.71679275443
2.9060000000000	-171.77545744130
2.9080000000000	-171.83385881695
2.9100000000000	-171.89199902731
2.9120000000000	-171.94988023425
2.9140000000000	-172.00750461546
2.9160000000000	-172.06487436436
2.9180000000000	-172.12199169005
2.9200000000000	-172.17885881711
2.9220000000000	-172.23547798564
2.9240000000000	-172.29185145106
2.9260000000000	-172.34798148408
2.9280000000000	-172.40387037059
2.9300000000000	-172.45952041162
2.9320000000000	-172.51493392317
2.9340000000000	-172.57011323623
2.9360000000000	-172.62506069663
2.9380000000000	-172.67977866498
2.9400000000000	-172.73426951664
2.9420000000000	-172.78853564156
2.9440000000000	-172.84257944428
2.9460000000000	-172.89640334384
2.9480000000000	-172.95000977367
2.9500000000000	-173.00340118160
2.9520000000000	-173.05658002972
2.9540000000000	-173.10954879435
2.9560000000000	-173.16230996597
2.9580000000000	-173.21486604915
2.9600000000000	-173.26721956250
2.9620000000000	-173.31937303861
2.9640000000000	-173.37132902396
2.9660000000000	-173.42309007891
2.9680000000000	-173.47465877759
2.9700000000000	-173.52603770789
2.9720000000000	-173.57722947138
2.9740000000000	-173.62823668324
2.9760000000000	-173.67906197225
2.9780000000000	-173.72970798068
2.9800000000000	-173.78017736429
2.9820000000000	-173.83047279224
2.9840000000000	-173.88059694705
2.9860000000000	-173.93055252457
2.9880000000000	-173.98034223388
2.9900000000000	-174.02996879729
2.9920000000000	-174.07943495026
2.9940000000000	-174.12874344136
2.9960000000000	-174.17789703223
2.9980000000000	-174.22689849750
3.0000000000000	-174.27575062479
3.0020000000000	-174.32445621459
3.0040000000000	-174.37301808031
3.0060000000000	-174.42143904812
3.0080000000000	-174.46972195699
3.0100000000000	-174.51786965861
3.0120000000000	-174.56588501731
3.0140000000000	-174.61377091007
3.0160000000000	-174.66153022643
3.0180000000000	-174.70916586845
3.0200000000000	-174.75668075067
3.0220000000000	-174.80407780002
3.0240000000000	-174.85135995585
3.0260000000000	-174.89853016980
3.0280000000000	-174.94559140577
3.0300000000000	-174.99254663991
3.0320000000000	-175.03939886049
3.0340000000000	-175.08615106794
3.0360000000000	-175.13280627471
3.0380000000000	-175.17936750526
3.0400000000000	-175.22583779599
3.0420000000000	-175.27222019521
3.0440000000000	-175.31851776305
3.0460000000000	-175.36473357140
3.0480000000000	-175.41087070387
3.0500000000000	-175.45693225575
3.0520000000000	-175.50292133387
3.0540000000000	-175.54884105663
3.0560000000000	-175.59469455387
3.0580000000000	-175.64048496685
3.0600000000000	-175.68621544812
3.0620000000000	-175.73188916153
3.0640000000000	-175.77750928211
3.0660000000000	-175.82307899600
3.0680000000000	-175.86860150038
3.0700000000000	-175.91408000343
3.0720000000000	-175.95951772420
3.0740000000000	-176.00491789256
3.0760000000000	-176.05028374911
3.0780000000000	-176.09561854512
3.0800000000000	-176.14092554240
3.0820000000000	-176.18620801325
3.0840000000000	-176.23146924039
3.0860000000000	-176.27671251679
3.0880000000000	-176.32194114568
3.0900000000000	-176.36715844036
3.0920000000000	-176.41236772416
3.0940000000000	-176.45757233033
3.0960000000000	-176.50277560193
3.0980000000000	-176.54798089170
3.1000000000000	-176.59319156202
3.1020000000000	-176.63841098471
3.1040000000000	-176.68364254100
3.1060000000000	-176.72888962135
3.1080000000000	-176.77415562537
3.1100000000000	-176.81944396168
3.1120000000000	-176.86475804777
3.1140000000000	-176.91010130993
3.1160000000000	-176.95547718303
3.1180000000000	-177.00088911047
3.1200000000000	-177.04634054398
3.1220000000000	-177.09183494351
3.1240000000000	-177.13737577707
3.1260000000000	-177.18296652059
3.1280000000000	-177.22861065777
3.1300000000000	-177.27431167990
3.1320000000000	-177.32007308575
3.1340000000000	-177.36589838134
3.1360000000000	-177.41179107982
3.1380000000000	-177.45775470128
3.1400000000000	-177.50379277258
3.1420000000000	-177.54990882717
3.1440000000000	-177.59610640490
3.1460000000000	-177.64238905183
3.1480000000000	-177.68876032006
3.1500000000000	-177.73522376748
3.1520000000000	-177.78178295764
3.1540000000000	-177.82844145947
3.1560000000000	-177.87520284713
3.1580000000000	-177.92207069976
3.1600000000000	-177.96904860127
3.1620000000000	-178.01614014010
3.1640000000000	-178.06334890902
3.1660000000000	-178.11067850486
3.1680000000000	-178.15813252829
3.1700000000000	-178.20571458356
3.1720000000000	-178.25342827828
3.1740000000000	-178.30127722312
3.1760000000000	-178.34926503158
3.1780000000000	-178.39739531970
3.1800000000000	-178.44567170582
3.1820000000000	-178.49409781024
3.1840000000000	-178.54267725502
3.1860000000000	-178.59141366362
3.1880000000000	-178.64031066064
3.1900000000000	-178.68937187149
3.1920000000000	-178.73860092212
3.1940000000000	-178.78800143867
3.1960000000000	-178.83757704718
3.1980000000000	-178.88733137324
3.2000000000000	-178.93726804166
#
#"Frequency / GHz"	"S2,1 [Phase / deg]"
#--------------------------------------
1.2000000000000	-67.019216998516
1.2020000000000	-67.016635749123
1.2040000000000	-67.013715286149
1.2060000000000	-67.010458260453
1.2080000000000	-67.006867426227
1.2100000000000	-67.002945642302
1.2120000000000	-66.998695873433
1.2140000000000	-66.994121191581
1.2160000000000	-66.989224777174
1.2180000000000	-66.984009920368
1.2200000000000	-66.978480022278
1.2220000000000	-66.972638596205
1.2240000000000	-66.966489268846
1.2260000000000	-66.960035781476
1.2280000000000	-66.953281991128
1.2300000000000	-66.946231871739
1.2320000000000	-66.938889515284
1.2340000000000	-66.931259132882
1.2360000000000	-66.923345055884
1.2380000000000	-66.915151736936
1.2400000000000	-66.906683751012
1.2420000000000	-66.897945796427
1.2440000000000	-66.888942695814
1.2460000000000	-66.879679397085
1.2480000000000	-66.870160974345
1.2500000000000	-66.860392628789
1.2520000000000	-66.850379689558
1.2540000000000	-66.840127614563
1.2560000000000	-66.829641991276
1.2580000000000	-66.818928537481
1.2600000000000	-66.807993101990
1.2620000000000	-66.796841665319
1.2640000000000	-66.785480340323
1.2660000000000	-66.773915372789
1.2680000000000	-66.762153141992
1.2700000000000	-66.750200161197
1.2720000000000	-66.738063078123
1.2740000000000	-66.725748675362
1.2760000000000	-66.713263870741
1.2780000000000	-66.700615717645
1.2800000000000	-66.687811405286
1.2820000000000	-66.674858258918
1.2840000000000	-66.661763740003
1.2860000000000	-66.648535446325
1.2880000000000	-66.635181112043
1.2900000000000	-66.621708607692
1.2920000000000	-66.608125940130
1.2940000000000	-66.594441252421
1.2960000000000	-66.580662823660
1.2980000000000	-66.566799068743
1.3000000000000	-66.552858538073
1.3020000000000	-66.538849917196
1.3040000000000	-66.524782026391
1.3060000000000	-66.510663820178
1.3080000000000	-66.496504386777
1.3100000000000	-66.482312947489
1.3120000000000	-66.468098856018
1.3140000000000	-66.453871597723
1.3160000000000	-66.439640788805
1.3180000000000	-66.425416175423
1.3200000000000	-66.411207632742
1.3220000000000	-66.397025163910
1.3240000000000	-66.382878898972
1.3260000000000	-66.368779093702
1.3280000000000	-66.354736128372
1.3300000000000	-66.340760506454
1.3320000000000	-66.326862853237
1.3340000000000	-66.313053914386
1.3360000000000	-66.299344554422
1.3380000000000	-66.285745755133
1.3400000000000	-66.272268613910
1.3420000000000	-66.258924342017
1.3440000000000	-66.245724262782
1.3460000000000	-66.232679809721
1.3480000000000	-66.219802524592
1.3500000000000	-66.207104055372
1.3520000000000	-66.194596154170
1.3540000000000	-66.182290675066
1.3560000000000	-66.170199571879
1.3580000000000	-66.158334895869
1.3600000000000	-66.146708793371
1.3620000000000	-66.135333503355
1.3640000000000	-66.124221354925
1.3660000000000	-66.113384764752
1.3680000000000	-66.102836234434
1.3700000000000	-66.092588347800
1.3720000000000	-66.082653768149
1.3740000000000	-66.073045235421
1.3760000000000	-66.063775563314
1.3780000000000	-66.054857636334
1.3800000000000	-66.046304406797
1.3820000000000	-66.038128891760
1.3840000000000	-66.030344169906
1.3860000000000	-66.022963378376
1.3880000000000	-66.015999709535
1.3900000000000	-66.009466407706
1.3920000000000	-66.003376765837
1.3940000000000	-65.997744122131
1.3960000000000	-65.992581856626
1.3980000000000	-65.987903387734
1.4000000000000	-65.983722168729
1.4020000000000	-65.980051684207
1.4040000000000	-65.976905446499
1.4060000000000	-65.974296992050
1.4080000000000	-65.972239877766
1.4100000000000	-65.970747677323
1.4120000000000	-65.969833977453
1.4140000000000	-65.969512374196
1.4160000000000	-65.969796469134
1.4180000000000	-65.970699865591
1.4200000000000	-65.972236164820
1.4220000000000	-65.974418962173
1.4240000000000	-65.977261843244
1.4260000000000	-65.980778380007
1.4280000000000	-65.984982126941
1.4300000000000	-65.989886617144
1.4320000000000	-65.995505358435
1.4340000000000	-66.001851829466
1.4360000000000	-66.008939475811
1.4380000000000	-66.016781706077
1.4400000000000	-66.025391887998
1.4420000000000	-66.034783344551
1.4440000000000	-66.044969350065
1.4460000000000	-66.055963126348
1.4480000000000	-66.067777838827
1.4500000000000	-66.080426592695
1.4520000000000	-66.093922429083
1.4540000000000	-66.108278321246
1.4560000000000	-66.123507170773
1.4580000000000	-66.139621803819
1.4600000000000	-66.156634967365
1.4620000000000	-66.174559325504
1.4640000000000	-66.193407455757
1.4660000000000	-66.213191845426
1.4680000000000	-66.233924887977
1.4700000000000	-66.255618879461
1.4720000000000	-66.278286014974
1.4740000000000	-66.301938385158
1.4760000000000	-66.326587972744
1.4780000000000	-66.352246649142
1.4800000000000	-66.378926171072
1.4820000000000	-66.406638177250
1.4840000000000	-66.435394185118
1.4860000000000	-66.465205587631
1.4880000000000	-66.496083650094
1.4900000000000	-66.528039507051
1.4920000000000	-66.561084159239
1.4940000000000	-66.595228470592
1.4960000000000	-66.630483165309
1.4980000000000	-66.666858824978
1.5000000000000	-66.704365885767
1.5020000000000	-66.743014635677
1.5040000000000	-66.782815211853
1.5060000000000	-66.823777597972
1.5080000000000	-66.865911621687
1.5100000000000	-66.909226952143
1.5120000000000	-66.953733097563
1.5140000000000	-66.999439402897
1.5160000000000	-67.046355047548
1.5180000000000	-67.094489043166
1.5200000000000	-67.143850231511
1.5220000000000	-67.194447282389
1.5240000000000	-67.246288691666
1.5260000000000	-67.299382779344
1.5280000000000	-67.353737687723
1.5300000000000	-67.409361379626
1.5320000000000	-67.466261636703
1.5340000000000	-67.524446057810
1.5360000000000	-67.583922057462
1.5380000000000	-67.644696864355
1.5400000000000	-67.706777519974
1.5420000000000	-67.770170877262
1.5440000000000	-67.834883599375
1.5460000000000	-67.900922158506
1.5480000000000	-67.968292834784
1.5500000000000	-68.037001715246
1.5520000000000	-68.107054692888
1.5540000000000	-68.178457465783
1.5560000000000	-68.251215536275
1.5580000000000	-68.325334210250
1.5600000000000	-68.400818596471
1.5620000000000	-68.477673605995
1.5640000000000	-68.555903951651
1.5660000000000	-68.635514147599
1.5680000000000	-68.716508508953
1.5700000000000	-68.798891151475
1.5720000000000	-68.882665991341
1.5740000000000	-68.967836744972
1.5760000000000	-69.054406928936
1.5780000000000	-69.142379859913
1.5800000000000	-69.231758654729
1.5820000000000	-69.322546230461
1.5840000000000	-69.414745304592
1.5860000000000	-69.508358395246
1.5880000000000	-69.603387821477
1.5900000000000	-69.699835703622
1.5920000000000	-69.797703963715
1.5940000000000	-69.896994325965
1.5960000000000	-69.997708317286
1.5980000000000	-70.099847267894
1.6000000000000	-70.203412311954
1.6020000000000	-70.308404388291
1.6040000000000	-70.414824241150
1.6060000000000	-70.522672421012
1.6080000000000	-70.631949285470
1.6100000000000	-70.742655000148
1.6120000000000	-70.854789539677
1.6140000000000	-70.968352688724
1.6160000000000	-71.083344043062
1.6180000000000	-71.199763010697
1.6200000000000	-71.317608813038
1.6220000000000	-71.436880486119
1.6240000000000	-71.557576881852
1.6260000000000	-71.679696669347
1.6280000000000	-71.803238336252
1.6300000000000	-71.928200190153
1.6320000000000	-72.054580360004
1.6340000000000	-72.182376797603
1.6360000000000	-72.311587279107
1.6380000000000	-72.442209406580
1.6400000000000	-72.574240609585
1.6420000000000	-72.707678146807
1.6440000000000	-72.842519107714
1.6460000000000	-72.978760414249
1.6480000000000	-73.116398822558
1.6500000000000	-73.255430924749
1.6520000000000	-73.395853150681
1.6540000000000	-73.537661769783
1.6560000000000	-73.680852892904
1.6580000000000	-73.825422474190
1.6600000000000	-73.971366312984
1.6620000000000	-74.118680055760
1.6640000000000	-74.267359198075
1.6660000000000	-74.417399086549
1.6680000000000	-74.568794920866
1.6700000000000	-74.721541755799
1.6720000000000	-74.875634503251
1.6740000000000	-75.031067934329
1.6760000000000	-75.187836681419
1.6780000000000	-75.345935240298
1.6800000000000	-75.505357972248
1.6820000000000	-75.666099106197
1.6840000000000	-75.828152740871
1.6860000000000	-75.991512846961
1.6880000000000	-76.156173269309
1.6900000000000	-76.322127729095
1.6920000000000	-76.489369826051
1.6940000000000	-76.657893040676
1.6960000000000	-76.827690736464
1.6980000000000	-76.998756162144
1.7000000000000	-77.171082453925
1.7020000000000	-77.344662637752
1.7040000000000	-77.519489631566
1.7060000000000	-77.695556247574
1.7080000000000	-77.872855194519
1.7100000000000	-78.051379079962
1.7120000000000	-78.231120412558
1.7140000000000	-78.412071604345
1.7160000000000	-78.594224973028
1.7180000000000	-78.777572744267
1.7200000000000	-78.962107053964
1.7220000000000	-79.147819950554
1.7240000000000	-79.334703397290
1.7260000000000	-79.522749274526
1.7280000000000	-79.711949382006
1.7300000000000	-79.902295441133
1.7320000000000	-80.093779097256
1.7340000000000	-80.286391921930
1.7360000000000	-80.480125415187
1.7380000000000	-80.674971007793
1.7400000000000	-80.870920063499
1.7420000000000	-81.067963881284
1.7440000000000	-81.266093697591
1.7460000000000	-81.465300688557
1.7480000000000	-81.665575972221
1.7500000000000	-81.866910610740
1.7520000000000	-82.069295612576
1.7540000000000	-82.272721934681
1.7560000000000	-82.477180484671
1.7580000000000	-82.682662122978
1.7600000000000	-82.889157664998
1.7620000000000	-83.096657883216
1.7640000000000	-83.305153509325
1.7660000000000	-83.514635236318
1.7680000000000	-83.725093720576
1.7700000000000	-83.936519583929
1.7720000000000	-84.148903415707
1.7740000000000	-84.362235774767
1.7760000000000	-84.576507191505
1.7780000000000	-84.791708169847
1.7800000000000	-85.007829189223
1.7820000000000	-85.224860706518
1.7840000000000	-85.442793158003
1.7860000000000	-85.661616961244
1.7880000000000	-85.881322516990
1.7900000000000	-86.101900211041
1.7920000000000	-86.323340416088
1.7940000000000	-86.545633493534
1.7960000000000	-86.768769795290
1.7980000000000	-86.992739665547
1.8000000000000	-87.217533442524
1.8020000000000	-87.443141460186
1.8040000000000	-87.669554049947
1.8060000000000	-87.896761542339
1.8080000000000	-88.124754268653
1.8100000000000	-88.353522562565
1.8120000000000	-88.583056761720
1.8140000000000	-88.813347209304
1.8160000000000	-89.044384255573
1.8180000000000	-89.276158259369
1.8200000000000	-89.508659589599
1.8220000000000	-89.741878626686
1.8240000000000	-89.975805763995
1.8260000000000	-90.210431409228
1.8280000000000	-90.445745985790
1.8300000000000	-90.681739934127
1.8320000000000	-90.918403713033
1.8340000000000	-91.155727800925
1.8360000000000	-91.393702697096
1.8380000000000	-91.632318922931
1.8400000000000	-91.871567023092
1.8420000000000	-92.111437566683
1.8440000000000	-92.351921148368
1.8460000000000	-92.593008389476
1.8480000000000	-92.834689939063
1.8500000000000	-93.076956474951
1.8520000000000	-93.319798704732
1.8540000000000	-93.563207366740
1.8560000000000	-93.807173231004
1.8580000000000	-94.051687100151
1.8600000000000	-94.296739810298
1.8620000000000	-94.542322231900
1.8640000000000	-94.788425270575
1.8660000000000	-95.035039867893
1.8680000000000	-95.282157002140
1.8700000000000	-95.529767689051
1.8720000000000	-95.777862982508
1.8740000000000	-96.026433975214
1.8760000000000	-96.275471799336
1.8780000000000	-96.524967627112
1.8800000000000	-96.774912671441
1.8820000000000	-97.025298186434
1.8840000000000	-97.276115467934
1.8860000000000	-97.527355854021
1.8880000000000	-97.779010725473
1.8900000000000	-98.031071506204
1.8920000000000	-98.283529663682
1.8940000000000	-98.536376709306
1.8960000000000	-98.789604198765
1.8980000000000	-99.043203732365
1.9000000000000	-99.297166955332
1.9020000000000	-99.551485558087
1.9040000000000	-99.806151276495
1.9060000000000	-100.06115589209
1.9080000000000	-100.31649123227
1.9100000000000	-100.57214917046
1.9120000000000	-100.82812162630
1.9140000000000	-101.08440056571
1.9160000000000	-101.34097800104
1.9180000000000	-101.59784599110
1.9200000000000	-101.85499664126
1.9220000000000	-102.11242210346
1.9240000000000	-102.37011457620
1.9260000000000	-102.62806630455
1.9280000000000	-102.88626958012
1.9300000000000	-103.14471674097
1.9320000000000	-103.40340017156
1.9340000000000	-103.66231230266
1.9360000000000	-103.92144561122
1.9380000000000	-104.18079262023
1.9400000000000	-104.44034589857
1.9420000000000	-104.70009806085
1.9440000000000	-104.96004176722
1.9460000000000	-105.22016972314
1.9480000000000	-105.48047467918
1.9500000000000	-105.74094943079
1.9520000000000	-106.00158681801
1.9540000000000	-106.26237972525
1.9560000000000	-106.52332108094
1.9580000000000	-106.78440385730
1.9600000000000	-107.04562107001
1.9620000000000	-107.30696577785
1.9640000000000	-107.56843108240
1.9660000000000	-107.83001012771
1.9680000000000	-108.09169609988
1.9700000000000	-108.35348222674
1.9720000000000	-108.61536177746
1.9740000000000	-108.87732806215
1.9760000000000	-109.13937443148
1.9780000000000	-109.40149427625
1.9800000000000	-109.66368102699
1.9820000000000	-109.92592815353
1.9840000000000	-110.18822916459
1.9860000000000	-110.45057760732
1.9880000000000	-110.71296706686
1.9900000000000	-110.97539116592
1.9920000000000	-111.23784356428
1.9940000000000	-111.50031795840
1.9960000000000	-111.76280808090
1.9980000000000	-112.02530770013
2.0000000000000	-112.28781061968
2.0020000000000	-112.55031067794
2.0040000000000	-112.81280174763
2.0060000000000	-113.07527773530
2.0080000000000	-113.33773258087
2.0100000000000	-113.60016025718
2.0120000000000	-113.86255476949
2.0140000000000	-114.12491015503
2.0160000000000	-114.38722048253
2.0180000000000	-114.64947985172
2.0200000000000	-114.91168239291
2.0220000000000	-115.17382226650
2.0240000000000	-115.43589366253
2.0260000000000	-115.69789080023
2.0280000000000	-115.95980792753
2.0300000000000	-116.22163932066
2.0320000000000	-116.48337928371
2.0340000000000	-116.74502214813
2.0360000000000	-117.00656227237
2.0380000000000	-117.26799404141
2.0400000000000	-117.52931186636
2.0420000000000	-117.79051018404
2.0440000000000	-118.05158345659
2.0460000000000	-118.31252617104
2.0480000000000	-118.57333283897
2.0500000000000	-118.83399799607
2.0520000000000	-119.09451620183
2.0540000000000	-119.35488203912
2.0560000000000	-119.61509011389
2.0580000000000	-119.87513505479
2.0600000000000	-120.13501151284
2.0620000000000	-120.39471416112
2.0640000000000	-120.65423769446
2.0660000000000	-120.91357682913
2.0680000000000	-121.17272630253
2.0700000000000	-121.43168087297
2.0720000000000	-121.69043531934
2.0740000000000	-121.94898444089
2.0760000000000	-122.20732305698
2.0780000000000	-122.46544600686
2.0800000000000	-122.72334814943
2.0820000000000	-122.98102436307
2.0840000000000	-123.23846954540
2.0860000000000	-123.49567861318
2.0880000000000	-123.75264650204
2.0900000000000	-124.00936816645
2.0920000000000	-124.26583857949
2.0940000000000	-124.52205273276
2.0960000000000	-124.77800563630
2.0980000000000	-125.03369231844
2.1000000000000	-125.28910782579
2.1020000000000	-125.54424722310
2.1040000000000	-125.79910559328
2.1060000000000	-126.05367803732
2.1080000000000	-126.30795967429
2.1100000000000	-126.56194564132
2.1120000000000	-126.81563109364
2.1140000000000	-127.06901120455
2.1160000000000	-127.32208116553
2.1180000000000	-127.57483618624
2.1200000000000	-127.82727149462
2.1220000000000	-128.07938233695
2.1240000000000	-128.33116397796
2.1260000000000	-128.58261170099
2.1280000000000	-128.83372080802
2.1300000000000	-129.08448661993
2.1320000000000	-129.33490447657
2.1340000000000	-129.58496973698
2.1360000000000	-129.83467777957
2.1380000000000	-130.08402400234
2.1400000000000	-130.33300382305
2.1420000000000	-130.58161267952
2.1440000000000	-130.82984602982
2.1460000000000	-131.07769935257
2.1480000000000	-131.32516814720
2.1500000000000	-131.57224793425
2.1520000000000	-131.81893425566
2.1540000000000	-132.06522267510
2.1560000000000	-132.31110877830
2.1580000000000	-132.55658817338
2.1600000000000	-132.80165649123
2.1620000000000	-133.04630938588
2.1640000000000	-133.29054253485
2.1660000000000	-133.53435163959
2.1680000000000	-133.77773242586
2.1700000000000	-134.02068064418
2.1720000000000	-134.26319207019
2.1740000000000	-134.50526250521
2.1760000000000	-134.74688777657
2.1780000000000	-134.98806373818
2.1800000000000	-135.22878627095
2.1820000000000	-135.46905128326
2.1840000000000	-135.70885471153
2.1860000000000	-135.94819252065
2.1880000000000	-136.18706070456
2.1900000000000	-136.42545528671
2.1920000000000	-136.66337232067
2.1940000000000	-136.90080789059
2.1960000000000	-137.13775811184
2.1980000000000	-137.37421913149
2.2000000000000	-137.61018712892
2.2020000000000	-137.84565831640
2.2040000000000	-138.08062893963
2.2060000000000	-138.31509527838
2.2080000000000	-138.54905364703
2.2100000000000	-138.78250039523
2.2120000000000	-139.01543190842
2.2140000000000	-139.24784460854
2.2160000000000	-139.47973495456
2.2180000000000	-139.71109944315
2.2200000000000	-139.94193460927
2.2220000000000	-140.17223702680
2.2240000000000	-140.40200330920
2.2260000000000	-140.63123011010
2.2280000000000	-140.85991412395
2.2300000000000	-141.08805208666
2.2320000000000	-141.31564077621
2.2340000000000	-141.54267701335
2.2360000000000	-141.76915766213
2.2380000000000	-141.99507963065
2.2400000000000	-142.22043987163
2.2420000000000	-142.44523538307
2.2440000000000	-142.66946320886
2.2460000000000	-142.89312043944
2.2480000000000	-143.11620421244
2.2500000000000	-143.33871171326
2.2520000000000	-143.56064017576
2.2540000000000	-143.78198688282
2.2560000000000	-144.00274916701
2.2580000000000	-144.22292441118
2.2600000000000	-144.44251004907
2.2620000000000	-144.66150356591
2.2640000000000	-144.87990249905
2.2660000000000	-145.09770443853
2.2680000000000	-145.31490702765
2.2700000000000	-145.53150796360
2.2720000000000	-145.74750499800
2.2740000000000	-145.96289593746
2.2760000000000	-146.17767864419
2.2780000000000	-146.39185103647
2.2800000000000	-146.60541108928
2.2820000000000	-146.81835683478
2.2840000000000	-147.03068636285
2.2860000000000	-147.24239782158
2.2880000000000	-147.45348941783
2.2900000000000	-147.66395941770
2.2920000000000	-147.87380614696
2.2940000000000	-148.08302799162
2.2960000000000	-148.29162339833
2.2980000000000	-148.49959087483
2.3000000000000	-148.70692899041
2.3020000000000	-148.91363637633
2.3040000000000	-149.11971172622
2.3060000000000	-149.32515379651
2.3080000000000	-149.52996140679
2.3100000000000	-149.73413344018
2.3120000000000	-149.93766884370
2.3140000000000	-150.14056662864
2.3160000000000	-150.34282587086
2.3180000000000	-150.54444571109
2.3200000000000	-150.74542535529
2.3220000000000	-150.94576407489
2.3240000000000	-151.14546120707
2.3260000000000	-151.34451615503
2.3280000000000	-151.54292838821
2.3300000000000	-151.74069744254
2.3320000000000	-151.93782292062
2.3340000000000	-152.13430449194
2.3360000000000	-152.33014189304
2.3380000000000	-152.52533492765
2.3400000000000	-152.71988346688
2.3420000000000	-152.91378744929
2.3440000000000	-153.10704688104
2.3460000000000	-153.29966183598
2.3480000000000	-153.49163245567
2.3500000000000	-153.68295894951
2.3520000000000	-153.87364159473
2.3540000000000	-154.06368073641
2.3560000000000	-154.25307678753
2.3580000000000	-154.44183022889
2.3600000000000	-154.62994160912
2.3620000000000	-154.81741154463
2.3640000000000	-155.00424071951
2.3660000000000	-155.19042988549
2.3680000000000	-155.37597986179
2.3700000000000	-155.56089153503
2.3720000000000	-155.74516585906
2.3740000000000	-155.92880385484
2.3760000000000	-156.11180661024
2.3780000000000	-156.29417527984
2.3800000000000	-156.47591108474
2.3820000000000	-156.65701531231
2.3840000000000	-156.83748931597
2.3860000000000	-157.01733451487
2.3880000000000	-157.19655239369
2.3900000000000	-157.37514450226
2.3920000000000	-157.55311245529
2.3940000000000	-157.73045793203
2.3960000000000	-157.90718267590
2.3980000000000	-158.08328849414
2.4000000000000	-158.25877725741
2.4020000000000	-158.43365089940
2.4040000000000	-158.60791141641
2.4060000000000	-158.78156086690
2.4080000000000	-158.95460137106
2.4100000000000	-159.12703511032
2.4120000000000	-159.29886432690
2.4140000000000	-159.47009132325
2.4160000000000	-159.64071846162
2.4180000000000	-159.81074816344
2.4200000000000	-159.98018290886
2.4220000000000	-160.14902523613
2.4240000000000	-160.31727774104
2.4260000000000	-160.48494307634
2.4280000000000	-160.65202395114
2.4300000000000	-160.81852313029
2.4320000000000	-160.98444343372
2.4340000000000	-161.14978773587
2.4360000000000	-161.31455896493
2.4380000000000	-161.47876010228
2.4400000000000	-161.64239418172
2.4420000000000	-161.80546428882
2.4440000000000	-161.96797356021
2.4460000000000	-162.12992518285
2.4480000000000	-162.29132239330
2.4500000000000	-162.45216847702
2.4520000000000	-162.61246676755
2.4540000000000	-162.77222064580
2.4560000000000	-162.93143353927
2.4580000000000	-163.09010892125
2.4600000000000	-163.24825031007
2.4620000000000	-163.40586126824
2.4640000000000	-163.56294540170
2.4660000000000	-163.71950635897
2.4680000000000	-163.87554783033
2.4700000000000	-164.03107354701
2.4720000000000	-164.18608728031
2.4740000000000	-164.34059284079
2.4760000000000	-164.49459407740
2.4780000000000	-164.64809487662
2.4800000000000	-164.80109916159
2.4820000000000	-164.95361089126
2.4840000000000	-165.10563405948
2.4860000000000	-165.25717269416
2.4880000000000	-165.40823085633
2.4900000000000	-165.55881263929
2.4920000000000	-165.70892216773
2.4940000000000	-165.85856359676
2.4960000000000	-166.00774111109
2.4980000000000	-166.15645892408
2.5000000000000	-166.30472127685
2.5020000000000	-166.45253243734
2.5040000000000	-166.59989669946
2.5060000000000	-166.74681838212
2.5080000000000	-166.89330182835
2.5100000000000	-167.03935140436
2.5120000000000	-167.18497149865
2.5140000000000	-167.33016652110
2.5160000000000	-167.47494090202
2.5180000000000	-167.61929909125
2.5200000000000	-167.76324555730
2.5220000000000	-167.90678478634
2.5240000000000	-168.04992128137
2.5260000000000	-168.19265956128
2.5280000000000	-168.33500415994
2.5300000000000	-168.47695962533
2.5320000000000	-168.61853051858
2.5340000000000	-168.75972141312
2.5360000000000	-168.90053689377
2.5380000000000	-169.04098155584
2.5400000000000	-169.18106000428
2.5420000000000	-169.32077685274
2.5440000000000	-169.46013672272
2.5460000000000	-169.59914424273
2.5480000000000	-169.73780404735
2.5500000000000	-169.87612077644
2.5520000000000	-170.01409907422
2.5540000000000	-170.15174358846
2.5560000000000	-170.28905896963
2.5580000000000	-170.42604987004
2.5600000000000	-170.56272094301
2.5620000000000	-170.69907684208
2.5640000000000	-170.83512222014
2.5660000000000	-170.97086172865
2.5680000000000	-171.10630001683
2.5700000000000	-171.24144173087
2.5720000000000	-171.37629151311
2.5740000000000	-171.51085400130
2.5760000000000	-171.64513382781
2.5780000000000	-171.77913561886
2.5800000000000	-171.91286399376
2.5820000000000	-172.04632356419
2.5840000000000	-172.17951893345
2.5860000000000	-172.31245469571
2.5880000000000	-172.44513543532
2.5900000000000	-172.57756572608
2.5920000000000	-172.70975013056
2.5940000000000	-172.84169319939
2.5960000000000	-172.97339947058
2.5980000000000	-173.10487346886
2.6000000000000	-173.23611970503
2.6020000000000	-173.36714267529
2.6040000000000	-173.49794686057
2.6060000000000	-173.62853672598
2.6080000000000	-173.75891672013
2.6100000000000	-173.88909127451
2.6120000000000	-174.01906480296
2.6140000000000	-174.14884170100
2.6160000000000	-174.27842634532
2.6180000000000	-174.40782309318
2.6200000000000	-174.53703628184
2.6220000000000	-174.66607022808
2.6240000000000	-174.79492922757
2.6260000000000	-174.92361755446
2.6280000000000	-175.05213946075
2.6300000000000	-175.18049917590
2.6320000000000	-175.30870090626
2.6340000000000	-175.43674883464
2.6360000000000	-175.56464711981
2.6380000000000	-175.69239989608
2.6400000000000	-175.82001127282
2.6420000000000	-175.94748533404
2.6440000000000	-176.07482613799
2.6460000000000	-176.20203771670
2.6480000000000	-176.32912407564
2.6500000000000	-176.45608919327
2.6520000000000	-176.58293702071
2.6540000000000	-176.70967148134
2.6560000000000	-176.83629647047
2.6580000000000	-176.96281585498
2.6600000000000	-177.08923347299
2.6620000000000	-177.21555313351
2.6640000000000	-177.34177861620
2.6660000000000	-177.46791367097
2.6680000000000	-177.59396201778
2.6700000000000	-177.71992734628
2.6720000000000	-177.84581331560
2.6740000000000	-177.97162355406
2.6760000000000	-178.09736165895
2.6780000000000	-178.22303119622
2.6800000000000	-178.34863570034
2.6820000000000	-178.47417867404
2.6840000000000	-178.59966358808
2.6860000000000	-178.72509388108
2.6880000000000	-178.85047295933
2.6900000000000	-178.97580419660
2.6920000000000	-179.10109093397
2.6940000000000	-179.22633647970
2.6960000000000	-179.35154410902
2.6980000000000	-179.47671706403
2.7000000000000	-179.60185855358
2.7020000000000	-179.72697175310
2.7040000000000	-179.85205980454
2.7060000000000	-179.97712581622
2.7080000000000	179.89782713724
2.7100000000000	179.77279601502
2.7120000000000	179.64777781018
2.7140000000000	179.52276954971
2.7160000000000	179.39776829462
2.7180000000000	179.27277113999
2.7200000000000	179.14777521498
2.7220000000000	179.02277768292
2.7240000000000	178.89777574132
2.7260000000000	178.77276662186
2.7280000000000	178.64774759048
2.7300000000000	178.52271594729
2.7320000000000	178.39766902668
2.7340000000000	178.27260419720
2.7360000000000	178.14751886164
2.7380000000000	178.02241045695
2.7400000000000	177.89727645426
2.7420000000000	177.77211435879
2.7440000000000	177.64692170986
2.7460000000000	177.52169608080
2.7480000000000	177.39643507894
2.7500000000000	177.27113634553
2.7520000000000	177.14579755565
2.7540000000000	177.02041641818
2.7560000000000	176.89499067571
2.7580000000000	176.76951810443
2.7600000000000	176.64399651409
2.7620000000000	176.51842374786
2.7640000000000	176.39279768226
2.7660000000000	176.26711622705
2.7680000000000	176.14137732510
2.7700000000000	176.01557895232
2.7720000000000	175.88971911751
2.7740000000000	175.76379586222
2.7760000000000	175.63780726068
2.7780000000000	175.51175141960
2.7800000000000	175.38562647810
2.7820000000000	175.25943060749
2.7840000000000	175.13316201123
2.7860000000000	175.00681892467
2.7880000000000	174.88039961498
2.7900000000000	174.75390238097
2.7920000000000	174.62732555290
2.7940000000000	174.50066749237
2.7960000000000	174.37392659211
2.7980000000000	174.24710127584
2.8000000000000	174.12018999808
2.8020000000000	173.99319124398
2.8040000000000	173.86610352913
2.8060000000000	173.73892539943
2.8080000000000	173.61165543081
2.8100000000000	173.48429222915
2.8120000000000	173.35683443002
2.8140000000000	173.22928069852
2.8160000000000	173.10162972907
2.8180000000000	172.97388024521
2.8200000000000	172.84603099945
2.8220000000000	172.71808077301
2.8240000000000	172.59002837563
2.8260000000000	172.46187264542
2.8280000000000	172.33361244858
2.8300000000000	172.20524667924
2.8320000000000	172.07677425924
2.8340000000000	171.94819413792
2.8360000000000	171.81950529192
2.8380000000000	171.69070672494
2.8400000000000	171.56179746754
2.8420000000000	171.43277657695
2.8440000000000	171.30364313682
2.8460000000000	171.17439625702
2.8480000000000	171.04503507342
2.8500000000000	170.91555874766
2.8520000000000	170.78596646695
2.8540000000000	170.65625744385
2.8560000000000	170.52643091602
2.8580000000000	170.39648614604
2.8600000000000	170.26642242116
2.8620000000000	170.13623905309
2.8640000000000	170.00593537778
2.8660000000000	169.87551075517
2.8680000000000	169.74496456900
2.8700000000000	169.61429622661
2.8720000000000	169.48350515863
2.8740000000000	169.35259081884
2.8760000000000	169.22155268392
2.8780000000000	169.09039025321
2.8800000000000	168.95910304851
2.8820000000000	168.82769061385
2.8840000000000	168.69615251527
2.8860000000000	168.56448834058
2.8880000000000	168.43269769916
2.8900000000000	168.30078022173
2.8920000000000	168.16873556014
2.8940000000000	168.03656338711
2.8960000000000	167.90426339607
2.8980000000000	167.77183530089
2.9000000000000	167.63927883567
2.9020000000000	167.50659375456
2.9040000000000	167.37377983148
2.9060000000000	167.24083685995
2.9080000000000	167.10776465286
2.9100000000000	166.97456304225
2.9120000000000	166.84123187908
2.9140000000000	166.70777103305
2.9160000000000	166.57418039237
2.9180000000000	166.44045986354
2.9200000000000	166.30660937112
2.9220000000000	166.17262885759
2.9240000000000	166.03851828306
2.9260000000000	165.90427762509
2.9280000000000	165.76990687850
2.9300000000000	165.63540605514
2.9320000000000	165.50077518370
2.9340000000000	165.36601430949
2.9360000000000	165.23112349425
2.9380000000000	165.09610281592
2.9400000000000	164.96095236847
2.9420000000000	164.82567226171
2.9440000000000	164.69026262102
2.9460000000000	164.55472358724
2.9480000000000	164.41905531642
2.9500000000000	164.28325797962
2.9520000000000	164.14733176276
2.9540000000000	164.01127686637
2.9560000000000	163.87509350545
2.9580000000000	163.73878190922
2.9600000000000	163.60234232100
2.9620000000000	163.46577499797
2.9640000000000	163.32908021099
2.9660000000000	163.19225824443
2.9680000000000	163.05530939598
2.9700000000000	162.91823397645
2.9720000000000	162.78103230962
2.9740000000000	162.64370473203
2.9760000000000	162.50625159280
2.9780000000000	162.36867325348
2.9800000000000	162.23097008785
2.9820000000000	162.09314248174
2.9840000000000	161.95519083286
2.9860000000000	161.81711555066
2.9880000000000	161.67891705611
2.9900000000000	161.54059578155
2.9920000000000	161.40215217051
2.9940000000000	161.26358667758
2.9960000000000	161.12489976820
2.9980000000000	160.98609191852
3.0000000000000	160.84716361520
3.0020000000000	160.70811535532
3.0040000000000	160.56894764614
3.0060000000000	160.42966100499
3.0080000000000	160.29025595910
3.0100000000000	160.15073304542
3.0120000000000	160.01109281050
3.0140000000000	159.87133581032
3.0160000000000	159.73146261013
3.0180000000000	159.59147378431
3.0200000000000	159.45136991621
3.0220000000000	159.31115159801
3.0240000000000	159.17081943057
3.0260000000000	159.03037402327
3.0280000000000	158.88981599389
3.0300000000000	158.74914596845
3.0320000000000	158.60836458106
3.0340000000000	158.46747247380
3.0360000000000	158.32647029656
3.0380000000000	158.18535870692
3.0400000000000	158.04413837001
3.0420000000000	157.90280995834
3.0440000000000	157.76137415171
3.0460000000000	157.61983163707
3.0480000000000	157.47818310835
3.0500000000000	157.33642926639
3.0520000000000	157.19457081873
3.0540000000000	157.05260847957
3.0560000000000	156.91054296958
3.0580000000000	156.76837501580
3.0600000000000	156.62610535150
3.0620000000000	156.48373471606
3.0640000000000	156.34126385489
3.0660000000000	156.19869351922
3.0680000000000	156.05602446607
3.0700000000000	155.91325745808
3.0720000000000	155.77039326339
3.0740000000000	155.62743265557
3.0760000000000	155.48437641344
3.0780000000000	155.34122532101
3.0800000000000	155.19798016733
3.0820000000000	155.05464174642
3.0840000000000	154.91121085709
3.0860000000000	154.76768830291
3.0880000000000	154.62407489205
3.0900000000000	154.48037143719
3.0920000000000	154.33657875539
3.0940000000000	154.19269766803
3.0960000000000	154.04872900067
3.0980000000000	153.90467358297
3.1000000000000	153.76053224854
3.1020000000000	153.61630583491
3.1040000000000	153.47199518337
3.1060000000000	153.32760113891
3.1080000000000	153.18312455010
3.1100000000000	153.03856626900
3.1120000000000	152.89392715106
3.1140000000000	152.74920805503
3.1160000000000	152.60440984287
3.1180000000000	152.45953337963
3.1200000000000	152.31457953342
3.1220000000000	152.16954917523
3.1240000000000	152.02444317892
3.1260000000000	151.87926242110
3.1280000000000	151.73400778102
3.1300000000000	151.58868014051
3.1320000000000	151.44328038391
3.1340000000000	151.29780939792
3.1360000000000	151.15226807159
3.1380000000000	151.00665729619
3.1400000000000	150.86097796515
3.1420000000000	150.71523097396
3.1440000000000	150.56941722009
3.1460000000000	150.42353760294
3.1480000000000	150.27759302373
3.1500000000000	150.13158438541
3.1520000000000	149.98551259264
3.1540000000000	149.83937855164
3.1560000000000	149.69318317018
3.1580000000000	149.54692735745
3.1600000000000	149.40061202404
3.1620000000000	149.25423808180
3.1640000000000	149.10780644385
3.1660000000000	148.96131802442
3.1680000000000	148.81477373886
3.1700000000000	148.66817450351
3.1720000000000	148.52152123566
3.1740000000000	148.37481485347
3.1760000000000	148.22805627592
3.1780000000000	148.08124642271
3.1800000000000	147.93438621424
3.1820000000000	147.78747657150
3.1840000000000	147.64051841602
3.1860000000000	147.49351266982
3.1880000000000	147.34646025533
3.1900000000000	147.19936209533
3.1920000000000	147.05221911291
3.1940000000000	146.90503223137
3.1960000000000	146.75780237419
3.1980000000000	146.61053046495
3.2000000000000	146.46321742728
#
#"Frequency / GHz"	"S3,1 [Phase / deg]"
#--------------------------------------
1.2000000000000	-108.92544293773
1.2020000000000	-109.10020988170
1.2040000000000	-109.27519984552
1.2060000000000	-109.45041455011
1.2080000000000	-109.62585572951
1.2100000000000	-109.80152513086
1.2120000000000	-109.97742451432
1.2140000000000	-110.15355565302
1.2160000000000	-110.32992033293
1.2180000000000	-110.50652035289
1.2200000000000	-110.68335752441
1.2220000000000	-110.86043367168
1.2240000000000	-111.03775063144
1.2260000000000	-111.21531025289
1.2280000000000	-111.39311439761
1.2300000000000	-111.57116493942
1.2320000000000	-111.74946376431
1.2340000000000	-111.92801277034
1.2360000000000	-112.10681386746
1.2380000000000	-112.28586897747
1.2400000000000	-112.46518003381
1.2420000000000	-112.64474898152
1.2440000000000	-112.82457777701
1.2460000000000	-113.00466838800
1.2480000000000	-113.18502279331
1.2500000000000	-113.36564298275
1.2520000000000	-113.54653095695
1.2540000000000	-113.72768872717
1.2560000000000	-113.90911831518
1.2580000000000	-114.09082175303
1.2600000000000	-114.27280108293
1.2620000000000	-114.45505835701
1.2640000000000	-114.63759563715
1.2660000000000	-114.82041499477
1.2680000000000	-115.00351851067
1.2700000000000	-115.18690827474
1.2720000000000	-115.37058638582
1.2740000000000	-115.55455495142
1.2760000000000	-115.73881608752
1.2780000000000	-115.92337191834
1.2800000000000	-116.10822457607
1.2820000000000	-116.29337620062
1.2840000000000	-116.47882893940
1.2860000000000	-116.66458494702
1.2880000000000	-116.85064638505
1.2900000000000	-117.03701542169
1.2920000000000	-117.22369423156
1.2940000000000	-117.41068499534
1.2960000000000	-117.59798989954
1.2980000000000	-117.78561113611
1.3000000000000	-117.97355090220
1.3020000000000	-118.16181139981
1.3040000000000	-118.35039483548
1.3060000000000	-118.53930341990
1.3080000000000	-118.72853936765
1.3100000000000	-118.91810489679
1.3120000000000	-119.10800222851
1.3140000000000	-119.29823358680
1.3160000000000	-119.48880119803
1.3180000000000	-119.67970729059
1.3200000000000	-119.87095409452
1.3220000000000	-120.06254384109
1.3240000000000	-120.25447876237
1.3260000000000	-120.44676109090
1.3280000000000	-120.63939305917
1.3300000000000	-120.83237689927
1.3320000000000	-121.02571484240
1.3340000000000	-121.21940911848
1.3360000000000	-121.41346195562
1.3380000000000	-121.60787557974
1.3400000000000	-121.80265221406
1.3420000000000	-121.99779407862
1.3440000000000	-122.19330338979
1.3460000000000	-122.38918235983
1.3480000000000	-122.58543319630
1.3500000000000	-122.78205810164
1.3520000000000	-122.97905927259
1.3540000000000	-123.17643889968
1.3560000000000	-123.37419916671
1.3580000000000	-123.57234225019
1.3600000000000	-123.77087031882
1.3620000000000	-123.96978553287
1.3640000000000	-124.16909004369
1.3660000000000	-124.36878599308
1.3680000000000	-124.56887551272
1.3700000000000	-124.76936072360
1.3720000000000	-124.97024373540
1.3740000000000	-125.17152664589
1.3760000000000	-125.37321154031
1.3780000000000	-125.57530049077
1.3800000000000	-125.77779555559
1.3820000000000	-125.98069877869
1.3840000000000	-126.18401218893
1.3860000000000	-126.38773779947
1.3880000000000	-126.59187760708
1.3900000000000	-126.79643359154
1.3920000000000	-127.00140771490
1.3940000000000	-127.20680192081
1.3960000000000	-127.41261813388
1.3980000000000	-127.61885825895
1.4000000000000	-127.82552418036
1.4020000000000	-128.03261776133
1.4040000000000	-128.24014084316
1.4060000000000	-128.44809524456
1.4080000000000	-128.65648276091
1.4100000000000	-128.86530516353
1.4120000000000	-129.07456419895
1.4140000000000	-129.28426158816
1.4160000000000	-129.49439902587
1.4180000000000	-129.70497817975
1.4200000000000	-129.91600068969
1.4220000000000	-130.12746816701
1.4240000000000	-130.33938219374
1.4260000000000	-130.55174432180
1.4280000000000	-130.76455607225
1.4300000000000	-130.97781893453
1.4320000000000	-131.19153436565
1.4340000000000	-131.40570378942
1.4360000000000	-131.62032859566
1.4380000000000	-131.83541013943
1.4400000000000	-132.05094974020
1.4420000000000	-132.26694868109
1.4440000000000	-132.48340820807
1.4460000000000	-132.70032952915
1.4480000000000	-132.91771381360
1.4500000000000	-133.13556219114
1.4520000000000	-133.35387575116
1.4540000000000	-133.57265554187
1.4560000000000	-133.79190256960
1.4580000000000	-134.01161779789
1.4600000000000	-134.23180214679
1.4620000000000	-134.45245649200
1.4640000000000	-134.67358166411
1.4660000000000	-134.89517844781
1.4680000000000	-135.11724758109
1.4700000000000	-135.33978975446
1.4720000000000	-135.56280561019
1.4740000000000	-135.78629574149
1.4760000000000	-136.01026069178
1.4780000000000	-136.23470095390
1.4800000000000	-136.45961696936
1.4820000000000	-136.68500912758
1.4840000000000	-136.91087776514
1.4860000000000	-137.13722316503
1.4880000000000	-137.36404555592
1.4900000000000	-137.59134511145
1.4920000000000	-137.81912194947
1.4940000000000	-138.04737613137
1.4960000000000	-138.27610766135
1.4980000000000	-138.50531648574
1.5000000000000	-138.73500249233
1.5020000000000	-138.96516550965
1.5040000000000	-139.19580530639
1.5060000000000	-139.42692159066
1.5080000000000	-139.65851400943
1.5100000000000	-139.89058214787
1.5120000000000	-140.12312552874
1.5140000000000	-140.35614361181
1.5160000000000	-140.58963579327
1.5180000000000	-140.82360140515
1.5200000000000	-141.05803971478
1.5220000000000	-141.29294992428
1.5240000000000	-141.52833117000
1.5260000000000	-141.76418252204
1.5280000000000	-142.00050298376
1.5300000000000	-142.23729149133
1.5320000000000	-142.47454691325
1.5340000000000	-142.71226804996
1.5360000000000	-142.95045363341
1.5380000000000	-143.18910232669
1.5400000000000	-143.42821272364
1.5420000000000	-143.66778334853
1.5440000000000	-143.90781265570
1.5460000000000	-144.14829902931
1.5480000000000	-144.38924078304
1.5500000000000	-144.63063615980
1.5520000000000	-144.87248333158
1.5540000000000	-145.11478039916
1.5560000000000	-145.35752539198
1.5580000000000	-145.60071626797
1.5600000000000	-145.84435091342
1.5620000000000	-146.08842714288
1.5640000000000	-146.33294269909
1.5660000000000	-146.57789525292
1.5680000000000	-146.82328240333
1.5700000000000	-147.06910167743
1.5720000000000	-147.31535053045
1.5740000000000	-147.56202634587
1.5760000000000	-147.80912643544
1.5780000000000	-148.05664803939
1.5800000000000	-148.30458832648
1.5820000000000	-148.55294439426
1.5840000000000	-148.80171326927
1.5860000000000	-149.05089190726
1.5880000000000	-149.30047719345
1.5900000000000	-149.55046594290
1.5920000000000	-149.80085490079
1.5940000000000	-150.05164074281
1.5960000000000	-150.30282007556
1.5980000000000	-150.55438943697
1.6000000000000	-150.80634529680
1.6020000000000	-151.05868405709
1.6040000000000	-151.31140205273
1.6060000000000	-151.56449555200
1.6080000000000	-151.81796075718
1.6100000000000	-152.07179380517
1.6120000000000	-152.32599076816
1.6140000000000	-152.58054765429
1.6160000000000	-152.83546040844
1.6180000000000	-153.09072491292
1.6200000000000	-153.34633698833
1.6220000000000	-153.60229239431
1.6240000000000	-153.85858683048
1.6260000000000	-154.11521593726
1.6280000000000	-154.37217529681
1.6300000000000	-154.62946043402
1.6320000000000	-154.88706681744
1.6340000000000	-155.14498986035
1.6360000000000	-155.40322492176
1.6380000000000	-155.66176730753
1.6400000000000	-155.92061227144
1.6420000000000	-156.17975501638
1.6440000000000	-156.43919069545
1.6460000000000	-156.69891441324
1.6480000000000	-156.95892122700
1.6500000000000	-157.21920614792
1.6520000000000	-157.47976414241
1.6540000000000	-157.74059013342
1.6560000000000	-158.00167900178
1.6580000000000	-158.26302558756
1.6600000000000	-158.52462469146
1.6620000000000	-158.78647107623
1.6640000000000	-159.04855946816
1.6660000000000	-159.31088455845
1.6680000000000	-159.57344100482
1.6700000000000	-159.83622343291
1.6720000000000	-160.09922643792
1.6740000000000	-160.36244458609
1.6760000000000	-160.62587241633
1.6780000000000	-160.88950444179
1.6800000000000	-161.15333515150
1.6820000000000	-161.41735901199
1.6840000000000	-161.68157046897
1.6860000000000	-161.94596394897
1.6880000000000	-162.21053386105
1.6900000000000	-162.47527459851
1.6920000000000	-162.74018054059
1.6940000000000	-163.00524605420
1.6960000000000	-163.27046549571
1.6980000000000	-163.53583321263
1.7000000000000	-163.80134354545
1.7020000000000	-164.06699082935
1.7040000000000	-164.33276939605
1.7060000000000	-164.59867357557
1.7080000000000	-164.86469769803
1.7100000000000	-165.13083609546
1.7120000000000	-165.39708310360
1.7140000000000	-165.66343306376
1.7160000000000	-165.92988032459
1.7180000000000	-166.19641924393
1.7200000000000	-166.46304419059
1.7220000000000	-166.72974954625
1.7240000000000	-166.99652970720
1.7260000000000	-167.26337908623
1.7280000000000	-167.53029211437
1.7300000000000	-167.79726324279
1.7320000000000	-168.06428694453
1.7340000000000	-168.33135771637
1.7360000000000	-168.59847008055
1.7380000000000	-168.86561858665
1.7400000000000	-169.13279781329
1.7420000000000	-169.40000236994
1.7440000000000	-169.66722689867
1.7460000000000	-169.93446607590
1.7480000000000	-170.20171461414
1.7500000000000	-170.46896726369
1.7520000000000	-170.73621881438
1.7540000000000	-171.00346409724
1.7560000000000	-171.27069798617
1.7580000000000	-171.53791539964
1.7600000000000	-171.80511130227
1.7620000000000	-172.07228070652
1.7640000000000	-172.33941867424
1.7660000000000	-172.60652031827
1.7680000000000	-172.87358080402
1.7700000000000	-173.14059535098
1.7720000000000	-173.40755923426
1.7740000000000	-173.67446778607
1.7760000000000	-173.94131639722
1.7780000000000	-174.20810051850
1.7800000000000	-174.47481566217
1.7820000000000	-174.74145740331
1.7840000000000	-175.00802138120
1.7860000000000	-175.27450330066
1.7880000000000	-175.54089893336
1.7900000000000	-175.80720411908
1.7920000000000	-176.07341476700
1.7940000000000	-176.33952685690
1.7960000000000	-176.60553644034
1.7980000000000	-176.87143964184
1.8000000000000	-177.13723266002
1.8020000000000	-177.40291176865
1.8040000000000	-177.66847331777
1.8060000000000	-177.93391373469
1.8080000000000	-178.19922952498
1.8100000000000	-178.46441727349
1.8120000000000	-178.72947364519
1.8140000000000	-178.99439538616
1.8160000000000	-179.25917932439
1.8180000000000	-179.52382237064
1.8200000000000	-179.78832151919
1.8220000000000	179.94732615133
1.8240000000000	179.68312347731
1.8260000000000	179.41907320939
1.8280000000000	179.15517801187
1.8300000000000	178.89144046209
1.8320000000000	178.62786304983
1.8340000000000	178.36444817678
1.8360000000000	178.10119815606
1.8380000000000	177.83811521171
1.8400000000000	177.57520147832
1.8420000000000	177.31245900059
1.8440000000000	177.04988973300
1.8460000000000	176.78749553947
1.8480000000000	176.52527819313
1.8500000000000	176.26323937600
1.8520000000000	176.00138067886
1.8540000000000	175.73970360103
1.8560000000000	175.47820955026
1.8580000000000	175.21689984264
1.8600000000000	174.95577570250
1.8620000000000	174.69483826246
1.8640000000000	174.43408856337
1.8660000000000	174.17352755441
1.8680000000000	173.91315609317
1.8700000000000	173.65297494574
1.8720000000000	173.39298478691
1.8740000000000	173.13318620035
1.8760000000000	172.87357967884
1.8780000000000	172.61416562453
1.8800000000000	172.35494434923
1.8820000000000	172.09591607479
1.8840000000000	171.83708093343
1.8860000000000	171.57843896814
1.8880000000000	171.31999013314
1.8900000000000	171.06173429436
1.8920000000000	170.80367122991
1.8940000000000	170.54580063064
1.8960000000000	170.28812210074
1.8980000000000	170.03063515827
1.9000000000000	169.77333923586
1.9020000000000	169.51623368137
1.9040000000000	169.25931775855
1.9060000000000	169.00259064782
1.9080000000000	168.74605144698
1.9100000000000	168.48969917207
1.9120000000000	168.23353275810
1.9140000000000	167.97755105998
1.9160000000000	167.72175285338
1.9180000000000	167.46613683560
1.9200000000000	167.21070162655
1.9220000000000	166.95544576972
1.9240000000000	166.70036773311
1.9260000000000	166.44546591033
1.9280000000000	166.19073862160
1.9300000000000	165.93618411481
1.9320000000000	165.68180056667
1.9340000000000	165.42758608378
1.9360000000000	165.17353870381
1.9380000000000	164.91965639665
1.9400000000000	164.66593706563
1.9420000000000	164.41237854872
1.9440000000000	164.15897861977
1.9460000000000	163.90573498981
1.9480000000000	163.65264530828
1.9500000000000	163.39970716439
1.9520000000000	163.14691808839
1.9540000000000	162.89427555300
1.9560000000000	162.64177697470
1.9580000000000	162.38941971516
1.9600000000000	162.13720108262
1.9620000000000	161.88511833334
1.9640000000000	161.63316867305
1.9660000000000	161.38134925835
1.9680000000000	161.12965719825
1.9700000000000	160.87808955563
1.9720000000000	160.62664334875
1.9740000000000	160.37531555276
1.9760000000000	160.12410310127
1.9780000000000	159.87300288786
1.9800000000000	159.62201176765
1.9820000000000	159.37112655889
1.9840000000000	159.12034404452
1.9860000000000	158.86966097380
1.9880000000000	158.61907406388
1.9900000000000	158.36858000143
1.9920000000000	158.11817544427
1.9940000000000	157.86785702301
1.9960000000000	157.61762134267
1.9980000000000	157.36746498434
2.0000000000000	157.11738450684
2.0020000000000	156.86737644837
2.0040000000000	156.61743732818
2.0060000000000	156.36756364824
2.0080000000000	156.11775189492
2.0100000000000	155.86799854066
2.0120000000000	155.61830004564
2.0140000000000	155.36865285948
2.0160000000000	155.11905342291
2.0180000000000	154.86949816945
2.0200000000000	154.61998352711
2.0220000000000	154.37050592004
2.0240000000000	154.12106177022
2.0260000000000	153.87164749915
2.0280000000000	153.62225952950
2.0300000000000	153.37289428681
2.0320000000000	153.12354820109
2.0340000000000	152.87421770856
2.0360000000000	152.62489925324
2.0380000000000	152.37558928860
2.0400000000000	152.12628427922
2.0420000000000	151.87698070240
2.0440000000000	151.62767504980
2.0460000000000	151.37836382900
2.0480000000000	151.12904356513
2.0500000000000	150.87971080247
2.0520000000000	150.63036210599
2.0540000000000	150.38099406291
2.0560000000000	150.13160328427
2.0580000000000	149.88218640646
2.0600000000000	149.63274009268
2.0620000000000	149.38326103453
2.0640000000000	149.13374595341
2.0660000000000	148.88419160204
2.0680000000000	148.63459476586
2.0700000000000	148.38495226451
2.0720000000000	148.13526095319
2.0740000000000	147.88551772407
2.0760000000000	147.63571950767
2.0780000000000	147.38586327415
2.0800000000000	147.13594603470
2.0820000000000	146.88596484281
2.0840000000000	146.63591679551
2.0860000000000	146.38579903468
2.0880000000000	146.13560874824
2.0900000000000	145.88534317136
2.0920000000000	145.63499958761
2.0940000000000	145.38457533015
2.0960000000000	145.13406778282
2.0980000000000	144.88347438121
2.1000000000000	144.63279261377
2.1020000000000	144.38202002282
2.1040000000000	144.13115420553
2.1060000000000	143.88019281493
2.1080000000000	143.62913356083
2.1100000000000	143.37797421074
2.1120000000000	143.12671259073
2.1140000000000	142.87534658631
2.1160000000000	142.62387414321
2.1180000000000	142.37229326817
2.1200000000000	142.12060202970
2.1220000000000	141.86879855881
2.1240000000000	141.61688104963
2.1260000000000	141.36484776010
2.1280000000000	141.11269701260
2.1300000000000	140.86042719446
2.1320000000000	140.60803675857
2.1340000000000	140.35552422384
2.1360000000000	140.10288817570
2.1380000000000	139.85012726650
2.1400000000000	139.59724021593
2.1420000000000	139.34422581140
2.1440000000000	139.09108290831
2.1460000000000	138.83781043041
2.1480000000000	138.58440737000
2.1500000000000	138.33087278816
2.1520000000000	138.07720581494
2.1540000000000	137.82340564951
2.1560000000000	137.56947156024
2.1580000000000	137.31540288480
2.1600000000000	137.06119903019
2.1620000000000	136.80685947272
2.1640000000000	136.55238375800
2.1660000000000	136.29777150085
2.1680000000000	136.04302238521
2.1700000000000	135.78813616398
2.1720000000000	135.53311265885
2.1740000000000	135.27795176008
2.1760000000000	135.02265342629
2.1780000000000	134.76721768413
2.1800000000000	134.51164462799
2.1820000000000	134.25593441964
2.1840000000000	134.00008728789
2.1860000000000	133.74410352812
2.1880000000000	133.48798350187
2.1900000000000	133.23172763635
2.1920000000000	132.97533642395
2.1940000000000	132.71881042168
2.1960000000000	132.46215025061
2.1980000000000	132.20535659528
2.2000000000000	131.94843020307
2.2020000000000	131.69137188353
2.2040000000000	131.43418250770
2.2060000000000	131.17686300744
2.2080000000000	130.91941437463
2.2100000000000	130.66183766046
2.2120000000000	130.40413397461
2.2140000000000	130.14630448445
2.2160000000000	129.88835041422
2.2180000000000	129.63027304414
2.2200000000000	129.37207370955
2.2220000000000	129.11375380000
2.2240000000000	128.85531475832
2.2260000000000	128.59675807971
2.2280000000000	128.33808531073
2.2300000000000	128.07929804834
2.2320000000000	127.82039793892
2.2340000000000	127.56138667723
2.2360000000000	127.30226600537
2.2380000000000	127.04303771177
2.2400000000000	126.78370363009
2.2420000000000	126.52426563817
2.2440000000000	126.26472565692
2.2460000000000	126.00508564925
2.2480000000000	125.74534761893
2.2500000000000	125.48551360948
2.2520000000000	125.22558570304
2.2540000000000	124.96556601924
2.2560000000000	124.70545671404
2.2580000000000	124.44525997855
2.2600000000000	124.18497803792
2.2620000000000	123.92461315017
2.2640000000000	123.66416760495
2.2660000000000	123.40364372245
2.2680000000000	123.14304385219
2.2700000000000	122.88237037181
2.2720000000000	122.62162568595
2.2740000000000	122.36081222501
2.2760000000000	122.09993244400
2.2780000000000	121.83898882135
2.2800000000000	121.57798385775
2.2820000000000	121.31692007493
2.2840000000000	121.05580001454
2.2860000000000	120.79462623693
2.2880000000000	120.53340132002
2.2900000000000	120.27212785812
2.2920000000000	120.01080846079
2.2940000000000	119.74944575169
2.2960000000000	119.48804236741
2.2980000000000	119.22660095640
2.3000000000000	118.96512417777
2.3020000000000	118.70361470023
2.3040000000000	118.44207520097
2.3060000000000	118.18050836454
2.3080000000000	117.91891688181
2.3100000000000	117.65730344885
2.3120000000000	117.39567076590
2.3140000000000	117.13402153631
2.3160000000000	116.87235846548
2.3180000000000	116.61068425988
2.3200000000000	116.34900162602
2.3220000000000	116.08731326942
2.3240000000000	115.82562189370
2.3260000000000	115.56393019953
2.3280000000000	115.30224088376
2.3300000000000	115.04055663839
2.3320000000000	114.77888014975
2.3340000000000	114.51721409753
2.3360000000000	114.25556115391
2.3380000000000	113.99392398267
2.3400000000000	113.73230523838
2.3420000000000	113.47070756553
2.3440000000000	113.20913359771
2.3460000000000	112.94758595682
2.3480000000000	112.68606725230
2.3500000000000	112.42458008031
2.3520000000000	112.16312702304
2.3540000000000	111.90171064798
2.3560000000000	111.64033350715
2.3580000000000	111.37899813647
2.3600000000000	111.11770705506
2.3620000000000	110.85646276459
2.3640000000000	110.59526774865
2.3660000000000	110.33412447212
2.3680000000000	110.07303538056
2.3700000000000	109.81200289969
2.3720000000000	109.55102943475
2.3740000000000	109.29011737001
2.3760000000000	109.02926906826
2.3780000000000	108.76848687023
2.3800000000000	108.50777309419
2.3820000000000	108.24713003546
2.3840000000000	107.98655996591
2.3860000000000	107.72606513360
2.3880000000000	107.46564776233
2.3900000000000	107.20531005128
2.3920000000000	106.94505417457
2.3940000000000	106.68488228097
2.3960000000000	106.42479649355
2.3980000000000	106.16479890931
2.4000000000000	105.90489159895
2.4020000000000	105.64507660651
2.4040000000000	105.38535594916
2.4060000000000	105.12573161690
2.4080000000000	104.86620557238
2.4100000000000	104.60677975062
2.4120000000000	104.34745605883
2.4140000000000	104.08823637626
2.4160000000000	103.82912255397
2.4180000000000	103.57011641470
2.4200000000000	103.31121975275
2.4220000000000	103.05243433383
2.4240000000000	102.79376189494
2.4260000000000	102.53520414432
2.4280000000000	102.27676276131
2.4300000000000	102.01843939634
2.4320000000000	101.76023567082
2.4340000000000	101.50215317717
2.4360000000000	101.24419347871
2.4380000000000	100.98635810972
2.4400000000000	100.72864857539
2.4420000000000	100.47106635188
2.4440000000000	100.21361288628
2.4460000000000	99.956289596701
2.4480000000000	99.699097872301
2.4500000000000	99.442039073340
2.4520000000000	99.185114531260
2.4540000000000	98.928325548754
2.4560000000000	98.671673399869
2.4580000000000	98.415159330095
2.4600000000000	98.158784556487
2.4620000000000	97.902550267777
2.4640000000000	97.646457624508
2.4660000000000	97.390507759171
2.4680000000000	97.134701776354
2.4700000000000	96.879040752896
2.4720000000000	96.623525738055
2.4740000000000	96.368157753675
2.4760000000000	96.112937794369
2.4780000000000	95.857866827705
2.4800000000000	95.602945794401
2.4820000000000	95.348175608526
2.4840000000000	95.093557157704
2.4860000000000	94.839091303335
2.4880000000000	94.584778880807
2.4900000000000	94.330620699729
2.4920000000000	94.076617544157
2.4940000000000	93.822770172831
2.4960000000000	93.569079319420
2.4980000000000	93.315545692767
2.5000000000000	93.062169977136
2.5020000000000	92.808952832475
2.5040000000000	92.555894894668
2.5060000000000	92.302996775801
2.5080000000000	92.050259064434
2.5100000000000	91.797682325861
2.5120000000000	91.545267102393
2.5140000000000	91.293013913631
2.5160000000000	91.040923256745
2.5180000000000	90.788995606756
2.5200000000000	90.537231416824
2.5220000000000	90.285631118529
2.5240000000000	90.034195122164
2.5260000000000	89.782923817026
2.5280000000000	89.531817571703
2.5300000000000	89.280876734375
2.5320000000000	89.030101633103
2.5340000000000	88.779492576129
2.5360000000000	88.529049852171
2.5380000000000	88.278773730723
2.5400000000000	88.028664462350
2.5420000000000	87.778722278993
2.5440000000000	87.528947394261
2.5460000000000	87.279340003738
2.5480000000000	87.029900285279
2.5500000000000	86.780628399310
2.5520000000000	86.531524489127
2.5540000000000	86.282588681198
2.5560000000000	86.033821085457
2.5580000000000	85.785221795609
2.5600000000000	85.536790889420
2.5620000000000	85.288528429020
2.5640000000000	85.040434461194
2.5660000000000	84.792509017680
2.5680000000000	84.544752115462
2.5700000000000	84.297163757061
2.5720000000000	84.049743930829
2.5740000000000	83.802492611235
2.5760000000000	83.555409759157
2.5780000000000	83.308495322166
2.5800000000000	83.061749234814
2.5820000000000	82.815171418913
2.5840000000000	82.568761783820
2.5860000000000	82.322520226717
2.5880000000000	82.076446632886
2.5900000000000	81.830540875987
2.5920000000000	81.584802818329
2.5940000000000	81.339232311146
2.5960000000000	81.093829194862
2.5980000000000	80.848593299360
2.6000000000000	80.603524444248
2.6020000000000	80.358622439117
2.6040000000000	80.113887083806
2.6060000000000	79.869318168660
2.6080000000000	79.624915474778
2.6100000000000	79.380678774275
2.6120000000000	79.136607830526
2.6140000000000	78.892702398416
2.6160000000000	78.648962224583
2.6180000000000	78.405387047663
2.6200000000000	78.161976598529
2.6220000000000	77.918730600526
2.6240000000000	77.675648769707
2.6260000000000	77.432730815064
2.6280000000000	77.189976438759
2.6300000000000	76.947385336346
2.6320000000000	76.704957196996
2.6340000000000	76.462691703720
2.6360000000000	76.220588533584
2.6380000000000	75.978647357923
2.6400000000000	75.736867842556
2.6420000000000	75.495249647993
2.6440000000000	75.253792429643
2.6460000000000	75.012495838015
2.6480000000000	74.771359518922
2.6500000000000	74.530383113677
2.6520000000000	74.289566259289
2.6540000000000	74.048908588654
2.6560000000000	73.808409730744
2.6580000000000	73.568069310796
2.6600000000000	73.327886950495
2.6620000000000	73.087862268153
2.6640000000000	72.847994878888
2.6660000000000	72.608284394803
2.6680000000000	72.368730425151
2.6700000000000	72.129332576512
2.6720000000000	71.890090452957
2.6740000000000	71.651003656211
2.6760000000000	71.412071785817
2.6780000000000	71.173294439293
2.6800000000000	70.934671212291
2.6820000000000	70.696201698744
2.6840000000000	70.457885491026
2.6860000000000	70.219722180091
2.6880000000000	69.981711355624
2.6900000000000	69.743852606181
2.6920000000000	69.506145519333
2.6940000000000	69.268589681797
2.6960000000000	69.031184679579
2.6980000000000	68.793930098099
2.7000000000000	68.556825522327
2.7020000000000	68.319870536904
2.7040000000000	68.083064726275
2.7060000000000	67.846407674805
2.7080000000000	67.609898966901
2.7100000000000	67.373538187130
2.7120000000000	67.137324920335
2.7140000000000	66.901258751745
2.7160000000000	66.665339267089
2.7180000000000	66.429566052702
2.7200000000000	66.193938695632
2.7220000000000	65.958456783741
2.7240000000000	65.723119905812
2.7260000000000	65.487927651640
2.7280000000000	65.252879612136
2.7300000000000	65.017975379419
2.7320000000000	64.783214546908
2.7340000000000	64.548596709414
2.7360000000000	64.314121463226
2.7380000000000	64.079788406199
2.7400000000000	63.845597137838
2.7420000000000	63.611547259380
2.7440000000000	63.377638373874
2.7460000000000	63.143870086260
2.7480000000000	62.910242003442
2.7500000000000	62.676753734368
2.7520000000000	62.443404890097
2.7540000000000	62.210195083872
2.7560000000000	61.977123931187
2.7580000000000	61.744191049857
2.7600000000000	61.511396060080
2.7620000000000	61.278738584501
2.7640000000000	61.046218248273
2.7660000000000	60.813834679119
2.7680000000000	60.581587507387
2.7700000000000	60.349476366106
2.7720000000000	60.117500891046
2.7740000000000	59.885660720764
2.7760000000000	59.653955496659
2.7780000000000	59.422384863023
2.7800000000000	59.190948467086
2.7820000000000	58.959645959065
2.7840000000000	58.728476992208
2.7860000000000	58.497441222839
2.7880000000000	58.266538310399
2.7900000000000	58.035767917486
2.7920000000000	57.805129709897
2.7940000000000	57.574623356662
2.7960000000000	57.344248530086
2.7980000000000	57.114004905779
2.8000000000000	56.883892162692
2.8020000000000	56.653909983149
2.8040000000000	56.424058052879
2.8060000000000	56.194336061045
2.8080000000000	55.964743700274
2.8100000000000	55.735280666683
2.8120000000000	55.505946659906
2.8140000000000	55.276741383118
2.8160000000000	55.047664543060
2.8180000000000	54.818715850063
2.8200000000000	54.589895018065
2.8220000000000	54.361201764637
2.8240000000000	54.132635810999
2.8260000000000	53.904196882039
2.8280000000000	53.675884706329
2.8300000000000	53.447699016145
2.8320000000000	53.219639547478
2.8340000000000	52.991706040051
2.8360000000000	52.763898237329
2.8380000000000	52.536215886537
2.8400000000000	52.308658738664
2.8420000000000	52.081226548480
2.8440000000000	51.853919074539
2.8460000000000	51.626736079195
2.8480000000000	51.399677328602
2.8500000000000	51.172742592727
2.8520000000000	50.945931645353
2.8540000000000	50.719244264085
2.8560000000000	50.492680230352
2.8580000000000	50.266239329415
2.8600000000000	50.039921350366
2.8620000000000	49.813726086132
2.8640000000000	49.587653333475
2.8660000000000	49.361702892993
2.8680000000000	49.135874569120
2.8700000000000	48.910168170125
2.8720000000000	48.684583508112
2.8740000000000	48.459120399012
2.8760000000000	48.233778662589
2.8780000000000	48.008558122428
2.8800000000000	47.783458605935
2.8820000000000	47.558479944334
2.8840000000000	47.333621972655
2.8860000000000	47.108884529735
2.8880000000000	46.884267458206
2.8900000000000	46.659770604494
2.8920000000000	46.435393818803
2.8940000000000	46.211136955113
2.8960000000000	45.986999871169
2.8980000000000	45.762982428473
2.9000000000000	45.539084492271
2.9020000000000	45.315305931546
2.9040000000000	45.091646619006
2.9060000000000	44.868106431071
2.9080000000000	44.644685247863
2.9100000000000	44.421382953195
2.9120000000000	44.198199434555
2.9140000000000	43.975134583095
2.9160000000000	43.752188293618
2.9180000000000	43.529360464562
2.9200000000000	43.306650997987
2.9220000000000	43.084059799561
2.9240000000000	42.861586778541
2.9260000000000	42.639231847764
2.9280000000000	42.416994923626
2.9300000000000	42.194875926066
2.9320000000000	41.972874778553
2.9340000000000	41.750991408065
2.9360000000000	41.529225745076
2.9380000000000	41.307577723533
2.9400000000000	41.086047280844
2.9420000000000	40.864634357855
2.9440000000000	40.643338898836
2.9460000000000	40.422160851457
2.9480000000000	40.201100166776
2.9500000000000	39.980156799212
2.9520000000000	39.759330706530
2.9540000000000	39.538621849823
2.9560000000000	39.318030193486
2.9580000000000	39.097555705202
2.9600000000000	38.877198355916
2.9620000000000	38.656958119820
2.9640000000000	38.436834974327
2.9660000000000	38.216828900053
2.9680000000000	37.996939880794
2.9700000000000	37.777167903504
2.9720000000000	37.557512958278
2.9740000000000	37.337975038322
2.9760000000000	37.118554139940
2.9780000000000	36.899250262503
2.9800000000000	36.680063408434
2.9820000000000	36.460993583181
2.9840000000000	36.242040795195
2.9860000000000	36.023205055909
2.9880000000000	35.804486379713
2.9900000000000	35.585884783931
2.9920000000000	35.367400288800
2.9940000000000	35.149032917444
2.9960000000000	34.930782695851
2.9980000000000	34.712649652850
3.0000000000000	34.494633820090
3.0020000000000	34.276735232008
3.0040000000000	34.058953925816
3.0060000000000	33.841289941468
3.0080000000000	33.623743321640
3.0100000000000	33.406314111707
3.0120000000000	33.189002359715
3.0140000000000	32.971808116359
3.0160000000000	32.754731434960
3.0180000000000	32.537772371436
3.0200000000000	32.320930984284
3.0220000000000	32.104207334547
3.0240000000000	31.887601485800
3.0260000000000	31.671113504114
3.0280000000000	31.454743458042
3.0300000000000	31.238491418584
3.0320000000000	31.022357459171
3.0340000000000	30.806341655634
3.0360000000000	30.590444086186
3.0380000000000	30.374664831387
3.0400000000000	30.159003974130
3.0420000000000	29.943461599607
3.0440000000000	29.728037795292
3.0460000000000	29.512732650909
3.0480000000000	29.297546258413
3.0500000000000	29.082478711961
3.0520000000000	28.867530107888
3.0540000000000	28.652700544684
3.0560000000000	28.437990122967
3.0580000000000	28.223398945459
3.0600000000000	28.008927116961
3.0620000000000	27.794574744327
3.0640000000000	27.580341936442
3.0660000000000	27.366228804195
3.0680000000000	27.152235460452
3.0700000000000	26.938362020038
3.0720000000000	26.724608599705
3.0740000000000	26.510975318111
3.0760000000000	26.297462295795
3.0780000000000	26.084069655152
3.0800000000000	25.870797520408
3.0820000000000	25.657646017597
3.0840000000000	25.444615274534
3.0860000000000	25.231705420792
3.0880000000000	25.018916587679
3.0900000000000	24.806248908210
3.0920000000000	24.593702517086
3.0940000000000	24.381277550668
3.0960000000000	24.168974146955
3.0980000000000	23.956792445555
3.1000000000000	23.744732587668
3.1020000000000	23.532794716055
3.1040000000000	23.320978975018
3.1060000000000	23.109285510377
3.1080000000000	22.897714469442
3.1100000000000	22.686266000993
3.1120000000000	22.474940255256
3.1140000000000	22.263737383877
3.1160000000000	22.052657539901
3.1180000000000	21.841700877746
3.1200000000000	21.630867553185
3.1220000000000	21.420157723314
3.1240000000000	21.209571546538
3.1260000000000	20.999109182542
3.1280000000000	20.788770792270
3.1300000000000	20.578556537900
3.1320000000000	20.368466582826
3.1340000000000	20.158501091631
3.1360000000000	19.948660230065
3.1380000000000	19.738944165024
3.1400000000000	19.529353064525
3.1420000000000	19.319887097687
3.1440000000000	19.110546434706
3.1460000000000	18.901331246833
3.1480000000000	18.692241706356
3.1500000000000	18.483277986571
3.1520000000000	18.274440261765
3.1540000000000	18.065728707194
3.1560000000000	17.857143499060
3.1580000000000	17.648684814490
3.1600000000000	17.440352831513
3.1620000000000	17.232147729044
3.1640000000000	17.024069686854
3.1660000000000	16.816118885557
3.1680000000000	16.608295506585
3.1700000000000	16.400599732168
3.1720000000000	16.193031745313
3.1740000000000	15.985591729782
3.1760000000000	15.778279870076
3.1780000000000	15.571096351409
3.1800000000000	15.364041359691
3.1820000000000	15.157115081505
3.1840000000000	14.950317704092
3.1860000000000	14.743649415326
3.1880000000000	14.537110403695
3.1900000000000	14.330700858284
3.1920000000000	14.124420968752
3.1940000000000	13.918270925316
3.1960000000000	13.712250918727
3.1980000000000	13.506361140255
3.2000000000000	13.300601781669
#
#"Frequency / GHz"	"S4,1 [Phase / deg]"
#--------------------------------------
1.2000000000000	-100.28295118286
1.2020000000000	-100.44806288924
1.2040000000000	-100.61357176766
1.2060000000000	-100.77947979627
1.2080000000000	-100.94578896539
1.2100000000000	-101.11250127739
1.2120000000000	-101.27961874681
1.2140000000000	-101.44714340026
1.2160000000000	-101.61507727649
1.2180000000000	-101.78342242635
1.2200000000000	-101.95218091281
1.2220000000000	-102.12135481090
1.2240000000000	-102.29094620777
1.2260000000000	-102.46095720265
1.2280000000000	-102.63138990682
1.2300000000000	-102.80224644359
1.2320000000000	-102.97352894834
1.2340000000000	-103.14523956844
1.2360000000000	-103.31738046323
1.2380000000000	-103.48995380405
1.2400000000000	-103.66296177414
1.2420000000000	-103.83640656868
1.2440000000000	-104.01029039470
1.2460000000000	-104.18461547109
1.2480000000000	-104.35938402852
1.2500000000000	-104.53459830945
1.2520000000000	-104.71026056805
1.2540000000000	-104.88637307016
1.2560000000000	-105.06293809326
1.2580000000000	-105.23995792640
1.2600000000000	-105.41743487015
1.2620000000000	-105.59537123656
1.2640000000000	-105.77376934908
1.2660000000000	-105.95263154251
1.2680000000000	-106.13196016290
1.2700000000000	-106.31175756755
1.2720000000000	-106.49202612486
1.2740000000000	-106.67276821431
1.2760000000000	-106.85398622634
1.2780000000000	-107.03568256231
1.2800000000000	-107.21785963436
1.2820000000000	-107.40051986537
1.2840000000000	-107.58366568883
1.2860000000000	-107.76729954877
1.2880000000000	-107.95142389963
1.2900000000000	-108.13604120618
1.2920000000000	-108.32115394337
1.2940000000000	-108.50676459629
1.2960000000000	-108.69287565995
1.2980000000000	-108.87948963927
1.3000000000000	-109.06660904884
1.3020000000000	-109.25423641289
1.3040000000000	-109.44237426508
1.3060000000000	-109.63102514841
1.3080000000000	-109.82019161504
1.3100000000000	-110.00987622615
1.3120000000000	-110.20008155180
1.3140000000000	-110.39081017077
1.3160000000000	-110.58206467037
1.3180000000000	-110.77384764629
1.3200000000000	-110.96616170244
1.3220000000000	-111.15900945073
1.3240000000000	-111.35239351093
1.3260000000000	-111.54631651045
1.3280000000000	-111.74078108416
1.3300000000000	-111.93578987418
1.3320000000000	-112.13134552968
1.3340000000000	-112.32745070667
1.3360000000000	-112.52410806776
1.3380000000000	-112.72132028198
1.3400000000000	-112.91909002450
1.3420000000000	-113.11741997644
1.3440000000000	-113.31631282460
1.3460000000000	-113.51577126122
1.3480000000000	-113.71579798372
1.3500000000000	-113.91639569446
1.3520000000000	-114.11756710046
1.3540000000000	-114.31931491311
1.3560000000000	-114.52164184793
1.3580000000000	-114.72455062425
1.3600000000000	-114.92804396493
1.3620000000000	-115.13212459605
1.3640000000000	-115.33679524664
1.3660000000000	-115.54205864832
1.3680000000000	-115.74791753500
1.3700000000000	-115.95437464255
1.3720000000000	-116.16143270850
1.3740000000000	-116.36909447162
1.3760000000000	-116.57736267165
1.3780000000000	-116.78624004890
1.3800000000000	-116.99572934391
1.3820000000000	-117.20583329704
1.3840000000000	-117.41655464814
1.3860000000000	-117.62789613615
1.3880000000000	-117.83986049867
1.3900000000000	-118.05245047160
1.3920000000000	-118.26566878873
1.3940000000000	-118.47951818130
1.3960000000000	-118.69400137757
1.3980000000000	-118.90912110242
1.4000000000000	-119.12488007687
1.4020000000000	-119.34128101769
1.4040000000000	-119.55832663685
1.4060000000000	-119.77601964116
1.4080000000000	-119.99436273170
1.4100000000000	-120.21335860341
1.4120000000000	-120.43300994456
1.4140000000000	-120.65331943628
1.4160000000000	-120.87428975201
1.4180000000000	-121.09592355705
1.4200000000000	-121.31822350796
1.4220000000000	-121.54119225208
1.4240000000000	-121.76483242701
1.4260000000000	-121.98914665998
1.4280000000000	-122.21413756737
1.4300000000000	-122.43980775411
1.4320000000000	-122.66615981313
1.4340000000000	-122.89319632473
1.4360000000000	-123.12091985604
1.4380000000000	-123.34933296041
1.4400000000000	-123.57843817678
1.4420000000000	-123.80823802910
1.4440000000000	-124.03873502567
1.4460000000000	-124.26993165852
1.4480000000000	-124.50183040281
1.4500000000000	-124.73443371610
1.4520000000000	-124.96774403779
1.4540000000000	-125.20176378838
1.4560000000000	-125.43649536883
1.4580000000000	-125.67194115988
1.4600000000000	-125.90810352136
1.4620000000000	-126.14498479149
1.4640000000000	-126.38258728619
1.4660000000000	-126.62091329834
1.4680000000000	-126.85996509711
1.4700000000000	-127.09974492720
1.4720000000000	-127.34025500810
1.4740000000000	-127.58149753340
1.4760000000000	-127.82347466998
1.4780000000000	-128.06618855731
1.4800000000000	-128.30964130666
1.4820000000000	-128.55383500036
1.4840000000000	-128.79877169100
1.4860000000000	-129.04445340067
1.4880000000000	-129.29088212018
1.4900000000000	-129.53805980825
1.4920000000000	-129.78598839073
1.4940000000000	-130.03466975983
1.4960000000000	-130.28410577325
1.4980000000000	-130.53429825342
1.5000000000000	-130.78524898667
1.5020000000000	-131.03695972241
1.5040000000000	-131.28943217233
1.5060000000000	-131.54266800954
1.5080000000000	-131.79666886776
1.5100000000000	-132.05143634048
1.5120000000000	-132.30697198015
1.5140000000000	-132.56327729729
1.5160000000000	-132.82035375972
1.5180000000000	-133.07820279165
1.5200000000000	-133.33682577288
1.5220000000000	-133.59622403794
1.5240000000000	-133.85639887527
1.5260000000000	-134.11735152631
1.5280000000000	-134.37908318474
1.5300000000000	-134.64159499557
1.5320000000000	-134.90488805432
1.5340000000000	-135.16896340619
1.5360000000000	-135.43382204517
1.5380000000000	-135.69946491328
1.5400000000000	-135.96589289965
1.5420000000000	-136.23310683974
1.5440000000000	-136.50110751449
1.5460000000000	-136.76989564949
1.5480000000000	-137.03947191417
1.5500000000000	-137.30983692097
1.5520000000000	-137.58099122455
1.5540000000000	-137.85293532095
1.5560000000000	-138.12566964681
1.5580000000000	-138.39919457857
1.5600000000000	-138.67351043172
1.5620000000000	-138.94861745994
1.5640000000000	-139.22451585443
1.5660000000000	-139.50120574307
1.5680000000000	-139.77868718972
1.5700000000000	-140.05696019346
1.5720000000000	-140.33602468786
1.5740000000000	-140.61588054025
1.5760000000000	-140.89652755106
1.5780000000000	-141.17796545307
1.5800000000000	-141.46019391077
1.5820000000000	-141.74321251967
1.5840000000000	-142.02702080566
1.5860000000000	-142.31161822437
1.5880000000000	-142.59700416054
1.5900000000000	-142.88317792745
1.5920000000000	-143.17013876627
1.5940000000000	-143.45788584555
1.5960000000000	-143.74641826062
1.5980000000000	-144.03573503309
1.6000000000000	-144.32583511031
1.6020000000000	-144.61671736491
1.6040000000000	-144.90838059428
1.6060000000000	-145.20082352013
1.6080000000000	-145.49404478809
1.6100000000000	-145.78804296727
1.6120000000000	-146.08281654988
1.6140000000000	-146.37836395086
1.6160000000000	-146.67468350755
1.6180000000000	-146.97177347939
1.6200000000000	-147.26963204760
1.6220000000000	-147.56825731495
1.6240000000000	-147.86764730549
1.6260000000000	-148.16779996437
1.6280000000000	-148.46871315765
1.6300000000000	-148.77038467214
1.6320000000000	-149.07281221525
1.6340000000000	-149.37599341497
1.6360000000000	-149.67992581971
1.6380000000000	-149.98460689834
1.6400000000000	-150.29003404014
1.6420000000000	-150.59620455483
1.6440000000000	-150.90311567263
1.6460000000000	-151.21076454437
1.6480000000000	-151.51914824158
1.6500000000000	-151.82826375664
1.6520000000000	-152.13810800301
1.6540000000000	-152.44867781539
1.6560000000000	-152.75996995001
1.6580000000000	-153.07198108489
1.6600000000000	-153.38470782022
1.6620000000000	-153.69814667861
1.6640000000000	-154.01229410559
1.6660000000000	-154.32714646996
1.6680000000000	-154.64270006426
1.6700000000000	-154.95895110530
1.6720000000000	-155.27589573464
1.6740000000000	-155.59353001919
1.6760000000000	-155.91184995181
1.6780000000000	-156.23085145189
1.6800000000000	-156.55053036609
1.6820000000000	-156.87088246900
1.6840000000000	-157.19190346392
1.6860000000000	-157.51358898357
1.6880000000000	-157.83593459097
1.6900000000000	-158.15893578024
1.6920000000000	-158.48258797750
1.6940000000000	-158.80688654176
1.6960000000000	-159.13182676590
1.6980000000000	-159.45740387763
1.7000000000000	-159.78361304051
1.7020000000000	-160.11044935501
1.7040000000000	-160.43790785956
1.7060000000000	-160.76598353169
1.7080000000000	-161.09467128916
1.7100000000000	-161.42396599117
1.7120000000000	-161.75386243950
1.7140000000000	-162.08435537981
1.7160000000000	-162.41543950290
1.7180000000000	-162.74710944594
1.7200000000000	-163.07935979390
1.7220000000000	-163.41218508082
1.7240000000000	-163.74557979120
1.7260000000000	-164.07953836145
1.7280000000000	-164.41405518127
1.7300000000000	-164.74912459514
1.7320000000000	-165.08474090378
1.7340000000000	-165.42089836564
1.7360000000000	-165.75759119847
1.7380000000000	-166.09481358082
1.7400000000000	-166.43255965362
1.7420000000000	-166.77082352176
1.7440000000000	-167.10959925570
1.7460000000000	-167.44888089310
1.7480000000000	-167.78866244042
1.7500000000000	-168.12893787460
1.7520000000000	-168.46970114471
1.7540000000000	-168.81094617365
1.7560000000000	-169.15266685980
1.7580000000000	-169.49485707874
1.7600000000000	-169.83751068496
1.7620000000000	-170.18062151357
1.7640000000000	-170.52418338204
1.7660000000000	-170.86819009189
1.7680000000000	-171.21263543045
1.7700000000000	-171.55751317259
1.7720000000000	-171.90281708248
1.7740000000000	-172.24854091526
1.7760000000000	-172.59467841887
1.7780000000000	-172.94122333570
1.7800000000000	-173.28816940439
1.7820000000000	-173.63551036149
1.7840000000000	-173.98323994324
1.7860000000000	-174.33135188726
1.7880000000000	-174.67983993424
1.7900000000000	-175.02869782968
1.7920000000000	-175.37791932550
1.7940000000000	-175.72749818180
1.7960000000000	-176.07742816845
1.7980000000000	-176.42770306677
1.8000000000000	-176.77831667112
1.8020000000000	-177.12926279056
1.8040000000000	-177.48053525041
1.8060000000000	-177.83212789381
1.8080000000000	-178.18403458328
1.8100000000000	-178.53624920227
1.8120000000000	-178.88876565662
1.8140000000000	-179.24157787608
1.8160000000000	-179.59467981572
1.8180000000000	-179.94806545739
1.8200000000000	179.69827118891
1.8220000000000	179.34433608365
1.8240000000000	178.99013515642
1.8260000000000	178.63567430467
1.8280000000000	178.28095939239
1.8300000000000	177.92599624891
1.8320000000000	177.57079066765
1.8340000000000	177.21534840502
1.8360000000000	176.85967517924
1.8380000000000	176.50377666924
1.8400000000000	176.14765851365
1.8420000000000	175.79132630976
1.8440000000000	175.43478561254
1.8460000000000	175.07804193371
1.8480000000000	174.72110074087
1.8500000000000	174.36396745662
1.8520000000000	174.00664745779
1.8540000000000	173.64914607464
1.8560000000000	173.29146859018
1.8580000000000	172.93362023949
1.8600000000000	172.57560620909
1.8620000000000	172.21743163638
1.8640000000000	171.85910160908
1.8660000000000	171.50062116481
1.8680000000000	171.14199529059
1.8700000000000	170.78322892252
1.8720000000000	170.42432694541
1.8740000000000	170.06529419252
1.8760000000000	169.70613544535
1.8780000000000	169.34685543340
1.8800000000000	168.98745883413
1.8820000000000	168.62795027283
1.8840000000000	168.26833432264
1.8860000000000	167.90861550457
1.8880000000000	167.54879828758
1.8900000000000	167.18888708877
1.8920000000000	166.82888627355
1.8940000000000	166.46880015592
1.8960000000000	166.10863299876
1.8980000000000	165.74838901425
1.9000000000000	165.38807236427
1.9020000000000	165.02768716092
1.9040000000000	164.66723746704
1.9060000000000	164.30672729687
1.9080000000000	163.94616061670
1.9100000000000	163.58554134562
1.9120000000000	163.22487335633
1.9140000000000	162.86416047598
1.9160000000000	162.50340648716
1.9180000000000	162.14261512886
1.9200000000000	161.78179009758
1.9220000000000	161.42093504844
1.9240000000000	161.06005359644
1.9260000000000	160.69914931770
1.9280000000000	160.33822575090
1.9300000000000	159.97728639867
1.9320000000000	159.61633472917
1.9340000000000	159.25537417767
1.9360000000000	158.89440814829
1.9380000000000	158.53344001579
1.9400000000000	158.17247312744
1.9420000000000	157.81151080508
1.9440000000000	157.45055634714
1.9460000000000	157.08961303091
1.9480000000000	156.72868411488
1.9500000000000	156.36777284111
1.9520000000000	156.00688243792
1.9540000000000	155.64601612252
1.9560000000000	155.28517710391
1.9580000000000	154.92436858592
1.9600000000000	154.56359377036
1.9620000000000	154.20285586038
1.9640000000000	153.84215806409
1.9660000000000	153.48150359824
1.9680000000000	153.12089569223
1.9700000000000	152.76033759236
1.9720000000000	152.39983256625
1.9740000000000	152.03938390763
1.9760000000000	151.67899494140
1.9780000000000	151.31866902898
1.9800000000000	150.95840957410
1.9820000000000	150.59822002891
1.9840000000000	150.23810390055
1.9860000000000	149.87806475822
1.9880000000000	149.51810624065
1.9900000000000	149.15823206433
1.9920000000000	148.79844603216
1.9940000000000	148.43875204294
1.9960000000000	148.07915410156
1.9980000000000	147.71965633004
2.0000000000000	147.36026297950
2.0020000000000	147.00097844323
2.0040000000000	146.64180727084
2.0060000000000	146.28275418377
2.0080000000000	145.92382409220
2.0100000000000	145.56502211367
2.0120000000000	145.20635359341
2.0140000000000	144.84782412681
2.0160000000000	144.48943958414
2.0180000000000	144.13120613796
2.0200000000000	143.77313029339
2.0220000000000	143.41521892179
2.0240000000000	143.05747929826
2.0260000000000	142.69991914345
2.0280000000000	142.34254667035
2.0300000000000	141.98537063676
2.0320000000000	141.62840040434
2.0340000000000	141.27164600513
2.0360000000000	140.91511821679
2.0380000000000	140.55882864793
2.0400000000000	140.20278983515
2.0420000000000	139.84701535373
2.0440000000000	139.49151994437
2.0460000000000	139.13631965861
2.0480000000000	138.78143202656
2.0500000000000	138.42687625067
2.0520000000000	138.07267343084
2.0540000000000	137.71884682663
2.0560000000000	137.36542216410
2.0580000000000	137.01242799657
2.0600000000000	136.65989613032
2.0620000000000	136.30786212989
2.0640000000000	135.95636592039
2.0660000000000	135.60545250975
2.0680000000000	135.25517285950
2.0700000000000	134.90558494113
2.0720000000000	134.55675502603
2.0740000000000	134.20875927131
2.0760000000000	133.86168568427
2.0780000000000	133.51563657515
2.0800000000000	133.17073164600
2.0820000000000	132.82711191700
2.0840000000000	132.48494476755
2.0860000000000	132.14443047994
2.0880000000000	131.80581083537
2.0900000000000	131.46938055497
2.0920000000000	131.13550274824
2.0940000000000	130.80463010848
2.0960000000000	130.47733451408
2.0980000000000	130.15434920030
2.1000000000000	129.83663020378
2.1020000000000	129.52544820222
2.1040000000000	129.22252986668
2.1060000000000	128.93028294121
2.1080000000000	128.65216924401
2.1100000000000	128.39335294621
2.1120000000000	128.16189435951
2.1140000000000	127.97111203900
2.1160000000000	127.84470682167
2.1180000000000	127.82932600732
2.1200000000000	128.03118629237
2.1220000000000	128.75560498149
2.1240000000000	131.38135008995
2.1260000000000	169.43667894931
2.1280000000000	-63.867071502417
2.1300000000000	-59.875195042423
2.1320000000000	-58.896991395541
2.1340000000000	-58.605419565929
2.1360000000000	-58.578302041902
2.1380000000000	-58.680586908424
2.1400000000000	-58.855746696485
2.1420000000000	-59.075953368739
2.1440000000000	-59.325916507867
2.1460000000000	-59.596537046735
2.1480000000000	-59.882061280428
2.1500000000000	-60.178672511441
2.1520000000000	-60.483738897481
2.1540000000000	-60.795386509118
2.1560000000000	-61.112244580913
2.1580000000000	-61.433287037516
2.1600000000000	-61.757730362431
2.1620000000000	-62.084965746940
2.1640000000000	-62.414512806866
2.1660000000000	-62.745987271346
2.1680000000000	-63.079077958608
2.1700000000000	-63.413530067006
2.1720000000000	-63.749132848843
2.1740000000000	-64.085710382001
2.1760000000000	-64.423114567652
2.1780000000000	-64.761219751847
2.1800000000000	-65.099918548005
2.1820000000000	-65.439118558759
2.1840000000000	-65.778739779123
2.1860000000000	-66.118712521338
2.1880000000000	-66.458975743142
2.1900000000000	-66.799475690849
2.1920000000000	-67.140164790225
2.1940000000000	-67.481000733943
2.1960000000000	-67.821945726171
2.1980000000000	-68.162965853626
2.2000000000000	-68.504030559099
2.2020000000000	-68.845112198501
2.2040000000000	-69.186185666392
2.2060000000000	-69.527228077987
2.2080000000000	-69.868218497948
2.2100000000000	-70.209137708151
2.2120000000000	-70.549968008061
2.2140000000000	-70.890693042524
2.2160000000000	-71.231297652679
2.2180000000000	-71.571767746479
2.2200000000000	-71.912090185888
2.2220000000000	-72.252252688306
2.2240000000000	-72.592243740205
2.2260000000000	-72.932052521237
2.2280000000000	-73.271668837387
2.2300000000000	-73.611083061955
2.2320000000000	-73.950286083308
2.2340000000000	-74.289269258549
2.2360000000000	-74.628024372326
2.2380000000000	-74.966543600149
2.2400000000000	-75.304819475648
2.2420000000000	-75.642844861313
2.2440000000000	-75.980612922275
2.2460000000000	-76.318117102797
2.2480000000000	-76.655351105145
2.2500000000000	-76.992308870577
2.2520000000000	-77.328984562209
2.2540000000000	-77.665372549556
2.2560000000000	-78.001467394561
2.2580000000000	-78.337263838954
2.2600000000000	-78.672756792804
2.2620000000000	-79.007941324137
2.2640000000000	-79.342812649507
2.2660000000000	-79.677366125433
2.2680000000000	-80.011597240603
2.2700000000000	-80.345501608780
2.2720000000000	-80.679074962334
2.2740000000000	-81.012313146344
2.2760000000000	-81.345212113209
2.2780000000000	-81.677767917733
2.2800000000000	-82.009976712619
2.2820000000000	-82.341834744354
2.2840000000000	-82.673338349442
2.2860000000000	-83.004483950941
2.2880000000000	-83.335268055301
2.2900000000000	-83.665687249455
2.2920000000000	-83.995738198147
2.2940000000000	-84.325417641478
2.2960000000000	-84.654722392652
2.2980000000000	-84.983649335899
2.3000000000000	-85.312195424564
2.3020000000000	-85.640357679340
2.3040000000000	-85.968133186654
2.3060000000000	-86.295519097154
2.3080000000000	-86.622512624336
2.3100000000000	-86.949111043255
2.3120000000000	-87.275311689343
2.3140000000000	-87.601111957309
2.3160000000000	-87.926509300124
2.3180000000000	-88.251501228068
2.3200000000000	-88.576085307861
2.3220000000000	-88.900259161833
2.3240000000000	-89.224020467169
2.3260000000000	-89.547366955191
2.3280000000000	-89.870296410691
2.3300000000000	-90.192806671308
2.3320000000000	-90.514895626935
2.3340000000000	-90.836561219173
2.3360000000000	-91.157801440800
2.3380000000000	-91.478614335285
2.3400000000000	-91.798997996315
2.3420000000000	-92.118950567349
2.3440000000000	-92.438470241195
2.3460000000000	-92.757555259604
2.3480000000000	-93.076203912879
2.3500000000000	-93.394414539499
2.3520000000000	-93.712185525758
2.3540000000000	-94.029515305416
2.3560000000000	-94.346402359355
2.3580000000000	-94.662845215252
2.3600000000000	-94.978842447250
2.3620000000000	-95.294392675645
2.3640000000000	-95.609494566569
2.3660000000000	-95.924146831690
2.3680000000000	-96.238348227901
2.3700000000000	-96.552097557022
2.3720000000000	-96.865393665504
2.3740000000000	-97.178235444127
2.3760000000000	-97.490621827708
2.3780000000000	-97.802551794805
2.3800000000000	-98.114024367419
2.3820000000000	-98.425038610701
2.3840000000000	-98.735593632651
2.3860000000000	-99.045688583827
2.3880000000000	-99.355322657035
2.3900000000000	-99.664495087036
2.3920000000000	-99.973205150239
2.3940000000000	-100.28145216439
2.3960000000000	-100.58923548828
2.3980000000000	-100.89655452141
2.4000000000000	-101.20340870368
2.4020000000000	-101.50979751510
2.4040000000000	-101.81572047545
2.4060000000000	-102.12117714393
2.4080000000000	-102.42616711889
2.4100000000000	-102.73069003743
2.4120000000000	-103.03474557515
2.4140000000000	-103.33833344574
2.4160000000000	-103.64145340066
2.4180000000000	-103.94410522884
2.4200000000000	-104.24628875626
2.4220000000000	-104.54800384565
2.4240000000000	-104.84925039614
2.4260000000000	-105.15002834286
2.4280000000000	-105.45033765662
2.4300000000000	-105.75017834353
2.4320000000000	-106.04955044465
2.4340000000000	-106.34845403559
2.4360000000000	-106.64688922617
2.4380000000000	-106.94485616002
2.4400000000000	-107.24235501424
2.4420000000000	-107.53938599897
2.4440000000000	-107.83594935704
2.4460000000000	-108.13204536360
2.4480000000000	-108.42767432567
2.4500000000000	-108.72283658184
2.4520000000000	-109.01753250180
2.4540000000000	-109.31176248599
2.4560000000000	-109.60552696519
2.4580000000000	-109.89882640015
2.4600000000000	-110.19166128114
2.4620000000000	-110.48403212760
2.4640000000000	-110.77593948772
2.4660000000000	-111.06738393804
2.4680000000000	-111.35836608304
2.4700000000000	-111.64888655476
2.4720000000000	-111.93894601235
2.4740000000000	-112.22854514173
2.4760000000000	-112.51768465512
2.4780000000000	-112.80636529069
2.4800000000000	-113.09458781210
2.4820000000000	-113.38235300814
2.4840000000000	-113.66966169230
2.4860000000000	-113.95651470236
2.4880000000000	-114.24291289999
2.4900000000000	-114.52885717037
2.4920000000000	-114.81434842174
2.4940000000000	-115.09938758502
2.4960000000000	-115.38397561339
2.4980000000000	-115.66811348192
2.5000000000000	-115.95180218714
2.5020000000000	-116.23504274663
2.5040000000000	-116.51783619864
2.5060000000000	-116.80018360170
2.5080000000000	-117.08208603417
2.5100000000000	-117.36354459392
2.5120000000000	-117.64456039786
2.5140000000000	-117.92513458159
2.5160000000000	-118.20526829901
2.5180000000000	-118.48496272190
2.5200000000000	-118.76421903955
2.5220000000000	-119.04303845838
2.5240000000000	-119.32142220154
2.5260000000000	-119.59937150853
2.5280000000000	-119.87688763483
2.5300000000000	-120.15397185152
2.5320000000000	-120.43062544487
2.5340000000000	-120.70684971603
2.5360000000000	-120.98264598060
2.5380000000000	-121.25801556829
2.5400000000000	-121.53295982255
2.5420000000000	-121.80748010020
2.5440000000000	-122.08157777106
2.5460000000000	-122.35525421762
2.5480000000000	-122.62851083467
2.5500000000000	-122.90134902893
2.5520000000000	-123.17377021873
2.5540000000000	-123.44577583362
2.5560000000000	-123.71736731408
2.5580000000000	-123.98854611114
2.5600000000000	-124.25931368606
2.5620000000000	-124.52967150997
2.5640000000000	-124.79962106358
2.5660000000000	-125.06916383679
2.5680000000000	-125.33830132845
2.5700000000000	-125.60703504593
2.5720000000000	-125.87536650492
2.5740000000000	-126.14329722899
2.5760000000000	-126.41082874938
2.5780000000000	-126.67796260464
2.5800000000000	-126.94470034033
2.5820000000000	-127.21104350871
2.5840000000000	-127.47699366845
2.5860000000000	-127.74255238436
2.5880000000000	-128.00772122703
2.5900000000000	-128.27250177261
2.5920000000000	-128.53689560249
2.5940000000000	-128.80090430301
2.5960000000000	-129.06452946519
2.5980000000000	-129.32777268447
2.6000000000000	-129.59063556041
2.6020000000000	-129.85311969644
2.6040000000000	-130.11522669960
2.6060000000000	-130.37695818024
2.6080000000000	-130.63831575180
2.6100000000000	-130.89930103055
2.6120000000000	-131.15991563532
2.6140000000000	-131.42016118725
2.6160000000000	-131.68003930958
2.6180000000000	-131.93955162737
2.6200000000000	-132.19869976727
2.6220000000000	-132.45748535730
2.6240000000000	-132.71591002661
2.6260000000000	-132.97397540523
2.6280000000000	-133.23168312391
2.6300000000000	-133.48903481380
2.6320000000000	-133.74603210632
2.6340000000000	-134.00267663290
2.6360000000000	-134.25897002479
2.6380000000000	-134.51491391283
2.6400000000000	-134.77050992725
2.6420000000000	-135.02575969750
2.6440000000000	-135.28066485199
2.6460000000000	-135.53522701797
2.6480000000000	-135.78944782127
2.6500000000000	-136.04332888614
2.6520000000000	-136.29687183509
2.6540000000000	-136.55007828865
2.6560000000000	-136.80294986525
2.6580000000000	-137.05548818099
2.6600000000000	-137.30769484950
2.6620000000000	-137.55957148178
2.6640000000000	-137.81111968600
2.6660000000000	-138.06234106735
2.6680000000000	-138.31323722787
2.6700000000000	-138.56380976634
2.6720000000000	-138.81406027804
2.6740000000000	-139.06399035467
2.6760000000000	-139.31360158417
2.6780000000000	-139.56289555058
2.6800000000000	-139.81187383389
2.6820000000000	-140.06053800990
2.6840000000000	-140.30888965010
2.6860000000000	-140.55693032150
2.6880000000000	-140.80466158653
2.6900000000000	-141.05208500289
2.6920000000000	-141.29920212345
2.6940000000000	-141.54601449607
2.6960000000000	-141.79252366355
2.6980000000000	-142.03873116345
2.7000000000000	-142.28463852800
2.7020000000000	-142.53024728400
2.7040000000000	-142.77555895267
2.7060000000000	-143.02057504958
2.7080000000000	-143.26529708451
2.7100000000000	-143.50972656137
2.7120000000000	-143.75386497809
2.7140000000000	-143.99771382651
2.7160000000000	-144.24127459231
2.7180000000000	-144.48454875489
2.7200000000000	-144.72753778727
2.7220000000000	-144.97024315603
2.7240000000000	-145.21266632121
2.7260000000000	-145.45480873621
2.7280000000000	-145.69667184774
2.7300000000000	-145.93825709567
2.7320000000000	-146.17956591305
2.7340000000000	-146.42059972595
2.7360000000000	-146.66135995341
2.7380000000000	-146.90184800740
2.7400000000000	-147.14206529268
2.7420000000000	-147.38201320681
2.7440000000000	-147.62169314003
2.7460000000000	-147.86110647519
2.7480000000000	-148.10025458774
2.7500000000000	-148.33913884561
2.7520000000000	-148.57776060919
2.7540000000000	-148.81612123125
2.7560000000000	-149.05422205689
2.7580000000000	-149.29206442350
2.7600000000000	-149.52964966069
2.7620000000000	-149.76697909025
2.7640000000000	-150.00405402608
2.7660000000000	-150.24087577419
2.7680000000000	-150.47744563260
2.7700000000000	-150.71376489134
2.7720000000000	-150.94983483238
2.7740000000000	-151.18565672960
2.7760000000000	-151.42123184874
2.7780000000000	-151.65656144741
2.7800000000000	-151.89164677498
2.7820000000000	-152.12648907259
2.7840000000000	-152.36108957313
2.7860000000000	-152.59544950118
2.7880000000000	-152.82957007299
2.7900000000000	-153.06345249644
2.7920000000000	-153.29709797104
2.7940000000000	-153.53050768790
2.7960000000000	-153.76368282966
2.7980000000000	-153.99662457053
2.8000000000000	-154.22933407624
2.8020000000000	-154.46181250401
2.8040000000000	-154.69406100255
2.8060000000000	-154.92608071204
2.8080000000000	-155.15787276408
2.8100000000000	-155.38943828174
2.8120000000000	-155.62077837949
2.8140000000000	-155.85189416320
2.8160000000000	-156.08278673014
2.8180000000000	-156.31345716897
2.8200000000000	-156.54390655972
2.8220000000000	-156.77413597379
2.8240000000000	-157.00414647392
2.8260000000000	-157.23393911423
2.8280000000000	-157.46351494017
2.8300000000000	-157.69287498854
2.8320000000000	-157.92202028749
2.8340000000000	-158.15095185648
2.8360000000000	-158.37967070634
2.8380000000000	-158.60817783922
2.8400000000000	-158.83647424861
2.8420000000000	-159.06456091935
2.8440000000000	-159.29243882761
2.8460000000000	-159.52010894091
2.8480000000000	-159.74757221813
2.8500000000000	-159.97482960950
2.8520000000000	-160.20188205662
2.8540000000000	-160.42873049244
2.8560000000000	-160.65537584131
2.8580000000000	-160.88181901896
2.8600000000000	-161.10806093251
2.8620000000000	-161.33410248050
2.8640000000000	-161.55994455287
2.8660000000000	-161.78558803102
2.8680000000000	-162.01103378775
2.8700000000000	-162.23628268734
2.8720000000000	-162.46133558555
2.8740000000000	-162.68619332961
2.8760000000000	-162.91085675824
2.8780000000000	-163.13532670170
2.8800000000000	-163.35960398176
2.8820000000000	-163.58368941177
2.8840000000000	-163.80758379660
2.8860000000000	-164.03128793276
2.8880000000000	-164.25480260834
2.8900000000000	-164.47812860305
2.8920000000000	-164.70126668826
2.8940000000000	-164.92421762700
2.8960000000000	-165.14698217401
2.8980000000000	-165.36956107570
2.9000000000000	-165.59195507026
2.9020000000000	-165.81416488761
2.9040000000000	-166.03619124947
2.9060000000000	-166.25803486934
2.9080000000000	-166.47969645258
2.9100000000000	-166.70117669639
2.9120000000000	-166.92247628985
2.9140000000000	-167.14359591396
2.9160000000000	-167.36453624166
2.9180000000000	-167.58529793783
2.9200000000000	-167.80588165936
2.9220000000000	-168.02628805515
2.9240000000000	-168.24651776616
2.9260000000000	-168.46657142540
2.9280000000000	-168.68644965801
2.9300000000000	-168.90615308127
2.9320000000000	-169.12568230459
2.9340000000000	-169.34503792962
2.9360000000000	-169.56422055020
2.9380000000000	-169.78323075246
2.9400000000000	-170.00206911481
2.9420000000000	-170.22073620797
2.9440000000000	-170.43923259502
2.9460000000000	-170.65755883144
2.9480000000000	-170.87571546513
2.9500000000000	-171.09370303643
2.9520000000000	-171.31152207817
2.9540000000000	-171.52917311572
2.9560000000000	-171.74665666699
2.9580000000000	-171.96397324249
2.9600000000000	-172.18112334535
2.9620000000000	-172.39810747135
2.9640000000000	-172.61492610900
2.9660000000000	-172.83157973952
2.9680000000000	-173.04806883690
2.9700000000000	-173.26439386793
2.9720000000000	-173.48055529225
2.9740000000000	-173.69655356238
2.9760000000000	-173.91238912376
2.9780000000000	-174.12806241477
2.9800000000000	-174.34357386678
2.9820000000000	-174.55892390419
2.9840000000000	-174.77411294448
2.9860000000000	-174.98914139821
2.9880000000000	-175.20400966911
2.9900000000000	-175.41871815406
2.9920000000000	-175.63326724318
2.9940000000000	-175.84765731984
2.9960000000000	-176.06188876071
2.9980000000000	-176.27596193580
3.0000000000000	-176.48987720848
3.0020000000000	-176.70363493557
3.0040000000000	-176.91723546730
3.0060000000000	-177.13067914742
3.0080000000000	-177.34396631322
3.0100000000000	-177.55709729556
3.0120000000000	-177.77007241890
3.0140000000000	-177.98289200138
3.0160000000000	-178.19555635483
3.0180000000000	-178.40806578479
3.0200000000000	-178.62042059062
3.0220000000000	-178.83262106548
3.0240000000000	-179.04466749637
3.0260000000000	-179.25656016423
3.0280000000000	-179.46829934392
3.0300000000000	-179.67988530428
3.0320000000000	-179.89131830818
3.0340000000000	179.89740138743
3.0360000000000	179.68627353152
3.0380000000000	179.47529787889
3.0400000000000	179.26447419014
3.0420000000000	179.05380223166
3.0440000000000	178.84328177555
3.0460000000000	178.63291259960
3.0480000000000	178.42269448724
3.0500000000000	178.21262722748
3.0520000000000	178.00271061492
3.0540000000000	177.79294444964
3.0560000000000	177.58332853722
3.0580000000000	177.37386268865
3.0600000000000	177.16454672032
3.0620000000000	176.95538045396
3.0640000000000	176.74636371660
3.0660000000000	176.53749634053
3.0680000000000	176.32877816327
3.0700000000000	176.12020902751
3.0720000000000	175.91178878105
3.0740000000000	175.70351727681
3.0760000000000	175.49539437275
3.0780000000000	175.28741993184
3.0800000000000	175.07959382199
3.0820000000000	174.87191591606
3.0840000000000	174.66438609176
3.0860000000000	174.45700423166
3.0880000000000	174.24977022311
3.0900000000000	174.04268395821
3.0920000000000	173.83574533378
3.0940000000000	173.62895425129
3.0960000000000	173.42231061684
3.0980000000000	173.21581434110
3.1000000000000	173.00946533930
3.1020000000000	172.80326353116
3.1040000000000	172.59720884083
3.1060000000000	172.39130119690
3.1080000000000	172.18554053232
3.1100000000000	171.97992678435
3.1120000000000	171.77445989456
3.1140000000000	171.56913980875
3.1160000000000	171.36396647692
3.1180000000000	171.15893985324
3.1200000000000	170.95405989597
3.1220000000000	170.74932656746
3.1240000000000	170.54473983411
3.1260000000000	170.34029966629
3.1280000000000	170.13600603831
3.1300000000000	169.93185892841
3.1320000000000	169.72785831868
3.1340000000000	169.52400419504
3.1360000000000	169.32029654720
3.1380000000000	169.11673536860
3.1400000000000	168.91332065638
3.1420000000000	168.71005241135
3.1440000000000	168.50693063792
3.1460000000000	168.30395534409
3.1480000000000	168.10112654139
3.1500000000000	167.89844424485
3.1520000000000	167.69590847295
3.1540000000000	167.49351924758
3.1560000000000	167.29127659400
3.1580000000000	167.08918054081
3.1600000000000	166.88723111990
3.1620000000000	166.68542836642
3.1640000000000	166.48377231870
3.1660000000000	166.28226301827
3.1680000000000	166.08090050978
3.1700000000000	165.87968484097
3.1720000000000	165.67861606264
3.1740000000000	165.47769422860
3.1760000000000	165.27691939561
3.1780000000000	165.07629162338
3.1800000000000	164.87581097453
3.1820000000000	164.67547751450
3.1840000000000	164.47529131156
3.1860000000000	164.27525243677
3.1880000000000	164.07536096390
3.1900000000000	163.87561696943
3.1920000000000	163.67602053250
3.1940000000000	163.47657173489
3.1960000000000	163.27727066092
3.1980000000000	163.07811739750
3.2000000000000	162.87911203402
#
#"Frequency / GHz"	"S1,2 [Phase / deg]"
#--------------------------------------
1.2000000000000	-67.019215654661
1.2020000000000	-67.016631900837
1.2040000000000	-67.013708974237
1.2060000000000	-67.010449526484
1.2080000000000	-67.006856312522
1.2100000000000	-67.002932191924
1.2120000000000	-66.998680130174
1.2140000000000	-66.994103199949
1.2160000000000	-66.989204582385
1.2180000000000	-66.983987568328
1.2200000000000	-66.978455559572
1.2220000000000	-66.972612070083
1.2240000000000	-66.966460727207
1.2260000000000	-66.960005272856
1.2280000000000	-66.953249564683
1.2300000000000	-66.946197577229
1.2320000000000	-66.938853403056
1.2340000000000	-66.931221253857
1.2360000000000	-66.923305461536
1.2380000000000	-66.915110479276
1.2400000000000	-66.906640882570
1.2420000000000	-66.897901370233
1.2440000000000	-66.888896765382
1.2460000000000	-66.879632016388
1.2480000000000	-66.870112197801
1.2500000000000	-66.860342511237
1.2520000000000	-66.850328286239
1.2540000000000	-66.840074981098
1.2560000000000	-66.829588183646
1.2580000000000	-66.818873612005
1.2600000000000	-66.807937115301
1.2620000000000	-66.796784674343
1.2640000000000	-66.785422402254
1.2660000000000	-66.773856545069
1.2680000000000	-66.762093482283
1.2700000000000	-66.750139727361
1.2720000000000	-66.738001928195
1.2740000000000	-66.725686867524
1.2760000000000	-66.713201463301
1.2780000000000	-66.700552769008
1.2800000000000	-66.687747973928
1.2820000000000	-66.674794403363
1.2840000000000	-66.661699518795
1.2860000000000	-66.648470917999
1.2880000000000	-66.635116335102
1.2900000000000	-66.621643640579
1.2920000000000	-66.608060841198
1.2940000000000	-66.594376079908
1.2960000000000	-66.580597635662
1.2980000000000	-66.566733923185
1.3000000000000	-66.552793492678
1.3020000000000	-66.538785029463
1.3040000000000	-66.524717353562
1.3060000000000	-66.510599419212
1.3080000000000	-66.496440314319
1.3100000000000	-66.482249259844
1.3120000000000	-66.468035609122
1.3140000000000	-66.453808847114
1.3160000000000	-66.439578589595
1.3180000000000	-66.425354582268
1.3200000000000	-66.411146699815
1.3220000000000	-66.396964944873
1.3240000000000	-66.382819446945
1.3260000000000	-66.368720461238
1.3280000000000	-66.354678367428
1.3300000000000	-66.340703668362
1.3320000000000	-66.326806988676
1.3340000000000	-66.312999073357
1.3360000000000	-66.299290786220
1.3380000000000	-66.285693108316
1.3400000000000	-66.272217136279
1.3420000000000	-66.258874080584
1.3440000000000	-66.245675263746
1.3460000000000	-66.232632118443
1.3480000000000	-66.219756185568
1.3500000000000	-66.207059112209
1.3520000000000	-66.194552649562
1.3540000000000	-66.182248650768
1.3560000000000	-66.170159068684
1.3580000000000	-66.158295953588
1.3600000000000	-66.146671450804
1.3620000000000	-66.135297798275
1.3640000000000	-66.124187324054
1.3660000000000	-66.113352443738
1.3680000000000	-66.102805657835
1.3700000000000	-66.092559549061
1.3720000000000	-66.082626779585
1.3740000000000	-66.073020088196
1.3760000000000	-66.063752287426
1.3780000000000	-66.054836260597
1.3800000000000	-66.046284958823
1.3820000000000	-66.038111397946
1.3840000000000	-66.030328655421
1.3860000000000	-66.022949867140
1.3880000000000	-66.015988224214
1.3900000000000	-66.009456969694
1.3920000000000	-66.003369395246
1.3940000000000	-65.997738837783
1.3960000000000	-65.992578676041
1.3980000000000	-65.987902327118
1.4000000000000	-65.983723242973
1.4020000000000	-65.980054906874
1.4040000000000	-65.976910829820
1.4060000000000	-65.974304546920
1.4080000000000	-65.972249613737
1.4100000000000	-65.970759602602
1.4120000000000	-65.969848098899
1.4140000000000	-65.969528697321
1.4160000000000	-65.969814998098
1.4180000000000	-65.970720603206
1.4200000000000	-65.972259112550
1.4220000000000	-65.974444120137
1.4240000000000	-65.977289210217
1.4260000000000	-65.980807953428
1.4280000000000	-65.985013902916
1.4300000000000	-65.989920590452
1.4320000000000	-65.995541522537
1.4340000000000	-66.001890176510
1.4360000000000	-66.008979996645
1.4380000000000	-66.016824390254
1.4400000000000	-66.025436723794
1.4420000000000	-66.034830318970
1.4440000000000	-66.045018448855
1.4460000000000	-66.056014334015
1.4480000000000	-66.067831138648
1.4500000000000	-66.080481966735
1.4520000000000	-66.093979858212
1.4540000000000	-66.108337785153
1.4560000000000	-66.123568647988
1.4580000000000	-66.139685271730
1.4600000000000	-66.156700402238
1.4620000000000	-66.174626702501
1.4640000000000	-66.193476748962
1.4660000000000	-66.213263027864
1.4680000000000	-66.233997931638
1.4700000000000	-66.255693755322
1.4720000000000	-66.278362693024
1.4740000000000	-66.302016834425
1.4760000000000	-66.326668161316
1.4780000000000	-66.352328544197
1.4800000000000	-66.379009738904
1.4820000000000	-66.406723383294
1.4840000000000	-66.435480993981
1.4860000000000	-66.465293963119
1.4880000000000	-66.496173555238
1.4900000000000	-66.528130904142
1.4920000000000	-66.561177009854
1.4940000000000	-66.595322735626
1.4960000000000	-66.630578805002
1.4980000000000	-66.666955798951
1.5000000000000	-66.704464153050
1.5020000000000	-66.743114154741
1.5040000000000	-66.782915940642
1.5060000000000	-66.823879493936
1.5080000000000	-66.866014641813
1.5100000000000	-66.909331052987
1.5120000000000	-66.953838235285
1.5140000000000	-66.999545533291
1.5160000000000	-67.046462126078
1.5180000000000	-67.094597024995
1.5200000000000	-67.143959071535
1.5220000000000	-67.194556935274
1.5240000000000	-67.246399111875
1.5260000000000	-67.299493921174
1.5280000000000	-67.353849505335
1.5300000000000	-67.409473827080
1.5320000000000	-67.466374667988
1.5340000000000	-67.524559626880
1.5360000000000	-67.584036118263
1.5380000000000	-67.644811370863
1.5400000000000	-67.706892426220
1.5420000000000	-67.770286137370
1.5440000000000	-67.834999167589
1.5460000000000	-67.901037989222
1.5480000000000	-67.968408882580
1.5500000000000	-68.037117934912
1.5520000000000	-68.107171039456
1.5540000000000	-68.178573894557
1.5560000000000	-68.251332002859
1.5580000000000	-68.325450670575
1.5600000000000	-68.400935006827
1.5620000000000	-68.477789923052
1.5640000000000	-68.556020132493
1.5660000000000	-68.635630149745
1.5680000000000	-68.716624290384
1.5700000000000	-68.799006670661
1.5720000000000	-68.882781207264
1.5740000000000	-68.967951617150
1.5760000000000	-69.054521417445
1.5780000000000	-69.142493925412
1.5800000000000	-69.231872258483
1.5820000000000	-69.322659334358
1.5840000000000	-69.414857871166
1.5860000000000	-69.508470387700
1.5880000000000	-69.603499203696
1.5900000000000	-69.699946440196
1.5920000000000	-69.797814019957
1.5940000000000	-69.897103667925
1.5960000000000	-69.997816911770
1.5980000000000	-70.099955082477
1.6000000000000	-70.203519315000
1.6020000000000	-70.308510548960
1.6040000000000	-70.414929529415
1.6060000000000	-70.522776807675
1.6080000000000	-70.632052742166
1.6100000000000	-70.742757499363
1.6120000000000	-70.854891054755
1.6140000000000	-70.968453193875
1.6160000000000	-71.083443513373
1.6180000000000	-71.199861422140
1.6200000000000	-71.317706142477
1.6220000000000	-71.436976711314
1.6240000000000	-71.557671981468
1.6260000000000	-71.679790622956
1.6280000000000	-71.803331124338
1.6300000000000	-71.928291794114
1.6320000000000	-72.054670762159
1.6340000000000	-72.182465981188
1.6360000000000	-72.311675228279
1.6380000000000	-72.442296106417
1.6400000000000	-72.574326046085
1.6420000000000	-72.707762306888
1.6440000000000	-72.842601979209
1.6460000000000	-72.978841985908
1.6480000000000	-73.116479084042
1.6500000000000	-73.255509866625
1.6520000000000	-73.395930764419
1.6540000000000	-73.537738047751
1.6560000000000	-73.680927828360
1.6580000000000	-73.825496061278
1.6600000000000	-73.971438546725
1.6620000000000	-74.118750932045
1.6640000000000	-74.267428713656
1.6660000000000	-74.417467239030
1.6680000000000	-74.568861708693
1.6700000000000	-74.721607178251
1.6720000000000	-74.875698560429
1.6740000000000	-75.031130627145
1.6760000000000	-75.187898011583
1.6780000000000	-75.345995210306
1.6800000000000	-75.505416585371
1.6820000000000	-75.666156366466
1.6840000000000	-75.828208653065
1.6860000000000	-75.991567416592
1.6880000000000	-76.156226502605
1.6900000000000	-76.322179632992
1.6920000000000	-76.489420408171
1.6940000000000	-76.657942309314
1.6960000000000	-76.827738700573
1.6980000000000	-76.998802831317
1.7000000000000	-77.171127838381
1.7020000000000	-77.344706748315
1.7040000000000	-77.519532479652
1.7060000000000	-77.695597845172
1.7080000000000	-77.872895554173
1.7100000000000	-78.051418214753
1.7120000000000	-78.231158336088
1.7140000000000	-78.412108330717
1.7160000000000	-78.594260516827
1.7180000000000	-78.777607120544
1.7200000000000	-78.962140278215
1.7220000000000	-79.147852038703
1.7240000000000	-79.334734365668
1.7260000000000	-79.522779139856
1.7280000000000	-79.711978161379
1.7300000000000	-79.902323151993
1.7320000000000	-80.093805757378
1.7340000000000	-80.286417549405
1.7360000000000	-80.480150028398
1.7380000000000	-80.674994625400
1.7400000000000	-80.870942704418
1.7420000000000	-81.067985564668
1.7440000000000	-81.266114442814
1.7460000000000	-81.465320515190
1.7480000000000	-81.665594900020
1.7500000000000	-81.866928659621
1.7520000000000	-82.069312802601
1.7540000000000	-82.272738286039
1.7560000000000	-82.477196017658
1.7580000000000	-82.682676857981
1.7600000000000	-82.889171622477
1.7620000000000	-83.096671083688
1.7640000000000	-83.305165973341
1.7660000000000	-83.514646984454
1.7680000000000	-83.725104773411
1.7700000000000	-83.936529962029
1.7720000000000	-84.148913139611
1.7740000000000	-84.362244864967
1.7760000000000	-84.576515668435
1.7780000000000	-84.791716053864
1.7800000000000	-85.007836500595
1.7820000000000	-85.224867465407
1.7840000000000	-85.442799384449
1.7860000000000	-85.661622675154
1.7880000000000	-85.881327738123
1.7900000000000	-86.101904958995
1.7920000000000	-86.323344710287
1.7940000000000	-86.545637353213
1.7960000000000	-86.768773239487
1.7980000000000	-86.992742713086
1.8000000000000	-87.217536112007
1.8020000000000	-87.443143769980
1.8040000000000	-87.669556018175
1.8060000000000	-87.896763186866
1.8080000000000	-88.124755607081
1.8100000000000	-88.353523612218
1.8120000000000	-88.583057539641
1.8140000000000	-88.813347732239
1.8160000000000	-89.044384539968
1.8180000000000	-89.276158321361
1.8200000000000	-89.508659445007
1.8220000000000	-89.741878291003
1.8240000000000	-89.975805252385
1.8260000000000	-90.210430736516
1.8280000000000	-90.445745166459
1.8300000000000	-90.681738982310
1.8320000000000	-90.918402642508
1.8340000000000	-91.155726625113
1.8360000000000	-91.393701429054
1.8380000000000	-91.632317575350
1.8400000000000	-91.871565608293
1.8420000000000	-92.111436096612
1.8440000000000	-92.351919634597
1.8460000000000	-92.593006843197
1.8480000000000	-92.834688371090
1.8500000000000	-93.076954895716
1.8520000000000	-93.319797124282
1.8540000000000	-93.563205794743
1.8560000000000	-93.807171676741
1.8580000000000	-94.051685572521
1.8600000000000	-94.296738317817
1.8620000000000	-94.542320782703
1.8640000000000	-94.788423872413
1.8660000000000	-95.035038528139
1.8680000000000	-95.282155727790
1.8700000000000	-95.529766486725
1.8720000000000	-95.777861858453
1.8740000000000	-96.026432935307
1.8760000000000	-96.275470849084
1.8780000000000	-96.524966771663
1.8800000000000	-96.774911915581
1.8820000000000	-97.025297534591
1.8840000000000	-97.276114924187
1.8860000000000	-97.527355422102
1.8880000000000	-97.779010408769
1.8900000000000	-98.031071307769
1.8920000000000	-98.283529586235
1.8940000000000	-98.536376755242
1.8960000000000	-98.789604370157
1.8980000000000	-99.043204030972
1.9000000000000	-99.297167382605
1.9020000000000	-99.551486115176
1.9040000000000	-99.806151964254
1.9060000000000	-100.06115671109
1.9080000000000	-100.31649218279
1.9100000000000	-100.57215025252
1.9120000000000	-100.82812283963
1.9140000000000	-101.08440190981
1.9160000000000	-101.34097947513
1.9180000000000	-101.59784759418
1.9200000000000	-101.85499837209
1.9220000000000	-102.11242396055
1.9240000000000	-102.37011655787
1.9260000000000	-102.62806840889
1.9280000000000	-102.88627180501
1.9300000000000	-103.14471908412
1.9320000000000	-103.40340263047
1.9340000000000	-103.66231487467
1.9360000000000	-103.92144829348
1.9380000000000	-104.18079540974
1.9400000000000	-104.44034879218
1.9420000000000	-104.70010105527
1.9440000000000	-104.96004485900
1.9460000000000	-105.22017290872
1.9480000000000	-105.48047795489
1.9500000000000	-105.74095279284
1.9520000000000	-106.00159026250
1.9540000000000	-106.26238324819
1.9560000000000	-106.52332467827
1.9580000000000	-106.78440752487
1.9600000000000	-107.04562480360
1.9620000000000	-107.30696957320
1.9640000000000	-107.56843493518
1.9660000000000	-107.83001403354
1.9680000000000	-108.09170005436
1.9700000000000	-108.35348622544
1.9720000000000	-108.61536581593
1.9740000000000	-108.87733213593
1.9760000000000	-109.13937853610
1.9780000000000	-109.40149840724
1.9800000000000	-109.66368517990
1.9820000000000	-109.92593232393
1.9840000000000	-110.18823334807
1.9860000000000	-110.45058179949
1.9880000000000	-110.71297126339
1.9900000000000	-110.97539536251
1.9920000000000	-111.23784775670
1.9940000000000	-111.50032214246
1.9960000000000	-111.76281225248
1.9980000000000	-112.02531185517
2.0000000000000	-112.28781475423
2.0020000000000	-112.55031478810
2.0040000000000	-112.81280582960
2.0060000000000	-113.07528178537
2.0080000000000	-113.33773659543
2.0100000000000	-113.60016423273
2.0120000000000	-113.86255870263
2.0140000000000	-114.12491404247
2.0160000000000	-114.38722432109
2.0180000000000	-114.64948363836
2.0200000000000	-114.91168612471
2.0220000000000	-115.17382594067
2.0240000000000	-115.43589727640
2.0260000000000	-115.69789435126
2.0280000000000	-115.95981141334
2.0300000000000	-116.22164273901
2.0320000000000	-116.48338263248
2.0340000000000	-116.74502542538
2.0360000000000	-117.00656547628
2.0380000000000	-117.26799717033
2.0400000000000	-117.52931491879
2.0420000000000	-117.79051315863
2.0440000000000	-118.05158635214
2.0460000000000	-118.31252898652
2.0480000000000	-118.57333557350
2.0500000000000	-118.83400064893
2.0520000000000	-119.09451877246
2.0540000000000	-119.35488452713
2.0560000000000	-119.61509251903
2.0580000000000	-119.87513737699
2.0600000000000	-120.13501375217
2.0620000000000	-120.39471631784
2.0640000000000	-120.65423976896
2.0660000000000	-120.91357882196
2.0680000000000	-121.17272821442
2.0700000000000	-121.43168270479
2.0720000000000	-121.69043707211
2.0740000000000	-121.94898611580
2.0760000000000	-122.20732465536
2.0780000000000	-122.46544753018
2.0800000000000	-122.72334959934
2.0820000000000	-122.98102574132
2.0840000000000	-123.23847085393
2.0860000000000	-123.49567985403
2.0880000000000	-123.75264767742
2.0900000000000	-124.00936927868
2.0920000000000	-124.26583963103
2.0940000000000	-124.52205372621
2.0960000000000	-124.77800657436
2.0980000000000	-125.03369320397
2.1000000000000	-125.28910866173
2.1020000000000	-125.54424801253
2.1040000000000	-125.79910633938
2.1060000000000	-126.05367874338
2.1080000000000	-126.30796034370
2.1100000000000	-126.56194627758
2.1120000000000	-126.81563170032
2.1140000000000	-127.06901178534
2.1160000000000	-127.32208172419
2.1180000000000	-127.57483672661
2.1200000000000	-127.82727202062
2.1220000000000	-128.07938285256
2.1240000000000	-128.33116448726
2.1260000000000	-128.58261220809
2.1280000000000	-128.83372131711
2.1300000000000	-129.08448713523
2.1320000000000	-129.33490500237
2.1340000000000	-129.58497027760
2.1360000000000	-129.83467833938
2.1380000000000	-130.08402458572
2.1400000000000	-130.33300443444
2.1420000000000	-130.58161332335
2.1440000000000	-130.82984671056
2.1460000000000	-131.07770007469
2.1480000000000	-131.32516891519
2.1500000000000	-131.57224875259
2.1520000000000	-131.81893512884
2.1540000000000	-132.06522360758
2.1560000000000	-132.31110977455
2.1580000000000	-132.55658923784
2.1600000000000	-132.80165762833
2.1620000000000	-133.04631060000
2.1640000000000	-133.29054383036
2.1660000000000	-133.53435302081
2.1680000000000	-133.77773389707
2.1700000000000	-134.02068220960
2.1720000000000	-134.26319373402
2.1740000000000	-134.50526427156
2.1760000000000	-134.74688964951
2.1780000000000	-134.98806572170
2.1800000000000	-135.22878836897
2.1820000000000	-135.46905349964
2.1840000000000	-135.70885705004
2.1860000000000	-135.94819498498
2.1880000000000	-136.18706329831
2.1900000000000	-136.42545801340
2.1920000000000	-136.66337518370
2.1940000000000	-136.90081089330
2.1960000000000	-137.13776125742
2.1980000000000	-137.37422242306
2.2000000000000	-137.61019056949
2.2020000000000	-137.84566190885
2.2040000000000	-138.08063268673
2.2060000000000	-138.31509918278
2.2080000000000	-138.54905771128
2.2100000000000	-138.78250462171
2.2120000000000	-139.01543629943
2.2140000000000	-139.24784916623
2.2160000000000	-139.47973968094
2.2180000000000	-139.71110434011
2.2200000000000	-139.94193967855
2.2220000000000	-140.17224227001
2.2240000000000	-140.40200872782
2.2260000000000	-140.63123570545
2.2280000000000	-140.85991989722
2.2300000000000	-141.08805803889
2.2320000000000	-141.31564690830
2.2340000000000	-141.54268332603
2.2360000000000	-141.76916415602
2.2380000000000	-141.99508630620
2.2400000000000	-142.22044672914
2.2420000000000	-142.44524242268
2.2440000000000	-142.66947043059
2.2460000000000	-142.89312784314
2.2480000000000	-143.11621179782
2.2500000000000	-143.33871947987
2.2520000000000	-143.56064812301
2.2540000000000	-143.78199500997
2.2560000000000	-144.00275747316
2.2580000000000	-144.22293289530
2.2600000000000	-144.44251870997
2.2620000000000	-144.66151240226
2.2640000000000	-144.87991150939
2.2660000000000	-145.09771362122
2.2680000000000	-145.31491638095
2.2700000000000	-145.53151748560
2.2720000000000	-145.74751468667
2.2740000000000	-145.96290579063
2.2760000000000	-146.17768865955
2.2780000000000	-146.39186121159
2.2800000000000	-146.60542142159
2.2820000000000	-146.81836732158
2.2840000000000	-147.03069700132
2.2860000000000	-147.24240860879
2.2880000000000	-147.45350035071
2.2900000000000	-147.66397049307
2.2920000000000	-147.87381736154
2.2940000000000	-148.08303934201
2.2960000000000	-148.29163488102
2.2980000000000	-148.49960248620
2.3000000000000	-148.70694072676
2.3020000000000	-148.91364823384
2.3040000000000	-149.11972370100
2.3060000000000	-149.32516588457
2.3080000000000	-149.52997360403
2.3100000000000	-149.73414574245
2.3120000000000	-149.93768124677
2.3140000000000	-150.14057912819
2.3160000000000	-150.34283846249
2.3180000000000	-150.54445839036
2.3200000000000	-150.74543811769
2.3220000000000	-150.94577691583
2.3240000000000	-151.14547412193
2.3260000000000	-151.34452913913
2.3280000000000	-151.54294143683
2.3300000000000	-151.74071055091
2.3320000000000	-151.93783608394
2.3340000000000	-152.13431770537
2.3360000000000	-152.33015515171
2.3380000000000	-152.52534822667
2.3400000000000	-152.71989680134
2.3420000000000	-152.91380081426
2.3440000000000	-153.10706027160
2.3460000000000	-153.29967524716
2.3480000000000	-153.49164588253
2.3500000000000	-153.68297238711
2.3520000000000	-153.87365503811
2.3540000000000	-154.06369418066
2.3560000000000	-154.25309022771
2.3580000000000	-154.44184366011
2.3600000000000	-154.62995502651
2.3620000000000	-154.81742494333
2.3640000000000	-155.00425409471
2.3660000000000	-155.19044323240
2.3680000000000	-155.37599317566
2.3700000000000	-155.56090481115
2.3720000000000	-155.74517909279
2.3740000000000	-155.92881704156
2.3760000000000	-156.11181974540
2.3780000000000	-156.29418835895
2.3800000000000	-156.47592410336
2.3820000000000	-156.65702826608
2.3840000000000	-156.83750220057
2.3860000000000	-157.01734732609
2.3880000000000	-157.19656512736
2.3900000000000	-157.37515715432
2.3920000000000	-157.55312502174
2.3940000000000	-157.73047040895
2.3960000000000	-157.90719505948
2.3980000000000	-158.08330078063
2.4000000000000	-158.25878944318
2.4020000000000	-158.43366298091
2.4040000000000	-158.60792339020
2.4060000000000	-158.78157272964
2.4080000000000	-158.95461311949
2.4100000000000	-159.12704674131
2.4120000000000	-159.29887583740
2.4140000000000	-159.47010271035
2.4160000000000	-159.64072972250
2.4180000000000	-159.81075929540
2.4200000000000	-159.98019390932
2.4220000000000	-160.14903610260
2.4240000000000	-160.31728847118
2.4260000000000	-160.48495366791
2.4280000000000	-160.65203440202
2.4300000000000	-160.81853343848
2.4320000000000	-160.98445359735
2.4340000000000	-161.14979775318
2.4360000000000	-161.31456883430
2.4380000000000	-161.47876982219
2.4400000000000	-161.64240375079
2.4420000000000	-161.80547370579
2.4440000000000	-161.96798282395
2.4460000000000	-162.12993429234
2.4480000000000	-162.29133134766
2.4500000000000	-162.45217727549
2.4520000000000	-162.61247540948
2.4540000000000	-162.77222913068
2.4560000000000	-162.93144186672
2.4580000000000	-163.09011709099
2.4600000000000	-163.24825832196
2.4620000000000	-163.40586912225
2.4640000000000	-163.56295309793
2.4660000000000	-163.71951389763
2.4680000000000	-163.87555521175
2.4700000000000	-164.03108077164
2.4720000000000	-164.18609434872
2.4740000000000	-164.34059975366
2.4760000000000	-164.49460083552
2.4780000000000	-164.64810148088
2.4800000000000	-164.80110561302
2.4820000000000	-164.95361719097
2.4840000000000	-165.10564020870
2.4860000000000	-165.25717869421
2.4880000000000	-165.40823670865
2.4900000000000	-165.55881834541
2.4920000000000	-165.70892772927
2.4940000000000	-165.85856901545
2.4960000000000	-166.00774638874
2.4980000000000	-166.15646406260
2.5000000000000	-166.30472627823
2.5020000000000	-166.45253730367
2.5040000000000	-166.59990143290
2.5060000000000	-166.74682298491
2.5080000000000	-166.89330630280
2.5100000000000	-167.03935575288
2.5120000000000	-167.18497572370
2.5140000000000	-167.33017062522
2.5160000000000	-167.47494488780
2.5180000000000	-167.61930296138
2.5200000000000	-167.76324931448
2.5220000000000	-167.90678843336
2.5240000000000	-168.04992482108
2.5260000000000	-168.19266299656
2.5280000000000	-168.33500749373
2.5300000000000	-168.47696286061
2.5320000000000	-168.61853365837
2.5340000000000	-168.75972446049
2.5360000000000	-168.90053985181
2.5380000000000	-169.04098442770
2.5400000000000	-169.18106279310
2.5420000000000	-169.32077956171
2.5440000000000	-169.46013935506
2.5460000000000	-169.59914680167
2.5480000000000	-169.73780653613
2.5500000000000	-169.87612319832
2.5520000000000	-170.01410143247
2.5540000000000	-170.15174588636
2.5560000000000	-170.28906121047
2.5580000000000	-170.42605205709
2.5600000000000	-170.56272307956
2.5620000000000	-170.69907893141
2.5640000000000	-170.83512426551
2.5660000000000	-170.97086373332
2.5680000000000	-171.10630198405
2.5700000000000	-171.24144366386
2.5720000000000	-171.37629341509
2.5740000000000	-171.51085587545
2.5760000000000	-171.64513567728
2.5780000000000	-171.77913744679
2.5800000000000	-171.91286580325
2.5820000000000	-172.04632535832
2.5840000000000	-172.17952071523
2.5860000000000	-172.31245646815
2.5880000000000	-172.44513720136
2.5900000000000	-172.57756748864
2.5920000000000	-172.70975189249
2.5940000000000	-172.84169496351
2.5960000000000	-172.97340123965
2.5980000000000	-173.10487524560
2.6000000000000	-173.23612149209
2.6020000000000	-173.36714447526
2.6040000000000	-173.49794867600
2.6060000000000	-173.62853855935
2.6080000000000	-173.75891857384
2.6100000000000	-173.88909315092
2.6120000000000	-174.01906670435
2.6140000000000	-174.14884362959
2.6160000000000	-174.27842830325
2.6180000000000	-174.40782508252
2.6200000000000	-174.53703830459
2.6220000000000	-174.66607228616
2.6240000000000	-174.79493132285
2.6260000000000	-174.92361968868
2.6280000000000	-175.05214163563
2.6300000000000	-175.18050139304
2.6320000000000	-175.30870316720
2.6340000000000	-175.43675114083
2.6360000000000	-175.56464947262
2.6380000000000	-175.69240229679
2.6400000000000	-175.82001372263
2.6420000000000	-175.94748783407
2.6440000000000	-176.07482868927
2.6460000000000	-176.20204032018
2.6480000000000	-176.32912673217
2.6500000000000	-176.45609190362
2.6520000000000	-176.58293978557
2.6540000000000	-176.70967430131
2.6560000000000	-176.83629934606
2.6580000000000	-176.96281878661
2.6600000000000	-177.08923646099
2.6620000000000	-177.21555617814
2.6640000000000	-177.34178171760
2.6660000000000	-177.46791682922
2.6680000000000	-177.59396523286
2.6700000000000	-177.71993061809
2.6720000000000	-177.84581664396
2.6740000000000	-177.97162693870
2.6760000000000	-178.09736509949
2.6780000000000	-178.22303469222
2.6800000000000	-178.34863925128
2.6820000000000	-178.47418227930
2.6840000000000	-178.59966724696
2.6860000000000	-178.72509759281
2.6880000000000	-178.85047672305
2.6900000000000	-178.97580801137
2.6920000000000	-179.10109479879
2.6940000000000	-179.22634039345
2.6960000000000	-179.35154807053
2.6980000000000	-179.47672107207
2.7000000000000	-179.60186260681
2.7020000000000	-179.72697585014
2.7040000000000	-179.85206394391
2.7060000000000	-179.97712999639
2.7080000000000	179.89782291789
2.7100000000000	179.77279175816
2.7120000000000	179.64777351754
2.7140000000000	179.52276522310
2.7160000000000	179.39776393592
2.7180000000000	179.27276675111
2.7200000000000	179.14777079792
2.7220000000000	179.02277323973
2.7240000000000	178.89777127409
2.7260000000000	178.77276213276
2.7280000000000	178.64774308171
2.7300000000000	178.52271142112
2.7320000000000	178.39766448541
2.7340000000000	178.27259964319
2.7360000000000	178.14751429729
2.7380000000000	178.02240588471
2.7400000000000	177.89727187661
2.7420000000000	177.77210977826
2.7440000000000	177.64691712900
2.7460000000000	177.52169150221
2.7480000000000	177.39643050526
2.7500000000000	177.27113177940
2.7520000000000	177.14579299977
2.7540000000000	177.02041187527
2.7560000000000	176.89498614850
2.7580000000000	176.76951359568
2.7600000000000	176.64399202659
2.7620000000000	176.51841928440
2.7640000000000	176.39279324566
2.7660000000000	176.26711182013
2.7680000000000	176.14137295071
2.7700000000000	176.01557461331
2.7720000000000	175.88971481673
2.7740000000000	175.76379160254
2.7760000000000	175.63780304495
2.7780000000000	175.51174725070
2.7800000000000	175.38562235887
2.7820000000000	175.25942654081
2.7840000000000	175.13315799994
2.7860000000000	175.00681497162
2.7880000000000	174.88039572301
2.7900000000000	174.75389855289
2.7920000000000	174.62732179152
2.7940000000000	174.50066380048
2.7960000000000	174.37392297249
2.7980000000000	174.24709773123
2.8000000000000	174.12018653120
2.8020000000000	173.99318785754
2.8040000000000	173.86610022581
2.8060000000000	173.73892218186
2.8080000000000	173.61165230161
2.8100000000000	173.48428919091
2.8120000000000	173.35683148527
2.8140000000000	173.22927784977
2.8160000000000	173.10162697879
2.8180000000000	172.97387759584
2.8200000000000	172.84602845336
2.8220000000000	172.71807833254
2.8240000000000	172.59002604308
2.8260000000000	172.46187042302
2.8280000000000	172.33361033853
2.8300000000000	172.20524468369
2.8320000000000	172.07677238027
2.8340000000000	171.94819237757
2.8360000000000	171.81950365215
2.8380000000000	171.69070520767
2.8400000000000	171.56179607463
2.8420000000000	171.43277531019
2.8440000000000	171.30364199794
2.8460000000000	171.17439524769
2.8480000000000	171.04503419522
2.8500000000000	170.91555800213
2.8520000000000	170.78596585556
2.8540000000000	170.65625696797
2.8560000000000	170.52643057698
2.8580000000000	170.39648594508
2.8600000000000	170.26642235945
2.8620000000000	170.13623913171
2.8640000000000	170.00593559774
2.8660000000000	169.87551111742
2.8680000000000	169.74496507440
2.8700000000000	169.61429687592
2.8720000000000	169.48350595255
2.8740000000000	169.35259175798
2.8760000000000	169.22155376880
2.8780000000000	169.09039148428
2.8800000000000	168.95910442612
2.8820000000000	168.82769213827
2.8840000000000	168.69615418668
2.8860000000000	168.56449015908
2.8880000000000	168.43269966475
2.8900000000000	168.30078233432
2.8920000000000	168.16873781955
2.8940000000000	168.03656579309
2.8960000000000	167.90426594824
2.8980000000000	167.77183799881
2.9000000000000	167.63928167880
2.9020000000000	167.50659674225
2.9040000000000	167.37378296300
2.9060000000000	167.24084013449
2.9080000000000	167.10776806949
2.9100000000000	166.97456659995
2.9120000000000	166.84123557674
2.9140000000000	166.70777486948
2.9160000000000	166.57418436625
2.9180000000000	166.44046397348
2.9200000000000	166.30661361563
2.9220000000000	166.17263323508
2.9240000000000	166.03852279184
2.9260000000000	165.90428226339
2.9280000000000	165.76991164444
2.9300000000000	165.63541094675
2.9320000000000	165.50078019891
2.9340000000000	165.36601944613
2.9360000000000	165.23112875005
2.9380000000000	165.09610818854
2.9400000000000	164.96095785546
2.9420000000000	164.82567786052
2.9440000000000	164.69026832901
2.9460000000000	164.55472940168
2.9480000000000	164.41906123447
2.9500000000000	164.28326399837
2.9520000000000	164.14733787919
2.9540000000000	164.01128307737
2.9560000000000	163.87509980782
2.9580000000000	163.73878829967
2.9600000000000	163.60234879615
2.9620000000000	163.46578155435
2.9640000000000	163.32908684503
2.9660000000000	163.19226495249
2.9680000000000	163.05531617432
2.9700000000000	162.91824082125
2.9720000000000	162.78103921696
2.9740000000000	162.64371169791
2.9760000000000	162.50625861314
2.9780000000000	162.36868032412
2.9800000000000	162.23097720452
2.9820000000000	162.09314964012
2.9840000000000	161.95519802854
2.9860000000000	161.81712277914
2.9880000000000	161.67892431282
2.9900000000000	161.54060306183
2.9920000000000	161.40215946964
2.9940000000000	161.26359399076
2.9960000000000	161.12490709054
2.9980000000000	160.98609924507
3.0000000000000	160.84717094094
3.0020000000000	160.70812267515
3.0040000000000	160.56895495489
3.0060000000000	160.42966829743
3.0080000000000	160.29026322991
3.0100000000000	160.15074028925
3.0120000000000	160.01110002191
3.0140000000000	159.87134298381
3.0160000000000	159.73146974014
3.0180000000000	159.59148086522
3.0200000000000	159.45137694234
3.0220000000000	159.31115856363
3.0240000000000	159.17082632988
3.0260000000000	159.03038085042
3.0280000000000	158.88982274298
3.0300000000000	158.74915263352
3.0320000000000	158.60837115611
3.0340000000000	158.46747895278
3.0360000000000	158.32647667337
3.0380000000000	158.18536497541
3.0400000000000	158.04414452398
3.0420000000000	157.90281599157
3.0440000000000	157.76138005792
3.0460000000000	157.61983740995
3.0480000000000	157.47818874156
3.0500000000000	157.33643475352
3.0520000000000	157.19457615338
3.0540000000000	157.05261365529
3.0560000000000	156.91054797988
3.0580000000000	156.76837985416
3.0600000000000	156.62611001138
3.0620000000000	156.48373919092
3.0640000000000	156.34126813812
3.0660000000000	156.19869760422
3.0680000000000	156.05602834621
3.0700000000000	155.91326112671
3.0720000000000	155.77039671385
3.0740000000000	155.62743588118
3.0760000000000	155.48437940751
3.0780000000000	155.34122807683
3.0800000000000	155.19798267821
3.0820000000000	155.05464400562
3.0840000000000	154.91121285790
3.0860000000000	154.76769003860
3.0880000000000	154.62407635589
3.0900000000000	154.48037262244
3.0920000000000	154.33657965534
3.0940000000000	154.19269827596
3.0960000000000	154.04872930986
3.0980000000000	153.90467358670
3.1000000000000	153.76053194013
3.1020000000000	153.61630520767
3.1040000000000	153.47199423063
3.1060000000000	153.32759985401
3.1080000000000	153.18312292640
3.1100000000000	153.03856429988
3.1120000000000	152.89392482992
3.1140000000000	152.74920537529
3.1160000000000	152.60440679798
3.1180000000000	152.45952996308
3.1200000000000	152.31457573870
3.1220000000000	152.16954499589
3.1240000000000	152.02443860852
3.1260000000000	151.87925745325
3.1280000000000	151.73400240935
3.1300000000000	151.58867435872
3.1320000000000	151.44327418569
3.1340000000000	151.29780277705
3.1360000000000	151.15226102188
3.1380000000000	151.00664981148
3.1400000000000	150.86097003935
3.1420000000000	150.71522260101
3.1440000000000	150.56940839400
3.1460000000000	150.42352831776
3.1480000000000	150.27758327357
3.1500000000000	150.13157416445
3.1520000000000	149.98550189509
3.1540000000000	149.83936737180
3.1560000000000	149.69317150240
3.1580000000000	149.54691519615
3.1600000000000	149.40059936369
3.1620000000000	149.25422491696
3.1640000000000	149.10779276913
3.1660000000000	148.96130383453
3.1680000000000	148.81475902855
3.1700000000000	148.66815926763
3.1720000000000	148.52150546913
3.1740000000000	148.37479855129
3.1760000000000	148.22803943317
3.1780000000000	148.08122903455
3.1800000000000	147.93436827592
3.1820000000000	147.78745807835
3.1840000000000	147.64049936346
3.1860000000000	147.49349305336
3.1880000000000	147.34644007057
3.1900000000000	147.19934133798
3.1920000000000	147.05219777874
3.1940000000000	146.90501031627
3.1960000000000	146.75777987414
3.1980000000000	146.61050737604
3.2000000000000	146.46319374569
#
#"Frequency / GHz"	"S2,2 [Phase / deg]"
#--------------------------------------
1.2000000000000	147.02634646655
1.2020000000000	146.89742596121
1.2040000000000	146.76822651004
1.2060000000000	146.63874790513
1.2080000000000	146.50898994234
1.2100000000000	146.37895242149
1.2120000000000	146.24863514633
1.2140000000000	146.11803792463
1.2160000000000	145.98716056829
1.2180000000000	145.85600289337
1.2200000000000	145.72456472018
1.2220000000000	145.59284587337
1.2240000000000	145.46084618196
1.2260000000000	145.32856547948
1.2280000000000	145.19600360401
1.2300000000000	145.06316039826
1.2320000000000	144.93003570969
1.2340000000000	144.79662939057
1.2360000000000	144.66294129806
1.2380000000000	144.52897129434
1.2400000000000	144.39471924665
1.2420000000000	144.26018502744
1.2440000000000	144.12536851442
1.2460000000000	143.99026959069
1.2480000000000	143.85488814482
1.2500000000000	143.71922407098
1.2520000000000	143.58327726902
1.2540000000000	143.44704764460
1.2560000000000	143.31053510929
1.2580000000000	143.17373958068
1.2600000000000	143.03666098253
1.2620000000000	142.89929924482
1.2640000000000	142.76165430396
1.2660000000000	142.62372610284
1.2680000000000	142.48551459100
1.2700000000000	142.34701972476
1.2720000000000	142.20824146733
1.2740000000000	142.06917978897
1.2760000000000	141.92983466712
1.2780000000000	141.79020608654
1.2800000000000	141.65029403947
1.2820000000000	141.51009852576
1.2840000000000	141.36961955304
1.2860000000000	141.22885713689
1.2880000000000	141.08781130096
1.2900000000000	140.94648207717
1.2920000000000	140.80486950586
1.2940000000000	140.66297363596
1.2960000000000	140.52079452519
1.2980000000000	140.37833224021
1.3000000000000	140.23558685682
1.3020000000000	140.09255846013
1.3040000000000	139.94924714479
1.3060000000000	139.80565301514
1.3080000000000	139.66177618545
1.3100000000000	139.51761678008
1.3120000000000	139.37317493373
1.3140000000000	139.22845079166
1.3160000000000	139.08344450984
1.3180000000000	138.93815625528
1.3200000000000	138.79258620615
1.3220000000000	138.64673455209
1.3240000000000	138.50060149441
1.3260000000000	138.35418724636
1.3280000000000	138.20749203335
1.3300000000000	138.06051609322
1.3320000000000	137.91325967650
1.3340000000000	137.76572304667
1.3360000000000	137.61790648044
1.3380000000000	137.46981026800
1.3400000000000	137.32143471334
1.3420000000000	137.17278013452
1.3440000000000	137.02384686394
1.3460000000000	136.87463524869
1.3480000000000	136.72514565082
1.3500000000000	136.57537844765
1.3520000000000	136.42533403213
1.3540000000000	136.27501281310
1.3560000000000	136.12441521569
1.3580000000000	135.97354168161
1.3600000000000	135.82239266953
1.3620000000000	135.67096865540
1.3640000000000	135.51927013283
1.3660000000000	135.36729761347
1.3680000000000	135.21505162735
1.3700000000000	135.06253272328
1.3720000000000	134.90974146925
1.3740000000000	134.75667845281
1.3760000000000	134.60334428147
1.3780000000000	134.44973958314
1.3800000000000	134.29586500652
1.3820000000000	134.14172122155
1.3840000000000	133.98730891981
1.3860000000000	133.83262881502
1.3880000000000	133.67768164346
1.3900000000000	133.52246816443
1.3920000000000	133.36698916070
1.3940000000000	133.21124543906
1.3960000000000	133.05523783072
1.3980000000000	132.89896719187
1.4000000000000	132.74243440414
1.4020000000000	132.58564037517
1.4040000000000	132.42858603905
1.4060000000000	132.27127235693
1.4080000000000	132.11370031754
1.4100000000000	131.95587093771
1.4120000000000	131.79778526296
1.4140000000000	131.63944436808
1.4160000000000	131.48084935767
1.4180000000000	131.32200136677
1.4200000000000	131.16290156143
1.4220000000000	131.00355113934
1.4240000000000	130.84395133044
1.4260000000000	130.68410339756
1.4280000000000	130.52400863704
1.4300000000000	130.36366837938
1.4320000000000	130.20308398994
1.4340000000000	130.04225686955
1.4360000000000	129.88118845524
1.4380000000000	129.71988022092
1.4400000000000	129.55833367805
1.4420000000000	129.39655037639
1.4440000000000	129.23453190471
1.4460000000000	129.07227989153
1.4480000000000	128.90979600585
1.4500000000000	128.74708195790
1.4520000000000	128.58413949993
1.4540000000000	128.42097042697
1.4560000000000	128.25757657761
1.4580000000000	128.09395983483
1.4600000000000	127.93012212674
1.4620000000000	127.76606542748
1.4640000000000	127.60179175799
1.4660000000000	127.43730318688
1.4680000000000	127.27260183125
1.4700000000000	127.10768985760
1.4720000000000	126.94256948262
1.4740000000000	126.77724297418
1.4760000000000	126.61171265210
1.4780000000000	126.44598088915
1.4800000000000	126.28005011192
1.4820000000000	126.11392280171
1.4840000000000	125.94760149554
1.4860000000000	125.78108878700
1.4880000000000	125.61438732727
1.4900000000000	125.44749982604
1.4920000000000	125.28042905248
1.4940000000000	125.11317783625
1.4960000000000	124.94574906842
1.4980000000000	124.77814570255
1.5000000000000	124.61037075562
1.5020000000000	124.44242730907
1.5040000000000	124.27431850982
1.5060000000000	124.10604757128
1.5080000000000	123.93761777441
1.5100000000000	123.76903246872
1.5120000000000	123.60029507335
1.5140000000000	123.43140907812
1.5160000000000	123.26237804456
1.5180000000000	123.09320560700
1.5200000000000	122.92389547365
1.5220000000000	122.75445142762
1.5240000000000	122.58487732806
1.5260000000000	122.41517711120
1.5280000000000	122.24535479146
1.5300000000000	122.07541446252
1.5320000000000	121.90536029842
1.5340000000000	121.73519655465
1.5360000000000	121.56492756926
1.5380000000000	121.39455776391
1.5400000000000	121.22409164502
1.5420000000000	121.05353380481
1.5440000000000	120.88288892246
1.5460000000000	120.71216176512
1.5480000000000	120.54135718908
1.5500000000000	120.37048014080
1.5520000000000	120.19953565800
1.5540000000000	120.02852887076
1.5560000000000	119.85746500261
1.5580000000000	119.68634937152
1.5600000000000	119.51518739105
1.5620000000000	119.34398457135
1.5640000000000	119.17274652020
1.5660000000000	119.00147894410
1.5680000000000	118.83018764922
1.5700000000000	118.65887854247
1.5720000000000	118.48755763250
1.5740000000000	118.31623103064
1.5760000000000	118.14490495194
1.5780000000000	117.97358571609
1.5800000000000	117.80227974837
1.5820000000000	117.63099358058
1.5840000000000	117.45973385199
1.5860000000000	117.28850731015
1.5880000000000	117.11732081185
1.5900000000000	116.94618132390
1.5920000000000	116.77509592400
1.5940000000000	116.60407180155
1.5960000000000	116.43311625841
1.5980000000000	116.26223670964
1.6000000000000	116.09144068429
1.6020000000000	115.92073582605
1.6040000000000	115.75012989393
1.6060000000000	115.57963076295
1.6080000000000	115.40924642467
1.6100000000000	115.23898498786
1.6120000000000	115.06885467898
1.6140000000000	114.89886384273
1.6160000000000	114.72902094252
1.6180000000000	114.55933456088
1.6200000000000	114.38981339992
1.6220000000000	114.22046628164
1.6240000000000	114.05130214830
1.6260000000000	113.88233006264
1.6280000000000	113.71355920820
1.6300000000000	113.54499888945
1.6320000000000	113.37665853196
1.6340000000000	113.20854768252
1.6360000000000	113.04067600920
1.6380000000000	112.87305330133
1.6400000000000	112.70568946950
1.6420000000000	112.53859454548
1.6440000000000	112.37177868204
1.6460000000000	112.20525215279
1.6480000000000	112.03902535196
1.6500000000000	111.87310879408
1.6520000000000	111.70751311364
1.6540000000000	111.54224906470
1.6560000000000	111.37732752046
1.6580000000000	111.21275947270
1.6600000000000	111.04855603127
1.6620000000000	110.88472842343
1.6640000000000	110.72128799322
1.6660000000000	110.55824620069
1.6680000000000	110.39561462116
1.6700000000000	110.23340494432
1.6720000000000	110.07162897338
1.6740000000000	109.91029862412
1.6760000000000	109.74942592383
1.6780000000000	109.58902301032
1.6800000000000	109.42910213073
1.6820000000000	109.26967564042
1.6840000000000	109.11075600169
1.6860000000000	108.95235578256
1.6880000000000	108.79448765538
1.6900000000000	108.63716439552
1.6920000000000	108.48039887987
1.6940000000000	108.32420408545
1.6960000000000	108.16859308780
1.6980000000000	108.01357905949
1.7000000000000	107.85917526848
1.7020000000000	107.70539507647
1.7040000000000	107.55225193725
1.7060000000000	107.39975939495
1.7080000000000	107.24793108229
1.7100000000000	107.09678071884
1.7120000000000	106.94632210917
1.7140000000000	106.79656914105
1.7160000000000	106.64753578358
1.7180000000000	106.49923608533
1.7200000000000	106.35168417248
1.7220000000000	106.20489424693
1.7240000000000	106.05888058438
1.7260000000000	105.91365753247
1.7280000000000	105.76923950892
1.7300000000000	105.62564099958
1.7320000000000	105.48287655665
1.7340000000000	105.34096079681
1.7360000000000	105.19990839940
1.7380000000000	105.05973410466
1.7400000000000	104.92045271198
1.7420000000000	104.78207907823
1.7440000000000	104.64462811607
1.7460000000000	104.50811479241
1.7480000000000	104.37255412690
1.7500000000000	104.23796119044
1.7520000000000	104.10435110386
1.7540000000000	103.97173903662
1.7560000000000	103.84014020567
1.7580000000000	103.70956987436
1.7600000000000	103.58004335147
1.7620000000000	103.45157599043
1.7640000000000	103.32418318859
1.7660000000000	103.19788038668
1.7680000000000	103.07268306842
1.7700000000000	102.94860676029
1.7720000000000	102.82566703146
1.7740000000000	102.70387949395
1.7760000000000	102.58325980291
1.7780000000000	102.46382365719
1.7800000000000	102.34558680012
1.7820000000000	102.22856502042
1.7840000000000	102.11277415354
1.7860000000000	101.99823008304
1.7880000000000	101.88494874246
1.7900000000000	101.77294611730
1.7920000000000	101.66223824740
1.7940000000000	101.55284122957
1.7960000000000	101.44477122064
1.7980000000000	101.33804444072
1.8000000000000	101.23267717693
1.8020000000000	101.12868578747
1.8040000000000	101.02608670604
1.8060000000000	100.92489644671
1.8080000000000	100.82513160922
1.8100000000000	100.72680888468
1.8120000000000	100.62994506176
1.8140000000000	100.53455703330
1.8160000000000	100.44066180355
1.8180000000000	100.34827649574
1.8200000000000	100.25741836031
1.8220000000000	100.16810478368
1.8240000000000	100.08035329752
1.8260000000000	99.994181588730
1.8280000000000	99.909607509911
1.8300000000000	99.826649090577
1.8320000000000	99.745324548976
1.8340000000000	99.665652304613
1.8360000000000	99.587650991485
1.8380000000000	99.511339472042
1.8400000000000	99.436736851924
1.8420000000000	99.363862495479
1.8440000000000	99.292736042097
1.8460000000000	99.223377423396
1.8480000000000	99.155806881278
1.8500000000000	99.090044986899
1.8520000000000	99.026112660571
1.8540000000000	98.964031192640
1.8560000000000	98.903822265370
1.8580000000000	98.845507975875
1.8600000000000	98.789110860126
1.8620000000000	98.734653918078
1.8640000000000	98.682160639966
1.8660000000000	98.631655033790
1.8680000000000	98.583161654066
1.8700000000000	98.536705631854
1.8720000000000	98.492312706138
1.8740000000000	98.450009256599
1.8760000000000	98.409822337834
1.8780000000000	98.371779715074
1.8800000000000	98.335909901469
1.8820000000000	98.302242196988
1.8840000000000	98.270806729016
1.8860000000000	98.241634494695
1.8880000000000	98.214757405096
1.8900000000000	98.190208331292
1.8920000000000	98.168021152407
1.8940000000000	98.148230805731
1.8960000000000	98.130873338977
1.8980000000000	98.115985964793
1.9000000000000	98.103607117596
1.9020000000000	98.093776512857
1.9040000000000	98.086535208930
1.9060000000000	98.081925671549
1.9080000000000	98.079991841094
1.9100000000000	98.080779202779
1.9120000000000	98.084334859872
1.9140000000000	98.090707610106
1.9160000000000	98.099948025411
1.9180000000000	98.112108535147
1.9200000000000	98.127243512984
1.9220000000000	98.145409367614
1.9240000000000	98.166664637478
1.9260000000000	98.191070089702
1.9280000000000	98.218688823458
1.9300000000000	98.249586377944
1.9320000000000	98.283830845245
1.9340000000000	98.321492988291
1.9360000000000	98.362646364180
1.9380000000000	98.407367453138
1.9400000000000	98.455735793388
1.9420000000000	98.507834122250
1.9440000000000	98.563748523761
1.9460000000000	98.623568583173
1.9480000000000	98.687387548662
1.9500000000000	98.755302500628
1.9520000000000	98.827414528965
1.9540000000000	98.903828918716
1.9560000000000	98.984655344529
1.9580000000000	99.070008074382
1.9600000000000	99.160006183015
1.9620000000000	99.254773775596
1.9640000000000	99.354440222095
1.9660000000000	99.459140402937
1.9680000000000	99.569014966453
1.9700000000000	99.684210598741
1.9720000000000	99.804880306497
1.9740000000000	99.931183713469
1.9760000000000	100.06328737114
1.9780000000000	100.20136508431
1.9800000000000	100.34559825221
1.9820000000000	100.49617622589
1.9840000000000	100.65329668249
1.9860000000000	100.81716601706
1.9880000000000	100.98799975275
1.9900000000000	101.16602296984
1.9920000000000	101.35147075440
1.9940000000000	101.54458866708
1.9960000000000	101.74563323272
1.9980000000000	101.95487245111
2.0000000000000	102.17258632948
2.0020000000000	102.39906743696
2.0040000000000	102.63462148113
2.0060000000000	102.87956790685
2.0080000000000	103.13424051699
2.0100000000000	103.39898811484
2.0120000000000	103.67417516733
2.0140000000000	103.96018248811
2.0160000000000	104.25740793904
2.0180000000000	104.56626714796
2.0200000000000	104.88719424050
2.0220000000000	105.22064258242
2.0240000000000	105.56708552861
2.0260000000000	105.92701717384
2.0280000000000	106.30095309906
2.0300000000000	106.68943110609
2.0320000000000	107.09301193194
2.0340000000000	107.51227993224
2.0360000000000	107.94784372146
2.0380000000000	108.40033675543
2.0400000000000	108.87041783904
2.0420000000000	109.35877153920
2.0440000000000	109.86610848007
2.0460000000000	110.39316549386
2.0480000000000	110.94070559649
2.0500000000000	111.50951775319
2.0520000000000	112.10041639411
2.0540000000000	112.71424063473
2.0560000000000	113.35185315056
2.0580000000000	114.01413864931
2.0600000000000	114.70200187762
2.0620000000000	115.41636509357
2.0640000000000	116.15816492933
2.0660000000000	116.92834856318
2.0680000000000	117.72786911472
2.0700000000000	118.55768017306
2.0720000000000	119.41872936575
2.0740000000000	120.31195087618
2.0760000000000	121.23825682014
2.0780000000000	122.19852739979
2.0800000000000	123.19359976520
2.0820000000000	124.22425553218
2.0840000000000	125.29120693055
2.0860000000000	126.39508159096
2.0880000000000	127.53640602182
2.0900000000000	128.71558788078
2.0920000000000	129.93289720891
2.0940000000000	131.18844686887
2.0960000000000	132.48217251024
2.0980000000000	133.81381247315
2.1000000000000	135.18288813234
2.1020000000000	136.58868527203
2.1040000000000	138.03023716209
2.1060000000000	139.50631006988
2.1080000000000	141.01539198151
2.1100000000000	142.55568531297
2.1120000000000	144.12510435702
2.1140000000000	145.72127813042
2.1160000000000	147.34155915373
2.1180000000000	148.98303851321
2.1200000000000	150.64256732668
2.1220000000000	152.31678447156
2.1240000000000	154.00215014996
2.1260000000000	155.69498458008
2.1280000000000	157.39151083776
2.1300000000000	159.08790064712
2.1320000000000	160.78032175461
2.1340000000000	162.46498543068
2.1360000000000	164.13819263592
2.1380000000000	165.79637746487
2.1400000000000	167.43614663288
2.1420000000000	169.05431398773
2.1440000000000	170.64792928692
2.1460000000000	172.21430076591
2.1480000000000	173.75101130722
2.1500000000000	175.25592828871
2.1520000000000	176.72720742442
2.1540000000000	178.16329110177
2.1560000000000	179.56290186074
2.1580000000000	-179.07496824993
2.1600000000000	-177.75107166168
2.1620000000000	-176.46592184283
2.1640000000000	-175.21981167988
2.1660000000000	-174.01283300041
2.1680000000000	-172.84489663255
2.1700000000000	-171.71575248327
2.1720000000000	-170.62500920871
2.1740000000000	-169.57215313846
2.1760000000000	-168.55656619889
2.1780000000000	-167.57754265542
2.1800000000000	-166.63430455890
2.1820000000000	-165.72601583628
2.1840000000000	-164.85179501047
2.1860000000000	-164.01072657000
2.1880000000000	-163.20187103604
2.1900000000000	-162.42427379370
2.1920000000000	-161.67697276780
2.1940000000000	-160.95900503145
2.1960000000000	-160.26941243930
2.1980000000000	-159.60724637811
2.2000000000000	-158.97157172514
2.2020000000000	-158.36147010138
2.2040000000000	-157.77604250160
2.2060000000000	-157.21441137744
2.2080000000000	-156.67572224375
2.2100000000000	-156.15914487216
2.2120000000000	-155.66387412944
2.2140000000000	-155.18913051261
2.2160000000000	-154.73416042667
2.2180000000000	-154.29823624580
2.2200000000000	-153.88065619383
2.2220000000000	-153.48074407540
2.2240000000000	-153.09784888513
2.2260000000000	-152.73134431843
2.2280000000000	-152.38062820436
2.2300000000000	-152.04512187822
2.2320000000000	-151.72426950856
2.2340000000000	-151.41753739159
2.2360000000000	-151.12441322358
2.2380000000000	-150.84440536037
2.2400000000000	-150.57704207140
2.2420000000000	-150.32187079474
2.2440000000000	-150.07845739790
2.2460000000000	-149.84638544901
2.2480000000000	-149.62525550129
2.2500000000000	-149.41468439383
2.2520000000000	-149.21430457044
2.2540000000000	-149.02376341835
2.2560000000000	-148.84272262763
2.2580000000000	-148.67085757239
2.2600000000000	-148.50785671388
2.2620000000000	-148.35342102604
2.2640000000000	-148.20726344323
2.2660000000000	-148.06910833015
2.2680000000000	-147.93869097359
2.2700000000000	-147.81575709565
2.2720000000000	-147.70006238782
2.2740000000000	-147.59137206559
2.2760000000000	-147.48946044272
2.2780000000000	-147.39411052472
2.2800000000000	-147.30511362087
2.2820000000000	-147.22226897394
2.2840000000000	-147.14538340709
2.2860000000000	-147.07427098724
2.2880000000000	-147.00875270415
2.2900000000000	-146.94865616458
2.2920000000000	-146.89381530091
2.2940000000000	-146.84407009357
2.2960000000000	-146.79926630654
2.2980000000000	-146.75925523550
2.3000000000000	-146.72389346793
2.3020000000000	-146.69304265456
2.3040000000000	-146.66656929175
2.3060000000000	-146.64434451418
2.3080000000000	-146.62624389739
2.3100000000000	-146.61214726967
2.3120000000000	-146.60193853284
2.3140000000000	-146.59550549160
2.3160000000000	-146.59273969073
2.3180000000000	-146.59353626017
2.3200000000000	-146.59779376718
2.3220000000000	-146.60541407555
2.3240000000000	-146.61630221131
2.3260000000000	-146.63036623469
2.3280000000000	-146.64751711800
2.3300000000000	-146.66766862923
2.3320000000000	-146.69073722089
2.3340000000000	-146.71664192402
2.3360000000000	-146.74530424703
2.3380000000000	-146.77664807912
2.3400000000000	-146.81059959810
2.3420000000000	-146.84708718235
2.3440000000000	-146.88604132671
2.3460000000000	-146.92739456221
2.3480000000000	-146.97108137932
2.3500000000000	-147.01703815456
2.3520000000000	-147.06520308046
2.3540000000000	-147.11551609849
2.3560000000000	-147.16791883500
2.3580000000000	-147.22235453988
2.3600000000000	-147.27876802797
2.3620000000000	-147.33710562286
2.3640000000000	-147.39731510326
2.3660000000000	-147.45934565152
2.3680000000000	-147.52314780445
2.3700000000000	-147.58867340612
2.3720000000000	-147.65587556273
2.3740000000000	-147.72470859932
2.3760000000000	-147.79512801830
2.3780000000000	-147.86709045970
2.3800000000000	-147.94055366304
2.3820000000000	-148.01547643082
2.3840000000000	-148.09181859341
2.3860000000000	-148.16954097545
2.3880000000000	-148.24860536360
2.3900000000000	-148.32897447548
2.3920000000000	-148.41061193004
2.3940000000000	-148.49348221893
2.3960000000000	-148.57755067909
2.3980000000000	-148.66278346644
2.4000000000000	-148.74914753052
2.4020000000000	-148.83661059021
2.4040000000000	-148.92514111032
2.4060000000000	-149.01470827910
2.4080000000000	-149.10528198664
2.4100000000000	-149.19683280408
2.4120000000000	-149.28933196359
2.4140000000000	-149.38275133911
2.4160000000000	-149.47706342784
2.4180000000000	-149.57224133239
2.4200000000000	-149.66825874361
2.4220000000000	-149.76508992404
2.4240000000000	-149.86270969199
2.4260000000000	-149.96109340615
2.4280000000000	-150.06021695085
2.4300000000000	-150.16005672174
2.4320000000000	-150.26058961206
2.4340000000000	-150.36179299941
2.4360000000000	-150.46364473289
2.4380000000000	-150.56612312083
2.4400000000000	-150.66920691882
2.4420000000000	-150.77287531827
2.4440000000000	-150.87710793526
2.4460000000000	-150.98188479989
2.4480000000000	-151.08718634587
2.4500000000000	-151.19299340054
2.4520000000000	-151.29928717524
2.4540000000000	-151.40604925595
2.4560000000000	-151.51326159426
2.4580000000000	-151.62090649866
2.4600000000000	-151.72896662608
2.4620000000000	-151.83742497377
2.4640000000000	-151.94626487135
2.4660000000000	-152.05546997322
2.4680000000000	-152.16502425110
2.4700000000000	-152.27491198692
2.4720000000000	-152.38511776588
2.4740000000000	-152.49562646968
2.4760000000000	-152.60642327009
2.4780000000000	-152.71749362255
2.4800000000000	-152.82882326015
2.4820000000000	-152.94039818763
2.4840000000000	-153.05220467566
2.4860000000000	-153.16422925526
2.4880000000000	-153.27645871240
2.4900000000000	-153.38888008272
2.4920000000000	-153.50148064648
2.4940000000000	-153.61424792356
2.4960000000000	-153.72716966871
2.4980000000000	-153.84023386682
2.5000000000000	-153.95342872844
2.5020000000000	-154.06674268536
2.5040000000000	-154.18016438630
2.5060000000000	-154.29368269278
2.5080000000000	-154.40728667504
2.5100000000000	-154.52096560812
2.5120000000000	-154.63470896803
2.5140000000000	-154.74850642800
2.5160000000000	-154.86234785486
2.5180000000000	-154.97622330551
2.5200000000000	-155.09012302346
2.5220000000000	-155.20403743549
2.5240000000000	-155.31795714839
2.5260000000000	-155.43187294572
2.5280000000000	-155.54577578480
2.5300000000000	-155.65965679359
2.5320000000000	-155.77350726778
2.5340000000000	-155.88731866792
2.5360000000000	-156.00108261658
2.5380000000000	-156.11479089562
2.5400000000000	-156.22843544352
2.5420000000000	-156.34200835275
2.5440000000000	-156.45550186722
2.5460000000000	-156.56890837980
2.5480000000000	-156.68222042987
2.5500000000000	-156.79543070092
2.5520000000000	-156.90853201826
2.5540000000000	-157.02151734672
2.5560000000000	-157.13437978840
2.5580000000000	-157.24711258056
2.5600000000000	-157.35970909342
2.5620000000000	-157.47216282809
2.5640000000000	-157.58446741457
2.5660000000000	-157.69661660971
2.5680000000000	-157.80860429525
2.5700000000000	-157.92042447593
2.5720000000000	-158.03207127759
2.5740000000000	-158.14353894537
2.5760000000000	-158.25482184183
2.5780000000000	-158.36591444528
2.5800000000000	-158.47681134797
2.5820000000000	-158.58750725441
2.5840000000000	-158.69799697975
2.5860000000000	-158.80827544808
2.5880000000000	-158.91833769086
2.5900000000000	-159.02817884536
2.5920000000000	-159.13779415309
2.5940000000000	-159.24717895828
2.5960000000000	-159.35632870644
2.5980000000000	-159.46523894284
2.6000000000000	-159.57390531110
2.6020000000000	-159.68232355180
2.6040000000000	-159.79048950107
2.6060000000000	-159.89839908924
2.6080000000000	-160.00604833948
2.6100000000000	-160.11343336656
2.6120000000000	-160.22055037545
2.6140000000000	-160.32739566015
2.6160000000000	-160.43396560238
2.6180000000000	-160.54025667038
2.6200000000000	-160.64626541771
2.6220000000000	-160.75198848204
2.6240000000000	-160.85742258400
2.6260000000000	-160.96256452601
2.6280000000000	-161.06741119120
2.6300000000000	-161.17195954225
2.6320000000000	-161.27620662029
2.6340000000000	-161.38014954388
2.6360000000000	-161.48378550791
2.6380000000000	-161.58711178255
2.6400000000000	-161.69012571225
2.6420000000000	-161.79282471471
2.6440000000000	-161.89520627990
2.6460000000000	-161.99726796906
2.6480000000000	-162.09900741377
2.6500000000000	-162.20042231495
2.6520000000000	-162.30151044198
2.6540000000000	-162.40226963172
2.6560000000000	-162.50269778767
2.6580000000000	-162.60279287902
2.6600000000000	-162.70255293978
2.6620000000000	-162.80197606793
2.6640000000000	-162.90106042457
2.6660000000000	-162.99980423304
2.6680000000000	-163.09820577813
2.6700000000000	-163.19626340525
2.6720000000000	-163.29397551961
2.6740000000000	-163.39134058544
2.6760000000000	-163.48835712523
2.6780000000000	-163.58502371891
2.6800000000000	-163.68133900312
2.6820000000000	-163.77730167046
2.6840000000000	-163.87291046876
2.6860000000000	-163.96816420033
2.6880000000000	-164.06306172127
2.6900000000000	-164.15760194075
2.6920000000000	-164.25178382031
2.6940000000000	-164.34560637318
2.6960000000000	-164.43906866361
2.6980000000000	-164.53216980620
2.7000000000000	-164.62490896524
2.7020000000000	-164.71728535407
2.7040000000000	-164.80929823443
2.7060000000000	-164.90094691586
2.7080000000000	-164.99223075504
2.7100000000000	-165.08314915521
2.7120000000000	-165.17370156557
2.7140000000000	-165.26388748066
2.7160000000000	-165.35370643982
2.7180000000000	-165.44315802656
2.7200000000000	-165.53224186804
2.7220000000000	-165.62095763449
2.7240000000000	-165.70930503867
2.7260000000000	-165.79728383532
2.7280000000000	-165.88489382060
2.7300000000000	-165.97213483163
2.7320000000000	-166.05900674591
2.7340000000000	-166.14550948083
2.7360000000000	-166.23164299318
2.7380000000000	-166.31740727862
2.7400000000000	-166.40280237125
2.7420000000000	-166.48782834304
2.7440000000000	-166.57248530346
2.7460000000000	-166.65677339893
2.7480000000000	-166.74069281239
2.7500000000000	-166.82424376287
2.7520000000000	-166.90742650501
2.7540000000000	-166.99024132863
2.7560000000000	-167.07268855830
2.7580000000000	-167.15476855294
2.7600000000000	-167.23648170534
2.7620000000000	-167.31782844182
2.7640000000000	-167.39880922176
2.7660000000000	-167.47942453724
2.7680000000000	-167.55967491263
2.7700000000000	-167.63956090423
2.7720000000000	-167.71908309983
2.7740000000000	-167.79824211839
2.7760000000000	-167.87703860966
2.7780000000000	-167.95547325379
2.7800000000000	-168.03354676101
2.7820000000000	-168.11125987124
2.7840000000000	-168.18861335377
2.7860000000000	-168.26560800693
2.7880000000000	-168.34224465772
2.7900000000000	-168.41852416151
2.7920000000000	-168.49444740170
2.7940000000000	-168.57001528939
2.7960000000000	-168.64522876313
2.7980000000000	-168.72008878853
2.8000000000000	-168.79459635801
2.8020000000000	-168.86875249048
2.8040000000000	-168.94255823105
2.8060000000000	-169.01601465076
2.8080000000000	-169.08912284629
2.8100000000000	-169.16188393966
2.8120000000000	-169.23429907798
2.8140000000000	-169.30636943320
2.8160000000000	-169.37809620178
2.8180000000000	-169.44948060453
2.8200000000000	-169.52052388626
2.8220000000000	-169.59122731560
2.8240000000000	-169.66159218471
2.8260000000000	-169.73161980908
2.8280000000000	-169.80131152725
2.8300000000000	-169.87066870061
2.8320000000000	-169.93969271318
2.8340000000000	-170.00838497134
2.8360000000000	-170.07674690368
2.8380000000000	-170.14477996072
2.8400000000000	-170.21248561474
2.8420000000000	-170.27986535954
2.8440000000000	-170.34692071030
2.8460000000000	-170.41365320330
2.8480000000000	-170.48006439578
2.8500000000000	-170.54615586574
2.8520000000000	-170.61192921173
2.8540000000000	-170.67738605270
2.8560000000000	-170.74252802779
2.8580000000000	-170.80735679617
2.8600000000000	-170.87187403687
2.8620000000000	-170.93608144860
2.8640000000000	-170.99998074959
2.8660000000000	-171.06357367741
2.8680000000000	-171.12686198886
2.8700000000000	-171.18984745976
2.8720000000000	-171.25253188482
2.8740000000000	-171.31491707748
2.8760000000000	-171.37700486981
2.8780000000000	-171.43879711229
2.8800000000000	-171.50029567373
2.8820000000000	-171.56150244111
2.8840000000000	-171.62241931945
2.8860000000000	-171.68304823168
2.8880000000000	-171.74339111851
2.8900000000000	-171.80344993831
2.8920000000000	-171.86322666697
2.8940000000000	-171.92272329780
2.8960000000000	-171.98194184140
2.8980000000000	-172.04088432555
2.9000000000000	-172.09955279512
2.9020000000000	-172.15794931192
2.9040000000000	-172.21607595460
2.9060000000000	-172.27393481859
2.9080000000000	-172.33152801593
2.9100000000000	-172.38885767523
2.9120000000000	-172.44592594155
2.9140000000000	-172.50273497629
2.9160000000000	-172.55928695711
2.9180000000000	-172.61558407784
2.9200000000000	-172.67162854841
2.9220000000000	-172.72742259471
2.9240000000000	-172.78296845857
2.9260000000000	-172.83826839762
2.9280000000000	-172.89332468525
2.9300000000000	-172.94813961052
2.9320000000000	-173.00271547807
2.9340000000000	-173.05705460806
2.9360000000000	-173.11115933609
2.9380000000000	-173.16503201312
2.9400000000000	-173.21867500542
2.9420000000000	-173.27209069449
2.9440000000000	-173.32528147698
2.9460000000000	-173.37824976466
2.9480000000000	-173.43099798431
2.9500000000000	-173.48352857770
2.9520000000000	-173.53584400150
2.9540000000000	-173.58794672723
2.9560000000000	-173.63983924120
2.9580000000000	-173.69152404447
2.9600000000000	-173.74300365274
2.9620000000000	-173.79428059637
2.9640000000000	-173.84535742028
2.9660000000000	-173.89623668390
2.9680000000000	-173.94692096111
2.9700000000000	-173.99741284024
2.9720000000000	-174.04771492393
2.9740000000000	-174.09782982919
2.9760000000000	-174.14776018724
2.9780000000000	-174.19750864357
2.9800000000000	-174.24707785779
2.9820000000000	-174.29647050367
2.9840000000000	-174.34568926903
2.9860000000000	-174.39473685576
2.9880000000000	-174.44361597969
2.9900000000000	-174.49232937062
2.9920000000000	-174.54087977226
2.9940000000000	-174.58926994215
2.9960000000000	-174.63750265166
2.9980000000000	-174.68558068592
3.0000000000000	-174.73350684380
3.0020000000000	-174.78128393783
3.0040000000000	-174.82891479421
3.0060000000000	-174.87640225272
3.0080000000000	-174.92374916671
3.0100000000000	-174.97095840302
3.0120000000000	-175.01803284200
3.0140000000000	-175.06497537740
3.0160000000000	-175.11178891636
3.0180000000000	-175.15847637937
3.0200000000000	-175.20504070021
3.0220000000000	-175.25148482592
3.0240000000000	-175.29781171675
3.0260000000000	-175.34402434612
3.0280000000000	-175.39012570055
3.0300000000000	-175.43611877966
3.0320000000000	-175.48200659608
3.0340000000000	-175.52779217542
3.0360000000000	-175.57347855623
3.0380000000000	-175.61906878994
3.0400000000000	-175.66456594081
3.0420000000000	-175.70997308587
3.0440000000000	-175.75529331489
3.0460000000000	-175.80052973033
3.0480000000000	-175.84568544724
3.0500000000000	-175.89076359326
3.0520000000000	-175.93576730854
3.0540000000000	-175.98069974568
3.0560000000000	-176.02556406965
3.0580000000000	-176.07036345779
3.0600000000000	-176.11510109968
3.0620000000000	-176.15978019712
3.0640000000000	-176.20440396405
3.0660000000000	-176.24897562649
3.0680000000000	-176.29349842245
3.0700000000000	-176.33797560189
3.0720000000000	-176.38241042661
3.0740000000000	-176.42680617022
3.0760000000000	-176.47116611803
3.0780000000000	-176.51549356699
3.0800000000000	-176.55979182560
3.0820000000000	-176.60406421382
3.0840000000000	-176.64831406300
3.0860000000000	-176.69254471578
3.0880000000000	-176.73675952602
3.0900000000000	-176.78096185869
3.0920000000000	-176.82515508976
3.0940000000000	-176.86934260615
3.0960000000000	-176.91352780557
3.0980000000000	-176.95771409648
3.1000000000000	-177.00190489792
3.1020000000000	-177.04610363946
3.1040000000000	-177.09031376103
3.1060000000000	-177.13453871287
3.1080000000000	-177.17878195535
3.1100000000000	-177.22304695889
3.1120000000000	-177.26733720382
3.1140000000000	-177.31165618024
3.1160000000000	-177.35600738792
3.1180000000000	-177.40039433614
3.1200000000000	-177.44482054355
3.1220000000000	-177.48928953805
3.1240000000000	-177.53380485662
3.1260000000000	-177.57837004518
3.1280000000000	-177.62298865843
3.1300000000000	-177.66766425972
3.1320000000000	-177.71240042084
3.1340000000000	-177.75720072189
3.1360000000000	-177.80206875110
3.1380000000000	-177.84700810466
3.1400000000000	-177.89202238653
3.1420000000000	-177.93711520825
3.1440000000000	-177.98229018880
3.1460000000000	-178.02755095432
3.1480000000000	-178.07290113801
3.1500000000000	-178.11834437986
3.1520000000000	-178.16388432647
3.1540000000000	-178.20952463081
3.1560000000000	-178.25526895206
3.1580000000000	-178.30112095534
3.1600000000000	-178.34708431148
3.1620000000000	-178.39316269680
3.1640000000000	-178.43935979291
3.1660000000000	-178.48567928639
3.1680000000000	-178.53212486860
3.1700000000000	-178.57870023539
3.1720000000000	-178.62540908686
3.1740000000000	-178.67225512711
3.1760000000000	-178.71924206390
3.1780000000000	-178.76637360846
3.1800000000000	-178.81365347514
3.1820000000000	-178.86108538114
3.1840000000000	-178.90867304621
3.1860000000000	-178.95642019237
3.1880000000000	-179.00433054357
3.1900000000000	-179.05240782538
3.1920000000000	-179.10065576468
3.1940000000000	-179.14907808931
3.1960000000000	-179.19767852777
3.1980000000000	-179.24646080883
3.2000000000000	-179.29542866123
#
#"Frequency / GHz"	"S3,2 [Phase / deg]"
#--------------------------------------
1.2000000000000	-100.41380071344
1.2020000000000	-100.57916234195
1.2040000000000	-100.74491950460
1.2060000000000	-100.91107418817
1.2080000000000	-101.07762839157
1.2100000000000	-101.24458412587
1.2120000000000	-101.41194341427
1.2140000000000	-101.57970829211
1.2160000000000	-101.74788080688
1.2180000000000	-101.91646301821
1.2200000000000	-102.08545699788
1.2220000000000	-102.25486482977
1.2240000000000	-102.42468860991
1.2260000000000	-102.59493044642
1.2280000000000	-102.76559245953
1.2300000000000	-102.93667678155
1.2320000000000	-103.10818555686
1.2340000000000	-103.28012094187
1.2360000000000	-103.45248510504
1.2380000000000	-103.62528022682
1.2400000000000	-103.79850849962
1.2420000000000	-103.97217212783
1.2440000000000	-104.14627332772
1.2460000000000	-104.32081432748
1.2480000000000	-104.49579736710
1.2500000000000	-104.67122469841
1.2520000000000	-104.84709858499
1.2540000000000	-105.02342130215
1.2560000000000	-105.20019513686
1.2580000000000	-105.37742238772
1.2600000000000	-105.55510536491
1.2620000000000	-105.73324639008
1.2640000000000	-105.91184779639
1.2660000000000	-106.09091192835
1.2680000000000	-106.27044114180
1.2700000000000	-106.45043780386
1.2720000000000	-106.63090429280
1.2740000000000	-106.81184299803
1.2760000000000	-106.99325631995
1.2780000000000	-107.17514666993
1.2800000000000	-107.35751647021
1.2820000000000	-107.54036815377
1.2840000000000	-107.72370416427
1.2860000000000	-107.90752695597
1.2880000000000	-108.09183899358
1.2900000000000	-108.27664275219
1.2920000000000	-108.46194071714
1.2940000000000	-108.64773538393
1.2960000000000	-108.83402925808
1.2980000000000	-109.02082485501
1.3000000000000	-109.20812469993
1.3020000000000	-109.39593132769
1.3040000000000	-109.58424728267
1.3060000000000	-109.77307511859
1.3080000000000	-109.96241739842
1.3100000000000	-110.15227669420
1.3120000000000	-110.34265558691
1.3140000000000	-110.53355666627
1.3160000000000	-110.72498253062
1.3180000000000	-110.91693578672
1.3200000000000	-111.10941904959
1.3220000000000	-111.30243494233
1.3240000000000	-111.49598609594
1.3260000000000	-111.69007514911
1.3280000000000	-111.88470474804
1.3300000000000	-112.07987754625
1.3320000000000	-112.27559620433
1.3340000000000	-112.47186338980
1.3360000000000	-112.66868177681
1.3380000000000	-112.86605404598
1.3400000000000	-113.06398288413
1.3420000000000	-113.26247098408
1.3440000000000	-113.46152104436
1.3460000000000	-113.66113576900
1.3480000000000	-113.86131786729
1.3500000000000	-114.06207005345
1.3520000000000	-114.26339504644
1.3540000000000	-114.46529556965
1.3560000000000	-114.66777435061
1.3580000000000	-114.87083412072
1.3600000000000	-115.07447761496
1.3620000000000	-115.27870757157
1.3640000000000	-115.48352673178
1.3660000000000	-115.68893783944
1.3680000000000	-115.89494364074
1.3700000000000	-116.10154688388
1.3720000000000	-116.30875031871
1.3740000000000	-116.51655669642
1.3760000000000	-116.72496876917
1.3780000000000	-116.93398928970
1.3800000000000	-117.14362101105
1.3820000000000	-117.35386668610
1.3840000000000	-117.56472906724
1.3860000000000	-117.77621090597
1.3880000000000	-117.98831495249
1.3900000000000	-118.20104395534
1.3920000000000	-118.41440066091
1.3940000000000	-118.62838781311
1.3960000000000	-118.84300815289
1.3980000000000	-119.05826441781
1.4000000000000	-119.27415934160
1.4020000000000	-119.49069565371
1.4040000000000	-119.70787607888
1.4060000000000	-119.92570333661
1.4080000000000	-120.14418014074
1.4100000000000	-120.36330919893
1.4120000000000	-120.58309321219
1.4140000000000	-120.80353487437
1.4160000000000	-121.02463687165
1.4180000000000	-121.24640188201
1.4200000000000	-121.46883257475
1.4220000000000	-121.69193160990
1.4240000000000	-121.91570163770
1.4260000000000	-122.14014529805
1.4280000000000	-122.36526521997
1.4300000000000	-122.59106402097
1.4320000000000	-122.81754430654
1.4340000000000	-123.04470866955
1.4360000000000	-123.27255968963
1.4380000000000	-123.50109993257
1.4400000000000	-123.73033194975
1.4420000000000	-123.96025827747
1.4440000000000	-124.19088143637
1.4460000000000	-124.42220393074
1.4480000000000	-124.65422824796
1.4500000000000	-124.88695685773
1.4520000000000	-125.12039221154
1.4540000000000	-125.35453674189
1.4560000000000	-125.58939286169
1.4580000000000	-125.82496296355
1.4600000000000	-126.06124941907
1.4620000000000	-126.29825457816
1.4640000000000	-126.53598076836
1.4660000000000	-126.77443029406
1.4680000000000	-127.01360543583
1.4700000000000	-127.25350844968
1.4720000000000	-127.49414156631
1.4740000000000	-127.73550699039
1.4760000000000	-127.97760689977
1.4780000000000	-128.22044344478
1.4800000000000	-128.46401874741
1.4820000000000	-128.70833490056
1.4840000000000	-128.95339396730
1.4860000000000	-129.19919798003
1.4880000000000	-129.44574893971
1.4900000000000	-129.69304881510
1.4920000000000	-129.94109954190
1.4940000000000	-130.18990302203
1.4960000000000	-130.43946112271
1.4980000000000	-130.68977567574
1.5000000000000	-130.94084847665
1.5020000000000	-131.19268128384
1.5040000000000	-131.44527581783
1.5060000000000	-131.69863376035
1.5080000000000	-131.95275675356
1.5100000000000	-132.20764639917
1.5120000000000	-132.46330425765
1.5140000000000	-132.71973184734
1.5160000000000	-132.97693064364
1.5180000000000	-133.23490207813
1.5200000000000	-133.49364753775
1.5220000000000	-133.75316836394
1.5240000000000	-134.01346585178
1.5260000000000	-134.27454124917
1.5280000000000	-134.53639575594
1.5300000000000	-134.79903052301
1.5320000000000	-135.06244665158
1.5340000000000	-135.32664519221
1.5360000000000	-135.59162714405
1.5380000000000	-135.85739345394
1.5400000000000	-136.12394501558
1.5420000000000	-136.39128266871
1.5440000000000	-136.65940719827
1.5460000000000	-136.92831933355
1.5480000000000	-137.19801974736
1.5500000000000	-137.46850905524
1.5520000000000	-137.73978781462
1.5540000000000	-138.01185652402
1.5560000000000	-138.28471562222
1.5580000000000	-138.55836548751
1.5600000000000	-138.83280643684
1.5620000000000	-139.10803872508
1.5640000000000	-139.38406254426
1.5660000000000	-139.66087802275
1.5680000000000	-139.93848522456
1.5700000000000	-140.21688414855
1.5720000000000	-140.49607472776
1.5740000000000	-140.77605682862
1.5760000000000	-141.05683025028
1.5780000000000	-141.33839472389
1.5800000000000	-141.62074991196
1.5820000000000	-141.90389540763
1.5840000000000	-142.18783073407
1.5860000000000	-142.47255534381
1.5880000000000	-142.75806861810
1.5900000000000	-143.04436986635
1.5920000000000	-143.33145832552
1.5940000000000	-143.61933315951
1.5960000000000	-143.90799345867
1.5980000000000	-144.19743823920
1.6000000000000	-144.48766644267
1.6020000000000	-144.77867693554
1.6040000000000	-145.07046850863
1.6060000000000	-145.36303987672
1.6080000000000	-145.65638967809
1.6100000000000	-145.95051647409
1.6120000000000	-146.24541874881
1.6140000000000	-146.54109490868
1.6160000000000	-146.83754328211
1.6180000000000	-147.13476211922
1.6200000000000	-147.43274959156
1.6220000000000	-147.73150379177
1.6240000000000	-148.03102273344
1.6260000000000	-148.33130435084
1.6280000000000	-148.63234649876
1.6300000000000	-148.93414695235
1.6320000000000	-149.23670340702
1.6340000000000	-149.54001347831
1.6360000000000	-149.84407470186
1.6380000000000	-150.14888453335
1.6400000000000	-150.45444034851
1.6420000000000	-150.76073944314
1.6440000000000	-151.06777903317
1.6460000000000	-151.37555625477
1.6480000000000	-151.68406816445
1.6500000000000	-151.99331173923
1.6520000000000	-152.30328387681
1.6540000000000	-152.61398139583
1.6560000000000	-152.92540103607
1.6580000000000	-153.23753945882
1.6600000000000	-153.55039324712
1.6620000000000	-153.86395890618
1.6640000000000	-154.17823286375
1.6660000000000	-154.49321147055
1.6680000000000	-154.80889100072
1.6700000000000	-155.12526765238
1.6720000000000	-155.44233754806
1.6740000000000	-155.76009673538
1.6760000000000	-156.07854118758
1.6780000000000	-156.39766680418
1.6800000000000	-156.71746941168
1.6820000000000	-157.03794476423
1.6840000000000	-157.35908854442
1.6860000000000	-157.68089636402
1.6880000000000	-158.00336376484
1.6900000000000	-158.32648621953
1.6920000000000	-158.65025913253
1.6940000000000	-158.97467784091
1.6960000000000	-159.29973761541
1.6980000000000	-159.62543366137
1.7000000000000	-159.95176111977
1.7020000000000	-160.27871506829
1.7040000000000	-160.60629052238
1.7060000000000	-160.93448243641
1.7080000000000	-161.26328570478
1.7100000000000	-161.59269516316
1.7120000000000	-161.92270558964
1.7140000000000	-162.25331170603
1.7160000000000	-162.58450817908
1.7180000000000	-162.91628962183
1.7200000000000	-163.24865059491
1.7220000000000	-163.58158560793
1.7240000000000	-163.91508912080
1.7260000000000	-164.24915554523
1.7280000000000	-164.58377924610
1.7300000000000	-164.91895454292
1.7320000000000	-165.25467571136
1.7340000000000	-165.59093698473
1.7360000000000	-165.92773255549
1.7380000000000	-166.26505657683
1.7400000000000	-166.60290316422
1.7420000000000	-166.94126639700
1.7440000000000	-167.28014031998
1.7460000000000	-167.61951894509
1.7480000000000	-167.95939625298
1.7500000000000	-168.29976619467
1.7520000000000	-168.64062269326
1.7540000000000	-168.98195964556
1.7560000000000	-169.32377092380
1.7580000000000	-169.66605037733
1.7600000000000	-170.00879183431
1.7620000000000	-170.35198910343
1.7640000000000	-170.69563597563
1.7660000000000	-171.03972622585
1.7680000000000	-171.38425361471
1.7700000000000	-171.72921189028
1.7720000000000	-172.07459478977
1.7740000000000	-172.42039604134
1.7760000000000	-172.76660936572
1.7780000000000	-173.11322847803
1.7800000000000	-173.46024708945
1.7820000000000	-173.80765890897
1.7840000000000	-174.15545764507
1.7860000000000	-174.50363700743
1.7880000000000	-174.85219070864
1.7900000000000	-175.20111246586
1.7920000000000	-175.55039600249
1.7940000000000	-175.90003504987
1.7960000000000	-176.25002334882
1.7980000000000	-176.60035465139
1.8000000000000	-176.95102272237
1.8020000000000	-177.30202134091
1.8040000000000	-177.65334430211
1.8060000000000	-178.00498541853
1.8080000000000	-178.35693852173
1.8100000000000	-178.70919746379
1.8120000000000	-179.06175611875
1.8140000000000	-179.41460838406
1.8160000000000	-179.76774818203
1.8180000000000	179.87883053880
1.8200000000000	179.52513380228
1.8220000000000	179.17116760337
1.8240000000000	178.81693790676
1.8260000000000	178.46245064569
1.8280000000000	178.10771172066
1.8300000000000	177.75272699827
1.8320000000000	177.39750231004
1.8340000000000	177.04204345131
1.8360000000000	176.68635618016
1.8380000000000	176.33044621634
1.8400000000000	175.97431924032
1.8420000000000	175.61798089228
1.8440000000000	175.26143677125
1.8460000000000	174.90469243418
1.8480000000000	174.54775339518
1.8500000000000	174.19062512469
1.8520000000000	173.83331304877
1.8540000000000	173.47582254839
1.8560000000000	173.11815895886
1.8580000000000	172.76032756914
1.8600000000000	172.40233362140
1.8620000000000	172.04418231047
1.8640000000000	171.68587878344
1.8660000000000	171.32742813926
1.8680000000000	170.96883542841
1.8700000000000	170.61010565265
1.8720000000000	170.25124376478
1.8740000000000	169.89225466848
1.8760000000000	169.53314321819
1.8780000000000	169.17391421911
1.8800000000000	168.81457242714
1.8820000000000	168.45512254903
1.8840000000000	168.09556924242
1.8860000000000	167.73591711610
1.8880000000000	167.37617073025
1.8900000000000	167.01633459672
1.8920000000000	166.65641317946
1.8940000000000	166.29641089493
1.8960000000000	165.93633211262
1.8980000000000	165.57618115564
1.9000000000000	165.21596230136
1.9020000000000	164.85567978214
1.9040000000000	164.49533778611
1.9060000000000	164.13494045802
1.9080000000000	163.77449190023
1.9100000000000	163.41399617368
1.9120000000000	163.05345729900
1.9140000000000	162.69287925770
1.9160000000000	162.33226599342
1.9180000000000	161.97162141327
1.9200000000000	161.61094938929
1.9220000000000	161.25025375998
1.9240000000000	160.88953833189
1.9260000000000	160.52880688137
1.9280000000000	160.16806315641
1.9300000000000	159.80731087854
1.9320000000000	159.44655374491
1.9340000000000	159.08579543044
1.9360000000000	158.72503959009
1.9380000000000	158.36428986131
1.9400000000000	158.00354986656
1.9420000000000	157.64282321605
1.9440000000000	157.28211351052
1.9460000000000	156.92142434431
1.9480000000000	156.56075930851
1.9500000000000	156.20012199432
1.9520000000000	155.83951599661
1.9540000000000	155.47894491766
1.9560000000000	155.11841237118
1.9580000000000	154.75792198648
1.9600000000000	154.39747741296
1.9620000000000	154.03708232487
1.9640000000000	153.67674042631
1.9660000000000	153.31645545664
1.9680000000000	152.95623119613
1.9700000000000	152.59607147207
1.9720000000000	152.23598016521
1.9740000000000	151.87596121677
1.9760000000000	151.51601863572
1.9780000000000	151.15615650682
1.9800000000000	150.79637899906
1.9820000000000	150.43669037481
1.9840000000000	150.07709499965
1.9860000000000	149.71759735293
1.9880000000000	149.35820203920
1.9900000000000	148.99891380052
1.9920000000000	148.63973752985
1.9940000000000	148.28067828547
1.9960000000000	147.92174130673
1.9980000000000	147.56293203114
2.0000000000000	147.20425611301
2.0020000000000	146.84571944378
2.0040000000000	146.48732817426
2.0060000000000	146.12908873907
2.0080000000000	145.77100788337
2.0100000000000	145.41309269235
2.0120000000000	145.05535062370
2.0140000000000	144.69778954347
2.0160000000000	144.34041776584
2.0180000000000	143.98324409713
2.0200000000000	143.62627788483
2.0220000000000	143.26952907217
2.0240000000000	142.91300825911
2.0260000000000	142.55672677059
2.0280000000000	142.20069673321
2.0300000000000	141.84493116137
2.0320000000000	141.48944405461
2.0340000000000	141.13425050758
2.0360000000000	140.77936683489
2.0380000000000	140.42481071309
2.0400000000000	140.07060134270
2.0420000000000	139.71675963368
2.0440000000000	139.36330841842
2.0460000000000	139.01027269717
2.0480000000000	138.65767992187
2.0500000000000	138.30556032561
2.0520000000000	137.95394730647
2.0540000000000	137.60287787672
2.0560000000000	137.25239319059
2.0580000000000	136.90253916727
2.0600000000000	136.55336722988
2.0620000000000	136.20493518631
2.0640000000000	135.85730828495
2.0660000000000	135.51056048716
2.0680000000000	135.16477601032
2.0700000000000	134.82005121107
2.0720000000000	134.47649689972
2.0740000000000	134.13424120542
2.0760000000000	133.79343315166
2.0780000000000	133.45424715615
2.0800000000000	133.11688874684
2.0820000000000	132.78160189529
2.0840000000000	132.44867852815
2.0860000000000	132.11847101062
2.0880000000000	131.79140874486
2.0900000000000	131.46802055800
2.0920000000000	131.14896538104
2.0940000000000	130.83507503616
2.0960000000000	130.52741510057
2.0980000000000	130.22737343046
2.1000000000000	129.93679221163
2.1020000000000	129.65817073172
2.1040000000000	129.39498738850
2.1060000000000	129.15223160968
2.1080000000000	128.93732475666
2.1100000000000	128.76180785726
2.1120000000000	128.64466090816
2.1140000000000	128.61944639512
2.1160000000000	128.75163471902
2.1180000000000	129.18829315090
2.1200000000000	130.34230848670
2.1220000000000	133.97939869995
2.1240000000000	168.10831805910
2.1260000000000	-68.609155371761
2.1280000000000	-61.807745032551
2.1300000000000	-60.067981824975
2.1320000000000	-59.425577108359
2.1340000000000	-59.197228079302
2.1360000000000	-59.169199771817
2.1380000000000	-59.253187899778
2.1400000000000	-59.406093982282
2.1420000000000	-59.604382837631
2.1440000000000	-59.834114281772
2.1460000000000	-60.086505685876
2.1480000000000	-60.355748490630
2.1500000000000	-60.637847325395
2.1520000000000	-60.929963476193
2.1540000000000	-61.230024340153
2.1560000000000	-61.536481102504
2.1580000000000	-61.848152912956
2.1600000000000	-62.164123562700
2.1620000000000	-62.483671123143
2.1640000000000	-62.806218898256
2.1660000000000	-63.131300520471
2.1680000000000	-63.458534650274
2.1700000000000	-63.787606331969
2.1720000000000	-64.118253048510
2.1740000000000	-64.450254149450
2.1760000000000	-64.783422737052
2.1780000000000	-65.117599368685
2.1800000000000	-65.452647118263
2.1820000000000	-65.788447666486
2.1840000000000	-66.124898178273
2.1860000000000	-66.461908788517
2.1880000000000	-66.799400562276
2.1900000000000	-67.137303828174
2.1920000000000	-67.475556807738
2.1940000000000	-67.814104481138
2.1960000000000	-68.152897643143
2.1980000000000	-68.491892113085
2.2000000000000	-68.831048070342
2.2020000000000	-69.170329492683
2.2040000000000	-69.509703679393
2.2060000000000	-69.849140844632
2.2080000000000	-70.188613769276
2.2100000000000	-70.528097501664
2.2120000000000	-70.867569099441
2.2140000000000	-71.207007406087
2.2160000000000	-71.546392856813
2.2180000000000	-71.885707309444
2.2200000000000	-72.224933896629
2.2220000000000	-72.564056896316
2.2240000000000	-72.903061617920
2.2260000000000	-73.241934302034
2.2280000000000	-73.580662031841
2.2300000000000	-73.919232654681
2.2320000000000	-74.257634712444
2.2340000000000	-74.595857379676
2.2360000000000	-74.933890408413
2.2380000000000	-75.271724078922
2.2400000000000	-75.609349155632
2.2420000000000	-75.946756847633
2.2440000000000	-76.283938773215
2.2460000000000	-76.620886927971
2.2480000000000	-76.957593656061
2.2500000000000	-77.294051624298
2.2520000000000	-77.630253798723
2.2540000000000	-77.966193423412
2.2560000000000	-78.301864001281
2.2580000000000	-78.637259276663
2.2600000000000	-78.972373219490
2.2620000000000	-79.307200010898
2.2640000000000	-79.641734030133
2.2660000000000	-79.975969842601
2.2680000000000	-80.309902188975
2.2700000000000	-80.643525975244
2.2720000000000	-80.976836263604
2.2740000000000	-81.309828264136
2.2760000000000	-81.642497327170
2.2780000000000	-81.974838936295
2.2800000000000	-82.306848701929
2.2820000000000	-82.638522355432
2.2840000000000	-82.969855743676
2.2860000000000	-83.300844824064
2.2880000000000	-83.631485659935
2.2900000000000	-83.961774416332
2.2920000000000	-84.291707356102
2.2940000000000	-84.621280836293
2.2960000000000	-84.950491304825
2.2980000000000	-85.279335297424
2.3000000000000	-85.607809434768
2.3020000000000	-85.935910419858
2.3040000000000	-86.263635035580
2.3060000000000	-86.590980142440
2.3080000000000	-86.917942676465
2.3100000000000	-87.244519647249
2.3120000000000	-87.570708136147
2.3140000000000	-87.896505294578
2.3160000000000	-88.221908342461
2.3180000000000	-88.546914566741
2.3200000000000	-88.871521320024
2.3220000000000	-89.195726019296
2.3240000000000	-89.519526144727
2.3260000000000	-89.842919238547
2.3280000000000	-90.165902903991
2.3300000000000	-90.488474804315
2.3320000000000	-90.810632661861
2.3340000000000	-91.132374257180
2.3360000000000	-91.453697428203
2.3380000000000	-91.774600069458
2.3400000000000	-92.095080131329
2.3420000000000	-92.415135619347
2.3440000000000	-92.734764593523
2.3460000000000	-93.053965167711
2.3480000000000	-93.372735508990
2.3500000000000	-93.691073837087
2.3520000000000	-94.008978423816
2.3540000000000	-94.326447592534
2.3560000000000	-94.643479717630
2.3580000000000	-94.960073224015
2.3600000000000	-95.276226586643
2.3620000000000	-95.591938330039
2.3640000000000	-95.907207027840
2.3660000000000	-96.222031302349
2.3680000000000	-96.536409824098
2.3700000000000	-96.850341311427
2.3720000000000	-97.163824530059
2.3740000000000	-97.476858292694
2.3760000000000	-97.789441458600
2.3780000000000	-98.101572933219
2.3800000000000	-98.413251667767
2.3820000000000	-98.724476658848
2.3840000000000	-99.035246948066
2.3860000000000	-99.345561621640
2.3880000000000	-99.655419810022
2.3900000000000	-99.964820687517
2.3920000000000	-100.27376347191
2.3940000000000	-100.58224742407
2.3960000000000	-100.89027184760
2.3980000000000	-101.19783608845
2.4000000000000	-101.50493953452
2.4020000000000	-101.81158161530
2.4040000000000	-102.11776180152
2.4060000000000	-102.42347960471
2.4080000000000	-102.72873457687
2.4100000000000	-103.03352631008
2.4120000000000	-103.33785443609
2.4140000000000	-103.64171862599
2.4160000000000	-103.94511858977
2.4180000000000	-104.24805407598
2.4200000000000	-104.55052487130
2.4220000000000	-104.85253080021
2.4240000000000	-105.15407172451
2.4260000000000	-105.45514754304
2.4280000000000	-105.75575819118
2.4300000000000	-106.05590364052
2.4320000000000	-106.35558389845
2.4340000000000	-106.65479900775
2.4360000000000	-106.95354904620
2.4380000000000	-107.25183412615
2.4400000000000	-107.54965439417
2.4420000000000	-107.84701003060
2.4440000000000	-108.14390124915
2.4460000000000	-108.44032829651
2.4480000000000	-108.73629145194
2.4500000000000	-109.03179102682
2.4520000000000	-109.32682736431
2.4540000000000	-109.62140083885
2.4560000000000	-109.91551185582
2.4580000000000	-110.20916085111
2.4600000000000	-110.50234829066
2.4620000000000	-110.79507467011
2.4640000000000	-111.08734051431
2.4660000000000	-111.37914637699
2.4680000000000	-111.67049284027
2.4700000000000	-111.96138051426
2.4720000000000	-112.25181003668
2.4740000000000	-112.54178207238
2.4760000000000	-112.83129731298
2.4780000000000	-113.12035647640
2.4800000000000	-113.40896030651
2.4820000000000	-113.69710957262
2.4840000000000	-113.98480506916
2.4860000000000	-114.27204761519
2.4880000000000	-114.55883805401
2.4900000000000	-114.84517725277
2.4920000000000	-115.13106610202
2.4940000000000	-115.41650551529
2.4960000000000	-115.70149642872
2.4980000000000	-115.98603980062
2.5000000000000	-116.27013661106
2.5020000000000	-116.55378786146
2.5040000000000	-116.83699457420
2.5060000000000	-117.11975779219
2.5080000000000	-117.40207857848
2.5100000000000	-117.68395801587
2.5120000000000	-117.96539720645
2.5140000000000	-118.24639727130
2.5160000000000	-118.52695934997
2.5180000000000	-118.80708460021
2.5200000000000	-119.08677419748
2.5220000000000	-119.36602933460
2.5240000000000	-119.64485122135
2.5260000000000	-119.92324108410
2.5280000000000	-120.20120016541
2.5300000000000	-120.47872972363
2.5320000000000	-120.75583103257
2.5340000000000	-121.03250538105
2.5360000000000	-121.30875407262
2.5380000000000	-121.58457842508
2.5400000000000	-121.85997977020
2.5420000000000	-122.13495945330
2.5440000000000	-122.40951883292
2.5460000000000	-122.68365928041
2.5480000000000	-122.95738217963
2.5500000000000	-123.23068892655
2.5520000000000	-123.50358092894
2.5540000000000	-123.77605960595
2.5560000000000	-124.04812638785
2.5580000000000	-124.31978271561
2.5600000000000	-124.59103004062
2.5620000000000	-124.86186982431
2.5640000000000	-125.13230353783
2.5660000000000	-125.40233266172
2.5680000000000	-125.67195868560
2.5700000000000	-125.94118310780
2.5720000000000	-126.21000743509
2.5740000000000	-126.47843318233
2.5760000000000	-126.74646187215
2.5780000000000	-127.01409503467
2.5800000000000	-127.28133420716
2.5820000000000	-127.54818093378
2.5840000000000	-127.81463676521
2.5860000000000	-128.08070325840
2.5880000000000	-128.34638197630
2.5900000000000	-128.61167448749
2.5920000000000	-128.87658236596
2.5940000000000	-129.14110719080
2.5960000000000	-129.40525054593
2.5980000000000	-129.66901401981
2.6000000000000	-129.93239920517
2.6020000000000	-130.19540769875
2.6040000000000	-130.45804110102
2.6060000000000	-130.72030101593
2.6080000000000	-130.98218905062
2.6100000000000	-131.24370681521
2.6120000000000	-131.50485592252
2.6140000000000	-131.76563798781
2.6160000000000	-132.02605462856
2.6180000000000	-132.28610746420
2.6200000000000	-132.54579811591
2.6220000000000	-132.80512820634
2.6240000000000	-133.06409935940
2.6260000000000	-133.32271320002
2.6280000000000	-133.58097135396
2.6300000000000	-133.83887544753
2.6320000000000	-134.09642710742
2.6340000000000	-134.35362796045
2.6360000000000	-134.61047963340
2.6380000000000	-134.86698375273
2.6400000000000	-135.12314194447
2.6420000000000	-135.37895583393
2.6440000000000	-135.63442704554
2.6460000000000	-135.88955720266
2.6480000000000	-136.14434792739
2.6500000000000	-136.39880084033
2.6520000000000	-136.65291756048
2.6540000000000	-136.90669970497
2.6560000000000	-137.16014888894
2.6580000000000	-137.41326672533
2.6600000000000	-137.66605482472
2.6620000000000	-137.91851479517
2.6640000000000	-138.17064824201
2.6660000000000	-138.42245676774
2.6680000000000	-138.67394197180
2.6700000000000	-138.92510545045
2.6720000000000	-139.17594879663
2.6740000000000	-139.42647359976
2.6760000000000	-139.67668144563
2.6780000000000	-139.92657391621
2.6800000000000	-140.17615258957
2.6820000000000	-140.42541903966
2.6840000000000	-140.67437483625
2.6860000000000	-140.92302154473
2.6880000000000	-141.17136072601
2.6900000000000	-141.41939393639
2.6920000000000	-141.66712272740
2.6940000000000	-141.91454864573
2.6960000000000	-142.16167323304
2.6980000000000	-142.40849802592
2.7000000000000	-142.65502455567
2.7020000000000	-142.90125434830
2.7040000000000	-143.14718892433
2.7060000000000	-143.39282979871
2.7080000000000	-143.63817848071
2.7100000000000	-143.88323647385
2.7120000000000	-144.12800527572
2.7140000000000	-144.37248637795
2.7160000000000	-144.61668126608
2.7180000000000	-144.86059141948
2.7200000000000	-145.10421831124
2.7220000000000	-145.34756340808
2.7240000000000	-145.59062817027
2.7260000000000	-145.83341405156
2.7280000000000	-146.07592249906
2.7300000000000	-146.31815495317
2.7320000000000	-146.56011284751
2.7340000000000	-146.80179760884
2.7360000000000	-147.04321065698
2.7380000000000	-147.28435340473
2.7400000000000	-147.52522725781
2.7420000000000	-147.76583361478
2.7440000000000	-148.00617386698
2.7460000000000	-148.24624939845
2.7480000000000	-148.48606158590
2.7500000000000	-148.72561179860
2.7520000000000	-148.96490139837
2.7540000000000	-149.20393173946
2.7560000000000	-149.44270416856
2.7580000000000	-149.68122002471
2.7600000000000	-149.91948063924
2.7620000000000	-150.15748733572
2.7640000000000	-150.39524142996
2.7660000000000	-150.63274422989
2.7680000000000	-150.86999703555
2.7700000000000	-151.10700113905
2.7720000000000	-151.34375782452
2.7740000000000	-151.58026836805
2.7760000000000	-151.81653403770
2.7780000000000	-152.05255609340
2.7800000000000	-152.28833578696
2.7820000000000	-152.52387436201
2.7840000000000	-152.75917305398
2.7860000000000	-152.99423309006
2.7880000000000	-153.22905568916
2.7900000000000	-153.46364206192
2.7920000000000	-153.69799341062
2.7940000000000	-153.93211092922
2.7960000000000	-154.16599580329
2.7980000000000	-154.39964920998
2.8000000000000	-154.63307231805
2.8020000000000	-154.86626628779
2.8040000000000	-155.09923227103
2.8060000000000	-155.33197141113
2.8080000000000	-155.56448484294
2.8100000000000	-155.79677369279
2.8120000000000	-156.02883907847
2.8140000000000	-156.26068210925
2.8160000000000	-156.49230388581
2.8180000000000	-156.72370550029
2.8200000000000	-156.95488803623
2.8220000000000	-157.18585256859
2.8240000000000	-157.41660016371
2.8260000000000	-157.64713187937
2.8280000000000	-157.87744876468
2.8300000000000	-158.10755186018
2.8320000000000	-158.33744219778
2.8340000000000	-158.56712080075
2.8360000000000	-158.79658868375
2.8380000000000	-159.02584685280
2.8400000000000	-159.25489630530
2.8420000000000	-159.48373803004
2.8440000000000	-159.71237300716
2.8460000000000	-159.94080220820
2.8480000000000	-160.16902659605
2.8500000000000	-160.39704712502
2.8520000000000	-160.62486474081
2.8540000000000	-160.85248038048
2.8560000000000	-161.07989497254
2.8580000000000	-161.30710943689
2.8600000000000	-161.53412468484
2.8620000000000	-161.76094161916
2.8640000000000	-161.98756113403
2.8660000000000	-162.21398411510
2.8680000000000	-162.44021143947
2.8700000000000	-162.66624397572
2.8720000000000	-162.89208258393
2.8740000000000	-163.11772811566
2.8760000000000	-163.34318141399
2.8780000000000	-163.56844331355
2.8800000000000	-163.79351464049
2.8820000000000	-164.01839621253
2.8840000000000	-164.24308883900
2.8860000000000	-164.46759332078
2.8880000000000	-164.69191045039
2.8900000000000	-164.91604101200
2.8920000000000	-165.13998578140
2.8940000000000	-165.36374552609
2.8960000000000	-165.58732100524
2.8980000000000	-165.81071296975
2.9000000000000	-166.03392216224
2.9020000000000	-166.25694931711
2.9040000000000	-166.47979516054
2.9060000000000	-166.70246041052
2.9080000000000	-166.92494577685
2.9100000000000	-167.14725196120
2.9120000000000	-167.36937965713
2.9140000000000	-167.59132955009
2.9160000000000	-167.81310231746
2.9180000000000	-168.03469862859
2.9200000000000	-168.25611914480
2.9220000000000	-168.47736451943
2.9240000000000	-168.69843539786
2.9260000000000	-168.91933241753
2.9280000000000	-169.14005620799
2.9300000000000	-169.36060739089
2.9320000000000	-169.58098658005
2.9340000000000	-169.80119438147
2.9360000000000	-170.02123139338
2.9380000000000	-170.24109820621
2.9400000000000	-170.46079540272
2.9420000000000	-170.68032355793
2.9440000000000	-170.89968323921
2.9460000000000	-171.11887500633
2.9480000000000	-171.33789941140
2.9500000000000	-171.55675699903
2.9520000000000	-171.77544830625
2.9540000000000	-171.99397386260
2.9560000000000	-172.21233419018
2.9580000000000	-172.43052980361
2.9600000000000	-172.64856121015
2.9620000000000	-172.86642890968
2.9640000000000	-173.08413339474
2.9660000000000	-173.30167515061
2.9680000000000	-173.51905465527
2.9700000000000	-173.73627237949
2.9720000000000	-173.95332878686
2.9740000000000	-174.17022433380
2.9760000000000	-174.38695946964
2.9780000000000	-174.60353463660
2.9800000000000	-174.81995026988
2.9820000000000	-175.03620679765
2.9840000000000	-175.25230464112
2.9860000000000	-175.46824421459
2.9880000000000	-175.68402592542
2.9900000000000	-175.89965017416
2.9920000000000	-176.11511735450
2.9940000000000	-176.33042785338
2.9960000000000	-176.54558205098
2.9980000000000	-176.76058032077
3.0000000000000	-176.97542302958
3.0020000000000	-177.19011053758
3.0040000000000	-177.40464319839
3.0060000000000	-177.61902135903
3.0080000000000	-177.83324536006
3.0100000000000	-178.04731553555
3.0120000000000	-178.26123221312
3.0140000000000	-178.47499571403
3.0160000000000	-178.68860635318
3.0180000000000	-178.90206443915
3.0200000000000	-179.11537027425
3.0220000000000	-179.32852415456
3.0240000000000	-179.54152636998
3.0260000000000	-179.75437720425
3.0280000000000	-179.96707693500
3.0300000000000	179.82037416621
3.0320000000000	179.60797583383
3.0340000000000	179.39572780833
3.0360000000000	179.18362983610
3.0380000000000	178.97168166943
3.0400000000000	178.75988306651
3.0420000000000	178.54823379131
3.0440000000000	178.33673361362
3.0460000000000	178.12538230893
3.0480000000000	177.91417965847
3.0500000000000	177.70312544909
3.0520000000000	177.49221947329
3.0540000000000	177.28146152911
3.0560000000000	177.07085142016
3.0580000000000	176.86038895550
3.0600000000000	176.65007394966
3.0620000000000	176.43990622259
3.0640000000000	176.22988559958
3.0660000000000	176.02001191125
3.0680000000000	175.81028499352
3.0700000000000	175.60070468753
3.0720000000000	175.39127083961
3.0740000000000	175.18198330127
3.0760000000000	174.97284192912
3.0780000000000	174.76384658483
3.0800000000000	174.55499713513
3.0820000000000	174.34629345171
3.0840000000000	174.13773541121
3.0860000000000	173.92932289518
3.0880000000000	173.72105579003
3.0900000000000	173.51293398698
3.0920000000000	173.30495738204
3.0940000000000	173.09712587595
3.0960000000000	172.88943937414
3.0980000000000	172.68189778668
3.1000000000000	172.47450102828
3.1020000000000	172.26724901818
3.1040000000000	172.06014168017
3.1060000000000	171.85317894251
3.1080000000000	171.64636073791
3.1100000000000	171.43968700347
3.1120000000000	171.23315768065
3.1140000000000	171.02677271523
3.1160000000000	170.82053205726
3.1180000000000	170.61443566101
3.1200000000000	170.40848348497
3.1220000000000	170.20267549174
3.1240000000000	169.99701164806
3.1260000000000	169.79149192472
3.1280000000000	169.58611629652
3.1300000000000	169.38088474228
3.1320000000000	169.17579724471
3.1340000000000	168.97085379047
3.1360000000000	168.76605437005
3.1380000000000	168.56139897775
3.1400000000000	168.35688761167
3.1420000000000	168.15252027363
3.1440000000000	167.94829696914
3.1460000000000	167.74421770738
3.1480000000000	167.54028250112
3.1500000000000	167.33649136671
3.1520000000000	167.13284432405
3.1540000000000	166.92934139650
3.1560000000000	166.72598261089
3.1580000000000	166.52276799744
3.1600000000000	166.31969758976
3.1620000000000	166.11677142477
3.1640000000000	165.91398954270
3.1660000000000	165.71135198700
3.1680000000000	165.50885880435
3.1700000000000	165.30651004460
3.1720000000000	165.10430576070
3.1740000000000	164.90224600873
3.1760000000000	164.70033084780
3.1780000000000	164.49856034001
3.1800000000000	164.29693455047
3.1820000000000	164.09545354720
3.1840000000000	163.89411740110
3.1860000000000	163.69292618595
3.1880000000000	163.49187997834
3.1900000000000	163.29097885761
3.1920000000000	163.09022290587
3.1940000000000	162.88961220792
3.1960000000000	162.68914685120
3.1980000000000	162.48882692580
3.2000000000000	162.28865252438
#
#"Frequency / GHz"	"S4,2 [Phase / deg]"
#--------------------------------------
1.2000000000000	-108.84656068366
1.2020000000000	-109.02133945001
1.2040000000000	-109.19634369659
1.2060000000000	-109.37157515034
1.2080000000000	-109.54703555122
1.2100000000000	-109.72272665222
1.2120000000000	-109.89865021921
1.2140000000000	-110.07480803096
1.2160000000000	-110.25120187897
1.2180000000000	-110.42783356750
1.2200000000000	-110.60470491342
1.2220000000000	-110.78181774615
1.2240000000000	-110.95917390758
1.2260000000000	-111.13677525196
1.2280000000000	-111.31462364584
1.2300000000000	-111.49272096791
1.2320000000000	-111.67106910896
1.2340000000000	-111.84966997172
1.2360000000000	-112.02852547078
1.2380000000000	-112.20763753244
1.2400000000000	-112.38700809462
1.2420000000000	-112.56663910668
1.2440000000000	-112.74653252935
1.2460000000000	-112.92669033454
1.2480000000000	-113.10711450522
1.2500000000000	-113.28780703524
1.2520000000000	-113.46876992922
1.2540000000000	-113.65000520234
1.2560000000000	-113.83151488022
1.2580000000000	-114.01330099870
1.2600000000000	-114.19536560370
1.2620000000000	-114.37771075102
1.2640000000000	-114.56033850615
1.2660000000000	-114.74325094405
1.2680000000000	-114.92645014901
1.2700000000000	-115.10993821437
1.2720000000000	-115.29371724236
1.2740000000000	-115.47778934386
1.2760000000000	-115.66215663814
1.2780000000000	-115.84682125268
1.2800000000000	-116.03178532291
1.2820000000000	-116.21705099195
1.2840000000000	-116.40262041037
1.2860000000000	-116.58849573591
1.2880000000000	-116.77467913325
1.2900000000000	-116.96117277370
1.2920000000000	-117.14797883494
1.2940000000000	-117.33509950072
1.2960000000000	-117.52253696057
1.2980000000000	-117.71029340951
1.3000000000000	-117.89837104771
1.3020000000000	-118.08677208022
1.3040000000000	-118.27549871658
1.3060000000000	-118.46455317055
1.3080000000000	-118.65393765975
1.3100000000000	-118.84365440530
1.3120000000000	-119.03370563148
1.3140000000000	-119.22409356537
1.3160000000000	-119.41482043647
1.3180000000000	-119.60588847634
1.3200000000000	-119.79729991818
1.3220000000000	-119.98905699650
1.3240000000000	-120.18116194665
1.3260000000000	-120.37361700444
1.3280000000000	-120.56642440575
1.3300000000000	-120.75958638607
1.3320000000000	-120.95310518008
1.3340000000000	-121.14698302120
1.3360000000000	-121.34122214117
1.3380000000000	-121.53582476956
1.3400000000000	-121.73079313332
1.3420000000000	-121.92612945631
1.3440000000000	-122.12183595882
1.3460000000000	-122.31791485707
1.3480000000000	-122.51436836272
1.3500000000000	-122.71119868237
1.3520000000000	-122.90840801704
1.3540000000000	-123.10599856164
1.3560000000000	-123.30397250446
1.3580000000000	-123.50233202661
1.3600000000000	-123.70107930149
1.3620000000000	-123.90021649425
1.3640000000000	-124.09974576117
1.3660000000000	-124.29966924916
1.3680000000000	-124.49998909514
1.3700000000000	-124.70070742547
1.3720000000000	-124.90182635534
1.3740000000000	-125.10334798817
1.3760000000000	-125.30527441504
1.3780000000000	-125.50760771402
1.3800000000000	-125.71034994957
1.3820000000000	-125.91350317189
1.3840000000000	-126.11706941631
1.3860000000000	-126.32105070264
1.3880000000000	-126.52544903445
1.3900000000000	-126.73026639852
1.3920000000000	-126.93550476406
1.3940000000000	-127.14116608212
1.3960000000000	-127.34725228484
1.3980000000000	-127.55376528481
1.4000000000000	-127.76070697434
1.4020000000000	-127.96807922478
1.4040000000000	-128.17588388580
1.4060000000000	-128.38412278467
1.4080000000000	-128.59279772555
1.4100000000000	-128.80191048876
1.4120000000000	-129.01146283002
1.4140000000000	-129.22145647976
1.4160000000000	-129.43189314234
1.4180000000000	-129.64277449531
1.4200000000000	-129.85410218866
1.4220000000000	-130.06587784405
1.4240000000000	-130.27810305407
1.4260000000000	-130.49077938144
1.4280000000000	-130.70390835827
1.4300000000000	-130.91749148526
1.4320000000000	-131.13153023093
1.4340000000000	-131.34602603085
1.4360000000000	-131.56098028684
1.4380000000000	-131.77639436617
1.4400000000000	-131.99226960081
1.4420000000000	-132.20860728659
1.4440000000000	-132.42540868246
1.4460000000000	-132.64267500962
1.4480000000000	-132.86040745080
1.4500000000000	-133.07860714943
1.4520000000000	-133.29727520880
1.4540000000000	-133.51641269135
1.4560000000000	-133.73602061779
1.4580000000000	-133.95609996636
1.4600000000000	-134.17665167197
1.4620000000000	-134.39767662549
1.4640000000000	-134.61917567287
1.4660000000000	-134.84114961440
1.4680000000000	-135.06359920391
1.4700000000000	-135.28652514798
1.4720000000000	-135.50992810515
1.4740000000000	-135.73380868516
1.4760000000000	-135.95816744813
1.4780000000000	-136.18300490387
1.4800000000000	-136.40832151101
1.4820000000000	-136.63411767635
1.4840000000000	-136.86039375401
1.4860000000000	-137.08715004473
1.4880000000000	-137.31438679514
1.4900000000000	-137.54210419699
1.4920000000000	-137.77030238645
1.4940000000000	-137.99898144338
1.4960000000000	-138.22814139062
1.4980000000000	-138.45778219332
1.5000000000000	-138.68790375820
1.5020000000000	-138.91850593293
1.5040000000000	-139.14958850539
1.5060000000000	-139.38115120311
1.5080000000000	-139.61319369251
1.5100000000000	-139.84571557838
1.5120000000000	-140.07871640318
1.5140000000000	-140.31219564648
1.5160000000000	-140.54615272432
1.5180000000000	-140.78058698872
1.5200000000000	-141.01549772703
1.5220000000000	-141.25088416141
1.5240000000000	-141.48674544834
1.5260000000000	-141.72308067806
1.5280000000000	-141.95988887409
1.5300000000000	-142.19716899276
1.5320000000000	-142.43491992275
1.5340000000000	-142.67314048463
1.5360000000000	-142.91182943049
1.5380000000000	-143.15098544345
1.5400000000000	-143.39060713739
1.5420000000000	-143.63069305651
1.5440000000000	-143.87124167501
1.5460000000000	-144.11225139682
1.5480000000000	-144.35372055523
1.5500000000000	-144.59564741270
1.5520000000000	-144.83803016057
1.5540000000000	-145.08086691882
1.5560000000000	-145.32415573595
1.5580000000000	-145.56789458871
1.5600000000000	-145.81208138204
1.5620000000000	-146.05671394890
1.5640000000000	-146.30179005020
1.5660000000000	-146.54730737470
1.5680000000000	-146.79326353904
1.5700000000000	-147.03965608764
1.5720000000000	-147.28648249280
1.5740000000000	-147.53374015469
1.5760000000000	-147.78142640143
1.5780000000000	-148.02953848925
1.5800000000000	-148.27807360254
1.5820000000000	-148.52702885408
1.5840000000000	-148.77640128519
1.5860000000000	-149.02618786599
1.5880000000000	-149.27638549565
1.5900000000000	-149.52699100263
1.5920000000000	-149.77800114508
1.5940000000000	-150.02941261111
1.5960000000000	-150.28122201923
1.5980000000000	-150.53342591873
1.6000000000000	-150.78602079015
1.6020000000000	-151.03900304572
1.6040000000000	-151.29236902994
1.6060000000000	-151.54611502005
1.6080000000000	-151.80023722663
1.6100000000000	-152.05473179425
1.6120000000000	-152.30959480206
1.6140000000000	-152.56482226449
1.6160000000000	-152.82041013194
1.6180000000000	-153.07635429155
1.6200000000000	-153.33265056795
1.6220000000000	-153.58929472406
1.6240000000000	-153.84628246196
1.6260000000000	-154.10360942374
1.6280000000000	-154.36127119239
1.6300000000000	-154.61926329276
1.6320000000000	-154.87758119252
1.6340000000000	-155.13622030316
1.6360000000000	-155.39517598102
1.6380000000000	-155.65444352833
1.6400000000000	-155.91401819436
1.6420000000000	-156.17389517647
1.6440000000000	-156.43406962131
1.6460000000000	-156.69453662601
1.6480000000000	-156.95529123936
1.6500000000000	-157.21632846307
1.6520000000000	-157.47764325305
1.6540000000000	-157.73923052066
1.6560000000000	-158.00108513413
1.6580000000000	-158.26320191981
1.6600000000000	-158.52557566360
1.6620000000000	-158.78820111238
1.6640000000000	-159.05107297538
1.6660000000000	-159.31418592568
1.6680000000000	-159.57753460168
1.6700000000000	-159.84111360860
1.6720000000000	-160.10491751999
1.6740000000000	-160.36894087932
1.6760000000000	-160.63317820151
1.6780000000000	-160.89762397452
1.6800000000000	-161.16227266100
1.6820000000000	-161.42711869986
1.6840000000000	-161.69215650798
1.6860000000000	-161.95738048183
1.6880000000000	-162.22278499916
1.6900000000000	-162.48836442070
1.6920000000000	-162.75411309187
1.6940000000000	-163.02002534453
1.6960000000000	-163.28609549867
1.6980000000000	-163.55231786420
1.7000000000000	-163.81868674270
1.7020000000000	-164.08519642918
1.7040000000000	-164.35184121390
1.7060000000000	-164.61861538412
1.7080000000000	-164.88551322592
1.7100000000000	-165.15252902597
1.7120000000000	-165.41965707342
1.7140000000000	-165.68689166162
1.7160000000000	-165.95422709001
1.7180000000000	-166.22165766589
1.7200000000000	-166.48917770629
1.7220000000000	-166.75678153976
1.7240000000000	-167.02446350819
1.7260000000000	-167.29221796867
1.7280000000000	-167.56003929528
1.7300000000000	-167.82792188090
1.7320000000000	-168.09586013905
1.7340000000000	-168.36384850566
1.7360000000000	-168.63188144092
1.7380000000000	-168.89995343103
1.7400000000000	-169.16805899000
1.7420000000000	-169.43619266143
1.7440000000000	-169.70434902029
1.7460000000000	-169.97252267464
1.7480000000000	-170.24070826740
1.7500000000000	-170.50890047806
1.7520000000000	-170.77709402444
1.7540000000000	-171.04528366433
1.7560000000000	-171.31346419722
1.7580000000000	-171.58163046595
1.7600000000000	-171.84977735839
1.7620000000000	-172.11789980903
1.7640000000000	-172.38599280063
1.7660000000000	-172.65405136579
1.7680000000000	-172.92207058854
1.7700000000000	-173.19004560590
1.7720000000000	-173.45797160940
1.7740000000000	-173.72584384657
1.7760000000000	-173.99365762245
1.7780000000000	-174.26140830104
1.7800000000000	-174.52909130673
1.7820000000000	-174.79670212573
1.7840000000000	-175.06423630739
1.7860000000000	-175.33168946563
1.7880000000000	-175.59905728022
1.7900000000000	-175.86633549809
1.7920000000000	-176.13351993460
1.7940000000000	-176.40060647477
1.7960000000000	-176.66759107451
1.7980000000000	-176.93446976175
1.8000000000000	-177.20123863767
1.8020000000000	-177.46789387772
1.8040000000000	-177.73443173277
1.8060000000000	-178.00084853013
1.8080000000000	-178.26714067457
1.8100000000000	-178.53330464934
1.8120000000000	-178.79933701705
1.8140000000000	-179.06523442064
1.8160000000000	-179.33099358427
1.8180000000000	-179.59661131411
1.8200000000000	-179.86208449920
1.8220000000000	179.87258988778
1.8240000000000	179.60741478978
1.8260000000000	179.34239306468
1.8280000000000	179.07752748461
1.8300000000000	178.81282073530
1.8320000000000	178.54827541553
1.8340000000000	178.28389403651
1.8360000000000	178.01967902142
1.8380000000000	177.75563270487
1.8400000000000	177.49175733247
1.8420000000000	177.22805506043
1.8440000000000	176.96452795515
1.8460000000000	176.70117799293
1.8480000000000	176.43800705961
1.8500000000000	176.17501695034
1.8520000000000	175.91220936934
1.8540000000000	175.64958592973
1.8560000000000	175.38714815332
1.8580000000000	175.12489747056
1.8600000000000	174.86283522040
1.8620000000000	174.60096265029
1.8640000000000	174.33928091612
1.8660000000000	174.07779108230
1.8680000000000	173.81649412180
1.8700000000000	173.55539091624
1.8720000000000	173.29448225602
1.8740000000000	173.03376884054
1.8760000000000	172.77325127833
1.8780000000000	172.51293008736
1.8800000000000	172.25280569526
1.8820000000000	171.99287843969
1.8840000000000	171.73314856862
1.8860000000000	171.47361624075
1.8880000000000	171.21428152593
1.8900000000000	170.95514440556
1.8920000000000	170.69620477313
1.8940000000000	170.43746243469
1.8960000000000	170.17891710940
1.8980000000000	169.92056843014
1.9000000000000	169.66241594406
1.9020000000000	169.40445911329
1.9040000000000	169.14669731557
1.9060000000000	168.88912984497
1.9080000000000	168.63175591260
1.9100000000000	168.37457464743
1.9120000000000	168.11758509701
1.9140000000000	167.86078622836
1.9160000000000	167.60417692879
1.9180000000000	167.34775600678
1.9200000000000	167.09152219291
1.9220000000000	166.83547414078
1.9240000000000	166.57961042798
1.9260000000000	166.32392955710
1.9280000000000	166.06842995671
1.9300000000000	165.81310998245
1.9320000000000	165.55796791806
1.9340000000000	165.30300197650
1.9360000000000	165.04821030108
1.9380000000000	164.79359096658
1.9400000000000	164.53914198043
1.9420000000000	164.28486128389
1.9440000000000	164.03074675329
1.9460000000000	163.77679620126
1.9480000000000	163.52300737797
1.9500000000000	163.26937797242
1.9520000000000	163.01590561374
1.9540000000000	162.76258787254
1.9560000000000	162.50942226220
1.9580000000000	162.25640624026
1.9600000000000	162.00353720982
1.9620000000000	161.75081252089
1.9640000000000	161.49822947182
1.9660000000000	161.24578531077
1.9680000000000	160.99347723712
1.9700000000000	160.74130240292
1.9720000000000	160.48925791441
1.9740000000000	160.23734083352
1.9760000000000	159.98554817933
1.9780000000000	159.73387692963
1.9800000000000	159.48232402244
1.9820000000000	159.23088635757
1.9840000000000	158.97956079819
1.9860000000000	158.72834417235
1.9880000000000	158.47723327463
1.9900000000000	158.22622486770
1.9920000000000	157.97531568390
1.9940000000000	157.72450242689
1.9960000000000	157.47378177324
1.9980000000000	157.22315037409
2.0000000000000	156.97260485672
2.0020000000000	156.72214182627
2.0040000000000	156.47175786731
2.0060000000000	156.22144954554
2.0080000000000	155.97121340942
2.0100000000000	155.72104599183
2.0120000000000	155.47094381174
2.0140000000000	155.22090337585
2.0160000000000	154.97092118027
2.0180000000000	154.72099371220
2.0200000000000	154.47111745154
2.0220000000000	154.22128887263
2.0240000000000	153.97150444582
2.0260000000000	153.72176063923
2.0280000000000	153.47205392031
2.0300000000000	153.22238075758
2.0320000000000	152.97273762222
2.0340000000000	152.72312098972
2.0360000000000	152.47352734156
2.0380000000000	152.22395316678
2.0400000000000	151.97439496368
2.0420000000000	151.72484924135
2.0440000000000	151.47531252135
2.0460000000000	151.22578133928
2.0480000000000	150.97625224635
2.0500000000000	150.72672181100
2.0520000000000	150.47718662043
2.0540000000000	150.22764328217
2.0560000000000	149.97808842562
2.0580000000000	149.72851870356
2.0600000000000	149.47893079371
2.0620000000000	149.22932140014
2.0640000000000	148.97968725485
2.0660000000000	148.73002511917
2.0680000000000	148.48033178521
2.0700000000000	148.23060407733
2.0720000000000	147.98083885349
2.0740000000000	147.73103300670
2.0760000000000	147.48118346635
2.0780000000000	147.23128719956
2.0800000000000	146.98134121253
2.0820000000000	146.73134255183
2.0840000000000	146.48128830566
2.0860000000000	146.23117560517
2.0880000000000	145.98100162562
2.0900000000000	145.73076358764
2.0920000000000	145.48045875841
2.0940000000000	145.23008445277
2.0960000000000	144.97963803441
2.0980000000000	144.72911691695
2.1000000000000	144.47851856499
2.1020000000000	144.22784049521
2.1040000000000	143.97708027734
2.1060000000000	143.72623553517
2.1080000000000	143.47530394751
2.1100000000000	143.22428324911
2.1120000000000	142.97317123155
2.1140000000000	142.72196574415
2.1160000000000	142.47066469474
2.1180000000000	142.21926605049
2.1200000000000	141.96776783871
2.1220000000000	141.71616814753
2.1240000000000	141.46446512664
2.1260000000000	141.21265698794
2.1280000000000	140.96074200621
2.1300000000000	140.70871851966
2.1320000000000	140.45658493053
2.1340000000000	140.20433970560
2.1360000000000	139.95198137671
2.1380000000000	139.69950854121
2.1400000000000	139.44691986238
2.1420000000000	139.19421406983
2.1440000000000	138.94138995983
2.1460000000000	138.68844639568
2.1480000000000	138.43538230792
2.1500000000000	138.18219669465
2.1520000000000	137.92888862170
2.1540000000000	137.67545722279
2.1560000000000	137.42190169972
2.1580000000000	137.16822132243
2.1600000000000	136.91441542907
2.1620000000000	136.66048342607
2.1640000000000	136.40642478809
2.1660000000000	136.15223905799
2.1680000000000	135.89792584678
2.1700000000000	135.64348483349
2.1720000000000	135.38891576502
2.1740000000000	135.13421845599
2.1760000000000	134.87939278848
2.1780000000000	134.62443871184
2.1800000000000	134.36935624234
2.1820000000000	134.11414546292
2.1840000000000	133.85880652281
2.1860000000000	133.60333963715
2.1880000000000	133.34774508658
2.1900000000000	133.09202321682
2.1920000000000	132.83617443815
2.1940000000000	132.58019922493
2.1960000000000	132.32409811508
2.1980000000000	132.06787170949
2.2000000000000	131.81152067142
2.2020000000000	131.55504572589
2.2040000000000	131.29844765904
2.2060000000000	131.04172731744
2.2080000000000	130.78488560736
2.2100000000000	130.52792349407
2.2120000000000	130.27084200110
2.2140000000000	130.01364220938
2.2160000000000	129.75632525653
2.2180000000000	129.49889233596
2.2200000000000	129.24134469606
2.2220000000000	128.98368363931
2.2240000000000	128.72591052136
2.2260000000000	128.46802675017
2.2280000000000	128.21003378501
2.2300000000000	127.95193313558
2.2320000000000	127.69372636096
2.2340000000000	127.43541506866
2.2360000000000	127.17700091363
2.2380000000000	126.91848559720
2.2400000000000	126.65987086607
2.2420000000000	126.40115851123
2.2440000000000	126.14235036694
2.2460000000000	125.88344830960
2.2480000000000	125.62445425670
2.2500000000000	125.36537016572
2.2520000000000	125.10619803298
2.2540000000000	124.84693989256
2.2560000000000	124.58759781518
2.2580000000000	124.32817390702
2.2600000000000	124.06867030860
2.2620000000000	123.80908919367
2.2640000000000	123.54943276799
2.2660000000000	123.28970326821
2.2680000000000	123.02990296073
2.2700000000000	122.77003414048
2.2720000000000	122.51009912979
2.2740000000000	122.25010027725
2.2760000000000	121.99003995646
2.2780000000000	121.72992056496
2.2800000000000	121.46974452300
2.2820000000000	121.20951427238
2.2840000000000	120.94923227533
2.2860000000000	120.68890101331
2.2880000000000	120.42852298586
2.2900000000000	120.16810070948
2.2920000000000	119.90763671647
2.2940000000000	119.64713355376
2.2960000000000	119.38659378183
2.2980000000000	119.12601997356
2.3000000000000	118.86541471310
2.3020000000000	118.60478059480
2.3040000000000	118.34412022207
2.3060000000000	118.08343620631
2.3080000000000	117.82273116585
2.3100000000000	117.56200772485
2.3120000000000	117.30126851225
2.3140000000000	117.04051616073
2.3160000000000	116.77975330569
2.3180000000000	116.51898258421
2.3200000000000	116.25820663404
2.3220000000000	115.99742809263
2.3240000000000	115.73664959615
2.3260000000000	115.47587377848
2.3280000000000	115.21510327031
2.3300000000000	114.95434069820
2.3320000000000	114.69358868364
2.3340000000000	114.43284984214
2.3360000000000	114.17212678238
2.3380000000000	113.91142210531
2.3400000000000	113.65073840330
2.3420000000000	113.39007825932
2.3440000000000	113.12944424609
2.3460000000000	112.86883892530
2.3480000000000	112.60826484683
2.3500000000000	112.34772454796
2.3520000000000	112.08722055264
2.3540000000000	111.82675537076
2.3560000000000	111.56633149742
2.3580000000000	111.30595141224
2.3600000000000	111.04561757871
2.3620000000000	110.78533244351
2.3640000000000	110.52509843586
2.3660000000000	110.26491796693
2.3680000000000	110.00479342923
2.3700000000000	109.74472719599
2.3720000000000	109.48472162067
2.3740000000000	109.22477903635
2.3760000000000	108.96490175522
2.3780000000000	108.70509206810
2.3800000000000	108.44535224392
2.3820000000000	108.18568452926
2.3840000000000	107.92609114790
2.3860000000000	107.66657430037
2.3880000000000	107.40713616358
2.3900000000000	107.14777889036
2.3920000000000	106.88850460913
2.3940000000000	106.62931542352
2.3960000000000	106.37021341203
2.3980000000000	106.11120062769
2.4000000000000	105.85227909777
2.4020000000000	105.59345082349
2.4040000000000	105.33471777972
2.4060000000000	105.07608191478
2.4080000000000	104.81754515011
2.4100000000000	104.55910938014
2.4120000000000	104.30077647201
2.4140000000000	104.04254826543
2.4160000000000	103.78442657246
2.4180000000000	103.52641317739
2.4200000000000	103.26850983657
2.4220000000000	103.01071827829
2.4240000000000	102.75304020266
2.4260000000000	102.49547728152
2.4280000000000	102.23803115833
2.4300000000000	101.98070344813
2.4320000000000	101.72349573747
2.4340000000000	101.46640958434
2.4360000000000	101.20944651819
2.4380000000000	100.95260803987
2.4400000000000	100.69589562164
2.4420000000000	100.43931070717
2.4440000000000	100.18285471157
2.4460000000000	99.926529021431
2.4480000000000	99.670334994827
2.4500000000000	99.414273961413
2.4520000000000	99.158347222467
2.4540000000000	98.902556050974
2.4560000000000	98.646901691709
2.4580000000000	98.391385361337
2.4600000000000	98.136008248516
2.4620000000000	97.880771514015
2.4640000000000	97.625676290842
2.4660000000000	97.370723684374
2.4680000000000	97.115914772504
2.4700000000000	96.861250605791
2.4720000000000	96.606732207623
2.4740000000000	96.352360574380
2.4760000000000	96.098136675615
2.4780000000000	95.844061454234
2.4800000000000	95.590135826688
2.4820000000000	95.336360683171
2.4840000000000	95.082736887819
2.4860000000000	94.829265278927
2.4880000000000	94.575946669161
2.4900000000000	94.322781845780
2.4920000000000	94.069771570865
2.4940000000000	93.816916581553
2.4960000000000	93.564217590273
2.4980000000000	93.311675284990
2.5000000000000	93.059290329451
2.5020000000000	92.807063363440
2.5040000000000	92.554995003031
2.5060000000000	92.303085840852
2.5080000000000	92.051336446342
2.5100000000000	91.799747366026
2.5120000000000	91.548319123780
2.5140000000000	91.297052221105
2.5160000000000	91.045947137407
2.5180000000000	90.795004330272
2.5200000000000	90.544224235750
2.5220000000000	90.293607268636
2.5240000000000	90.043153822758
2.5260000000000	89.792864271264
2.5280000000000	89.542738966912
2.5300000000000	89.292778242359
2.5320000000000	89.042982410454
2.5340000000000	88.793351764531
2.5360000000000	88.543886578705
2.5380000000000	88.294587108166
2.5400000000000	88.045453589473
2.5420000000000	87.796486240854
2.5440000000000	87.547685262498
2.5460000000000	87.299050836857
2.5480000000000	87.050583128941
2.5500000000000	86.802282286613
2.5520000000000	86.554148440889
2.5540000000000	86.306181706233
2.5560000000000	86.058382180853
2.5580000000000	85.810749946997
2.5600000000000	85.563285071247
2.5620000000000	85.315987604816
2.5640000000000	85.068857583837
2.5660000000000	84.821895029657
2.5680000000000	84.575099949132
2.5700000000000	84.328472334908
2.5720000000000	84.082012165721
2.5740000000000	83.835719406673
2.5760000000000	83.589594009526
2.5780000000000	83.343635912984
2.5800000000000	83.097845042973
2.5820000000000	82.852221312923
2.5840000000000	82.606764624051
2.5860000000000	82.361474865634
2.5880000000000	82.116351915283
2.5900000000000	81.871395639222
2.5920000000000	81.626605892554
2.5940000000000	81.381982519533
2.5960000000000	81.137525353829
2.5980000000000	80.893234218795
2.6000000000000	80.649108927728
2.6020000000000	80.405149284127
2.6040000000000	80.161355081956
2.6060000000000	79.917726105894
2.6080000000000	79.674262131593
2.6100000000000	79.430962925922
2.6120000000000	79.187828247221
2.6140000000000	78.944857845543
2.6160000000000	78.702051462895
2.6180000000000	78.459408833485
2.6200000000000	78.216929683949
2.6220000000000	77.974613733597
2.6240000000000	77.732460694635
2.6260000000000	77.490470272402
2.6280000000000	77.248642165591
2.6300000000000	77.006976066476
2.6320000000000	76.765471661131
2.6340000000000	76.524128629653
2.6360000000000	76.282946646369
2.6380000000000	76.041925380056
2.6400000000000	75.801064494149
2.6420000000000	75.560363646946
2.6440000000000	75.319822491813
2.6460000000000	75.079440677388
2.6480000000000	74.839217847776
2.6500000000000	74.599153642747
2.6520000000000	74.359247697927
2.6540000000000	74.119499644990
2.6560000000000	73.879909111845
2.6580000000000	73.640475722818
2.6600000000000	73.401199098837
2.6620000000000	73.162078857608
2.6640000000000	72.923114613794
2.6660000000000	72.684305979186
2.6680000000000	72.445652562872
2.6700000000000	72.207153971410
2.6720000000000	71.968809808985
2.6740000000000	71.730619677581
2.6760000000000	71.492583177132
2.6780000000000	71.254699905681
2.6800000000000	71.016969459537
2.6820000000000	70.779391433424
2.6840000000000	70.541965420630
2.6860000000000	70.304691013151
2.6880000000000	70.067567801838
2.6900000000000	69.830595376537
2.6920000000000	69.593773326224
2.6940000000000	69.357101239144
2.6960000000000	69.120578702943
2.6980000000000	68.884205304798
2.7000000000000	68.647980631546
2.7020000000000	68.411904269807
2.7040000000000	68.175975806112
2.7060000000000	67.940194827016
2.7080000000000	67.704560919224
2.7100000000000	67.469073669703
2.7120000000000	67.233732665793
2.7140000000000	66.998537495322
2.7160000000000	66.763487746714
2.7180000000000	66.528583009093
2.7200000000000	66.293822872389
2.7220000000000	66.059206927437
2.7240000000000	65.824734766083
2.7260000000000	65.590405981273
2.7280000000000	65.356220167154
2.7300000000000	65.122176919163
2.7320000000000	64.888275834122
2.7340000000000	64.654516510324
2.7360000000000	64.420898547617
2.7380000000000	64.187421547495
2.7400000000000	63.954085113174
2.7420000000000	63.720888849678
2.7440000000000	63.487832363913
2.7460000000000	63.254915264744
2.7480000000000	63.022137163072
2.7500000000000	62.789497671906
2.7520000000000	62.556996406432
2.7540000000000	62.324632984081
2.7560000000000	62.092407024601
2.7580000000000	61.860318150117
2.7600000000000	61.628365985196
2.7620000000000	61.396550156908
2.7640000000000	61.164870294890
2.7660000000000	60.933326031398
2.7680000000000	60.701917001367
2.7700000000000	60.470642842463
2.7720000000000	60.239503195143
2.7740000000000	60.008497702696
2.7760000000000	59.777626011302
2.7780000000000	59.546887770075
2.7800000000000	59.316282631113
2.7820000000000	59.085810249540
2.7840000000000	58.855470283552
2.7860000000000	58.625262394460
2.7880000000000	58.395186246727
2.7900000000000	58.165241508012
2.7920000000000	57.935427849205
2.7940000000000	57.705744944462
2.7960000000000	57.476192471246
2.7980000000000	57.246770110355
2.8000000000000	57.017477545957
2.8020000000000	56.788314465620
2.8040000000000	56.559280560344
2.8060000000000	56.330375524588
2.8080000000000	56.101599056297
2.8100000000000	55.872950856930
2.8120000000000	55.644430631482
2.8140000000000	55.416038088512
2.8160000000000	55.187772940161
2.8180000000000	54.959634902177
2.8200000000000	54.731623693934
2.8220000000000	54.503739038450
2.8240000000000	54.275980662410
2.8260000000000	54.048348296176
2.8280000000000	53.820841673809
2.8300000000000	53.593460533080
2.8320000000000	53.366204615488
2.8340000000000	53.139073666270
2.8360000000000	52.912067434414
2.8380000000000	52.685185672670
2.8400000000000	52.458428137561
2.8420000000000	52.231794589392
2.8440000000000	52.005284792258
2.8460000000000	51.778898514051
2.8480000000000	51.552635526468
2.8500000000000	51.326495605018
2.8520000000000	51.100478529022
2.8540000000000	50.874584081623
2.8560000000000	50.648812049784
2.8580000000000	50.423162224297
2.8600000000000	50.197634399780
2.8620000000000	49.972228374676
2.8640000000000	49.746943951262
2.8660000000000	49.521780935640
2.8680000000000	49.296739137739
2.8700000000000	49.071818371315
2.8720000000000	48.847018453947
2.8740000000000	48.622339207032
2.8760000000000	48.397780455784
2.8780000000000	48.173342029229
2.8800000000000	47.949023760201
2.8820000000000	47.724825485331
2.8840000000000	47.500747045050
2.8860000000000	47.276788283572
2.8880000000000	47.052949048894
2.8900000000000	46.829229192787
2.8920000000000	46.605628570783
2.8940000000000	46.382147042172
2.8960000000000	46.158784469988
2.8980000000000	45.935540721000
2.9000000000000	45.712415665703
2.9020000000000	45.489409178307
2.9040000000000	45.266521136722
2.9060000000000	45.043751422551
2.9080000000000	44.821099921073
2.9100000000000	44.598566521233
2.9120000000000	44.376151115628
2.9140000000000	44.153853600493
2.9160000000000	43.931673875688
2.9180000000000	43.709611844681
2.9200000000000	43.487667414536
2.9220000000000	43.265840495895
2.9240000000000	43.044131002965
2.9260000000000	42.822538853501
2.9280000000000	42.601063968787
2.9300000000000	42.379706273624
2.9320000000000	42.158465696308
2.9340000000000	41.937342168619
2.9360000000000	41.716335625796
2.9380000000000	41.495446006523
2.9400000000000	41.274673252913
2.9420000000000	41.054017310482
2.9440000000000	40.833478128140
2.9460000000000	40.613055658162
2.9480000000000	40.392749856175
2.9500000000000	40.172560681139
2.9520000000000	39.952488095320
2.9540000000000	39.732532064279
2.9560000000000	39.512692556843
2.9580000000000	39.292969545094
2.9600000000000	39.073363004336
2.9620000000000	38.853872913087
2.9640000000000	38.634499253047
2.9660000000000	38.415242009084
2.9680000000000	38.196101169207
2.9700000000000	37.977076724548
2.9720000000000	37.758168669339
2.9740000000000	37.539377000887
2.9760000000000	37.320701719558
2.9780000000000	37.102142828747
2.9800000000000	36.883700334861
2.9820000000000	36.665374247293
2.9840000000000	36.447164578400
2.9860000000000	36.229071343483
2.9880000000000	36.011094560757
2.9900000000000	35.793234251333
2.9920000000000	35.575490439196
2.9940000000000	35.357863151174
2.9960000000000	35.140352416921
2.9980000000000	34.922958268893
3.0000000000000	34.705680742319
3.0020000000000	34.488519875184
3.0040000000000	34.271475708197
3.0060000000000	34.054548284774
3.0080000000000	33.837737651011
3.0100000000000	33.621043855659
3.0120000000000	33.404466950100
3.0140000000000	33.188006988323
3.0160000000000	32.971664026900
3.0180000000000	32.755438124960
3.0200000000000	32.539329344166
3.0220000000000	32.323337748690
3.0240000000000	32.107463405186
3.0260000000000	31.891706382770
3.0280000000000	31.676066752991
3.0300000000000	31.460544589806
3.0320000000000	31.245139969561
3.0340000000000	31.029852970959
3.0360000000000	30.814683675038
3.0380000000000	30.599632165148
3.0400000000000	30.384698526924
3.0420000000000	30.169882848261
3.0440000000000	29.955185219289
3.0460000000000	29.740605732351
3.0480000000000	29.526144481974
3.0500000000000	29.311801564845
3.0520000000000	29.097577079790
3.0540000000000	28.883471127744
3.0560000000000	28.669483811728
3.0580000000000	28.455615236826
3.0600000000000	28.241865510157
3.0620000000000	28.028234740853
3.0640000000000	27.814723040033
3.0660000000000	27.601330520776
3.0680000000000	27.388057298102
3.0700000000000	27.174903488940
3.0720000000000	26.961869212110
3.0740000000000	26.748954588294
3.0760000000000	26.536159740014
3.0780000000000	26.323484791605
3.0800000000000	26.110929869192
3.0820000000000	25.898495100667
3.0840000000000	25.686180615660
3.0860000000000	25.473986545522
3.0880000000000	25.261913023292
3.0900000000000	25.049960183679
3.0920000000000	24.838128163036
3.0940000000000	24.626417099335
3.0960000000000	24.414827132146
3.0980000000000	24.203358402607
3.1000000000000	23.992011053408
3.1020000000000	23.780785228759
3.1040000000000	23.569681074372
3.1060000000000	23.358698737437
3.1080000000000	23.147838366594
3.1100000000000	22.937100111914
3.1120000000000	22.726484124874
3.1140000000000	22.515990558331
3.1160000000000	22.305619566504
3.1180000000000	22.095371304946
3.1200000000000	21.885245930523
3.1220000000000	21.675243601391
3.1240000000000	21.465364476972
3.1260000000000	21.255608717933
3.1280000000000	21.045976486159
3.1300000000000	20.836467944737
3.1320000000000	20.627083257925
3.1340000000000	20.417822591139
3.1360000000000	20.208686110921
3.1380000000000	19.999673984924
3.1400000000000	19.790786381887
3.1420000000000	19.582023471611
3.1440000000000	19.373385424940
3.1460000000000	19.164872413737
3.1480000000000	18.956484610866
3.1500000000000	18.748222190162
3.1520000000000	18.540085326420
3.1540000000000	18.332074195365
3.1560000000000	18.124188973634
3.1580000000000	17.916429838756
3.1600000000000	17.708796969126
3.1620000000000	17.501290543992
3.1640000000000	17.293910743424
3.1660000000000	17.086657748301
3.1680000000000	16.879531740289
3.1700000000000	16.672532901814
3.1720000000000	16.465661416052
3.1740000000000	16.258917466898
3.1760000000000	16.052301238954
3.1780000000000	15.845812917504
3.1800000000000	15.639452688496
3.1820000000000	15.433220738519
3.1840000000000	15.227117254790
3.1860000000000	15.021142425126
3.1880000000000	14.815296437931
3.1900000000000	14.609579482170
3.1920000000000	14.403991747358
3.1940000000000	14.198533423533
3.1960000000000	13.993204701241
3.1980000000000	13.788005771517
3.2000000000000	13.582936825863
#
#"Frequency / GHz"	"S1,3 [Phase / deg]"
#--------------------------------------
1.2000000000000	-108.92544437170
1.2020000000000	-109.10021180350
1.2040000000000	-109.27520224434
1.2060000000000	-109.45041741508
1.2080000000000	-109.62585904971
1.2100000000000	-109.80152889531
1.2120000000000	-109.97742871200
1.2140000000000	-110.15356027284
1.2160000000000	-110.32992536379
1.2180000000000	-110.50652578360
1.2200000000000	-110.68336334378
1.2220000000000	-110.86043986847
1.2240000000000	-111.03775719437
1.2260000000000	-111.21531717067
1.2280000000000	-111.39312165889
1.2300000000000	-111.57117253286
1.2320000000000	-111.74947167855
1.2340000000000	-111.92802099398
1.2360000000000	-112.10682238911
1.2380000000000	-112.28587778571
1.2400000000000	-112.46518911724
1.2420000000000	-112.64475832871
1.2440000000000	-112.82458737656
1.2460000000000	-113.00467822849
1.2480000000000	-113.18503286334
1.2500000000000	-113.36565327095
1.2520000000000	-113.54654145193
1.2540000000000	-113.72769941759
1.2560000000000	-113.90912918971
1.2580000000000	-114.09083280038
1.2600000000000	-114.27281229183
1.2620000000000	-114.45506971623
1.2640000000000	-114.63760713549
1.2660000000000	-114.82042662110
1.2680000000000	-115.00353025389
1.2700000000000	-115.18692012380
1.2720000000000	-115.37059832973
1.2740000000000	-115.55456697924
1.2760000000000	-115.73882818840
1.2780000000000	-115.92338408148
1.2800000000000	-116.10823679073
1.2820000000000	-116.29338845615
1.2840000000000	-116.47884122524
1.2860000000000	-116.66459725268
1.2880000000000	-116.85065870012
1.2900000000000	-117.03702773587
1.2920000000000	-117.22370653464
1.2940000000000	-117.41069727723
1.2960000000000	-117.59800215021
1.2980000000000	-117.78562334567
1.3000000000000	-117.97356306088
1.3020000000000	-118.16182349795
1.3040000000000	-118.35040686351
1.3060000000000	-118.53931536843
1.3080000000000	-118.72855122737
1.3100000000000	-118.91811665855
1.3120000000000	-119.10801388330
1.3140000000000	-119.29824512573
1.3160000000000	-119.48881261238
1.3180000000000	-119.67971857177
1.3200000000000	-119.87096523411
1.3220000000000	-120.06255483080
1.3240000000000	-120.25448959410
1.3260000000000	-120.44677175669
1.3280000000000	-120.63940355126
1.3300000000000	-120.83238721004
1.3320000000000	-121.02572496442
1.3340000000000	-121.21941904449
1.3360000000000	-121.41347167857
1.3380000000000	-121.60788509274
1.3400000000000	-121.80266151041
1.3420000000000	-121.99780315181
1.3440000000000	-122.19331223354
1.3460000000000	-122.38919096802
1.3480000000000	-122.58544156304
1.3500000000000	-122.78206622123
1.3520000000000	-122.97906713954
1.3540000000000	-123.17644650872
1.3560000000000	-123.37420651279
1.3580000000000	-123.57234932847
1.3600000000000	-123.77087712467
1.3620000000000	-123.96979206190
1.3640000000000	-124.16909629173
1.3660000000000	-124.36879195619
1.3680000000000	-124.56888118719
1.3700000000000	-124.76936610595
1.3720000000000	-124.97024882239
1.3740000000000	-125.17153143451
1.3760000000000	-125.37321602780
1.3780000000000	-125.57530467459
1.3800000000000	-125.77779943347
1.3820000000000	-125.98070234859
1.3840000000000	-126.18401544905
1.3860000000000	-126.38774074827
1.3880000000000	-126.59188024327
1.3900000000000	-126.79643591407
1.3920000000000	-127.00140972296
1.3940000000000	-127.20680361387
1.3960000000000	-127.41261951164
1.3980000000000	-127.61885932136
1.4000000000000	-127.82552492766
1.4020000000000	-128.03261819396
1.4040000000000	-128.24014096185
1.4060000000000	-128.44809505029
1.4080000000000	-128.65648225490
1.4100000000000	-128.86530434726
1.4120000000000	-129.07456307415
1.4140000000000	-129.28426015682
1.4160000000000	-129.49439729023
1.4180000000000	-129.70497614229
1.4200000000000	-129.91599835315
1.4220000000000	-130.12746553439
1.4240000000000	-130.33937926826
1.4260000000000	-130.55174110693
1.4280000000000	-130.76455257173
1.4300000000000	-130.97781515232
1.4320000000000	-131.19153030595
1.4340000000000	-131.40569945667
1.4360000000000	-131.62032399454
1.4380000000000	-131.83540527485
1.4400000000000	-132.05094461729
1.4420000000000	-132.26694330523
1.4440000000000	-132.48340258484
1.4460000000000	-132.70032366437
1.4480000000000	-132.91770771330
1.4500000000000	-133.13555586155
1.4520000000000	-133.35386919873
1.4540000000000	-133.57264877328
1.4560000000000	-133.79189559169
1.4580000000000	-134.01161061773
1.4600000000000	-134.23179477163
1.4620000000000	-134.45244892927
1.4640000000000	-134.67357392145
1.4660000000000	-134.89517053301
1.4680000000000	-135.11723950214
1.4700000000000	-135.33978151950
1.4720000000000	-135.56279722753
1.4740000000000	-135.78628721960
1.4760000000000	-136.01025203927
1.4780000000000	-136.23469217954
1.4800000000000	-136.45960808206
1.4820000000000	-136.68500013638
1.4840000000000	-136.91086867920
1.4860000000000	-137.13721399364
1.4880000000000	-137.36403630849
1.4900000000000	-137.59133579747
1.4920000000000	-137.81911257857
1.4940000000000	-138.04736671325
1.4960000000000	-138.27609820580
1.4980000000000	-138.50530700263
1.5000000000000	-138.73499299160
1.5020000000000	-138.96515600131
1.5040000000000	-139.19579580050
1.5060000000000	-139.42691209734
1.5080000000000	-139.65850453883
1.5100000000000	-139.89057271018
1.5120000000000	-140.12311613418
1.5140000000000	-140.35613427060
1.5160000000000	-140.58962651565
1.5180000000000	-140.82359220136
1.5200000000000	-141.05803059507
1.5220000000000	-141.29294089886
1.5240000000000	-141.52832224906
1.5260000000000	-141.76417371575
1.5280000000000	-142.00049430224
1.5300000000000	-142.23728294464
1.5320000000000	-142.47453851142
1.5340000000000	-142.71225980294
1.5360000000000	-142.95044555107
1.5380000000000	-143.18909441882
1.5400000000000	-143.42820499994
1.5420000000000	-143.66777581859
1.5440000000000	-143.90780532901
1.5460000000000	-144.14829191525
1.5480000000000	-144.38923389085
1.5500000000000	-144.63062949860
1.5520000000000	-144.87247691033
1.5540000000000	-145.11477422668
1.5560000000000	-145.35751947692
1.5580000000000	-145.60071061883
1.5600000000000	-145.84434553851
1.5620000000000	-146.08842205034
1.5640000000000	-146.33293789686
1.5660000000000	-146.57789074873
1.5680000000000	-146.82327820472
1.5700000000000	-147.06909779172
1.5720000000000	-147.31534696474
1.5740000000000	-147.56202310703
1.5760000000000	-147.80912353011
1.5780000000000	-148.05664547395
1.5800000000000	-148.30458610707
1.5820000000000	-148.55294252678
1.5840000000000	-148.80171175933
1.5860000000000	-149.05089076020
1.5880000000000	-149.30047641437
1.5900000000000	-149.55046553658
1.5920000000000	-149.80085487175
1.5940000000000	-150.05164109526
1.5960000000000	-150.30282081342
1.5980000000000	-150.55439056387
1.6000000000000	-150.80634681604
1.6020000000000	-151.05868597167
1.6040000000000	-151.31140436534
1.6060000000000	-151.56449826501
1.6080000000000	-151.81796387263
1.6100000000000	-152.07179732477
1.6120000000000	-152.32599469330
1.6140000000000	-152.58055198602
1.6160000000000	-152.83546514748
1.6180000000000	-153.09073005966
1.6200000000000	-153.34634254280
1.6220000000000	-153.60229835622
1.6240000000000	-153.85859319919
1.6260000000000	-154.11522271177
1.6280000000000	-154.37218247581
1.6300000000000	-154.62946801583
1.6320000000000	-154.88707480005
1.6340000000000	-155.14499824139
1.6360000000000	-155.40323369853
1.6380000000000	-155.66177647697
1.6400000000000	-155.92062183017
1.6420000000000	-156.17976496066
1.6440000000000	-156.43920102122
1.6460000000000	-156.69892511609
1.6480000000000	-156.95893230219
1.6500000000000	-157.21921759039
1.6520000000000	-157.47977594676
1.6540000000000	-157.74060229393
1.6560000000000	-158.00169151240
1.6580000000000	-158.26303844193
1.6600000000000	-158.52463788291
1.6620000000000	-158.78648459780
1.6640000000000	-159.04857331255
1.6660000000000	-159.31089871810
1.6680000000000	-159.57345547185
1.6700000000000	-159.83623819918
1.6720000000000	-160.09924149499
1.6740000000000	-160.36245992527
1.6760000000000	-160.62588802864
1.6780000000000	-160.88952031801
1.6800000000000	-161.15335128216
1.6820000000000	-161.41737538737
1.6840000000000	-161.68158707910
1.6860000000000	-161.94598078368
1.6880000000000	-162.21055090995
1.6900000000000	-162.47529185098
1.6920000000000	-162.74019798582
1.6940000000000	-163.00526368120
1.6960000000000	-163.27048329329
1.6980000000000	-163.53585116943
1.7000000000000	-163.80136164995
1.7020000000000	-164.06700906988
1.7040000000000	-164.33278776080
1.7060000000000	-164.59869205259
1.7080000000000	-164.86471627525
1.7100000000000	-165.13085476069
1.7120000000000	-165.39710184456
1.7140000000000	-165.66345186808
1.7160000000000	-165.92989917982
1.7180000000000	-166.19643813753
1.7200000000000	-166.46306311000
1.7220000000000	-166.72976847883
1.7240000000000	-166.99654864030
1.7260000000000	-167.26339800715
1.7280000000000	-167.53031101043
1.7300000000000	-167.79728210128
1.7320000000000	-168.06430575276
1.7340000000000	-168.33137646167
1.7360000000000	-168.59848875029
1.7380000000000	-168.86563716823
1.7400000000000	-169.13281629418
1.7420000000000	-169.40002073767
1.7440000000000	-169.66724514084
1.7460000000000	-169.93448418021
1.7480000000000	-170.20173256838
1.7500000000000	-170.46898505576
1.7520000000000	-170.73623643231
1.7540000000000	-171.00348152918
1.7560000000000	-171.27071522042
1.7580000000000	-171.53793242464
1.7600000000000	-171.80512810664
1.7620000000000	-172.07229727904
1.7640000000000	-172.33943500387
1.7660000000000	-172.60653639417
1.7680000000000	-172.87359661555
1.7700000000000	-173.14061088770
1.7720000000000	-173.40757448596
1.7740000000000	-173.67448274277
1.7760000000000	-173.94133104915
1.7780000000000	-174.20811485617
1.7800000000000	-174.47482967632
1.7820000000000	-174.74147108494
1.7840000000000	-175.00803472159
1.7860000000000	-175.27451629135
1.7880000000000	-175.54091156617
1.7900000000000	-175.80721638614
1.7920000000000	-176.07342666071
1.7940000000000	-176.33953836997
1.7960000000000	-176.60554756577
1.7980000000000	-176.87145037297
1.8000000000000	-177.13724299048
1.8020000000000	-177.40292169240
1.8040000000000	-177.66848282909
1.8060000000000	-177.93392282819
1.8080000000000	-178.19923819561
1.8100000000000	-178.46442551651
1.8120000000000	-178.72948145622
1.8140000000000	-178.99440276115
1.8160000000000	-179.25918625963
1.8180000000000	-179.52382886276
1.8200000000000	-179.78832756518
1.8220000000000	179.94732055415
1.8240000000000	179.68311833126
1.8260000000000	179.41906851645
1.8280000000000	179.15517377369
1.8300000000000	178.89143667995
1.8320000000000	178.62785972467
1.8340000000000	178.36444530920
1.8360000000000	178.10119574632
1.8380000000000	177.83811325973
1.8400000000000	177.57519998368
1.8420000000000	177.31245796253
1.8440000000000	177.04988915042
1.8460000000000	176.78749541097
1.8480000000000	176.52527851696
1.8500000000000	176.26324015009
1.8520000000000	176.00138190083
1.8540000000000	175.73970526818
1.8560000000000	175.47821165959
1.8580000000000	175.21690239083
1.8600000000000	174.95577868596
1.8620000000000	174.69484167728
1.8640000000000	174.43409240537
1.8660000000000	174.17353181912
1.8680000000000	173.91316077585
1.8700000000000	173.65298004139
1.8720000000000	173.39299029026
1.8740000000000	173.13319210589
1.8760000000000	172.87358598080
1.8780000000000	172.61417231691
1.8800000000000	172.35495142581
1.8820000000000	172.09592352911
1.8840000000000	171.83708875882
1.8860000000000	171.57844715773
1.8880000000000	171.31999867987
1.8900000000000	171.06174319097
1.8920000000000	170.80368046896
1.8940000000000	170.54581020454
1.8960000000000	170.28813200171
1.8980000000000	170.03064537839
1.9000000000000	169.77334976708
1.9020000000000	169.51624451548
1.9040000000000	169.25932888723
1.9060000000000	169.00260206263
1.9080000000000	168.74606313939
1.9100000000000	168.48971113342
1.9120000000000	168.23354497968
1.9140000000000	167.97756353299
1.9160000000000	167.72176556893
1.9180000000000	167.46614978477
1.9200000000000	167.21071480036
1.9220000000000	166.95545915914
1.9240000000000	166.70038132910
1.9260000000000	166.44547970381
1.9280000000000	166.19075260348
1.9300000000000	165.93619827600
1.9320000000000	165.68181489809
1.9340000000000	165.42760057636
1.9360000000000	165.17355334849
1.9380000000000	164.91967118442
1.9400000000000	164.66595198751
1.9420000000000	164.41239359578
1.9440000000000	164.15899378314
1.9460000000000	163.90575026068
1.9480000000000	163.65266067791
1.9500000000000	163.39972262411
1.9520000000000	163.14693362964
1.9540000000000	162.89429116730
1.9560000000000	162.64179265366
1.9580000000000	162.38943545051
1.9600000000000	162.13721686620
1.9620000000000	161.88513415713
1.9640000000000	161.63318452912
1.9660000000000	161.38136513892
1.9680000000000	161.12967309568
1.9700000000000	160.87810546242
1.9720000000000	160.62665925754
1.9740000000000	160.37533145635
1.9760000000000	160.12411899261
1.9780000000000	159.87301876006
1.9800000000000	159.62202761400
1.9820000000000	159.37114237282
1.9840000000000	159.12035981966
1.9860000000000	158.86967670393
1.9880000000000	158.61908974297
1.9900000000000	158.36859562363
1.9920000000000	158.11819100391
1.9940000000000	157.86787251460
1.9960000000000	157.61763676090
1.9980000000000	157.36748032410
2.0000000000000	157.11739976319
2.0020000000000	156.86739161656
2.0040000000000	156.61745240366
2.0060000000000	156.36757862665
2.0080000000000	156.11776677207
2.0100000000000	155.86801331255
2.0120000000000	155.61831470847
2.0140000000000	155.36866740963
2.0160000000000	155.11906785694
2.0180000000000	154.86951248411
2.0200000000000	154.61999771932
2.0220000000000	154.37051998690
2.0240000000000	154.12107570901
2.0260000000000	153.87166130733
2.0280000000000	153.62227320469
2.0300000000000	153.37290782679
2.0320000000000	153.12356160384
2.0340000000000	152.87423097218
2.0360000000000	152.62491237600
2.0380000000000	152.37560226893
2.0400000000000	152.12629711570
2.0420000000000	151.87699339376
2.0440000000000	151.62768759489
2.0460000000000	151.37837622682
2.0480000000000	151.12905581481
2.0500000000000	150.87972290326
2.0520000000000	150.63037405726
2.0540000000000	150.38100586416
2.0560000000000	150.13161493510
2.0580000000000	149.88219790657
2.0600000000000	149.63275144188
2.0620000000000	149.38327223271
2.0640000000000	149.13375700056
2.0660000000000	148.88420249823
2.0680000000000	148.63460551123
2.0700000000000	148.38496285928
2.0720000000000	148.13527139763
2.0740000000000	147.88552801852
2.0760000000000	147.63572965251
2.0780000000000	147.38587326983
2.0800000000000	147.13595588169
2.0820000000000	146.88597454161
2.0840000000000	146.63592634667
2.0860000000000	146.38580843876
2.0880000000000	146.13561800581
2.0900000000000	145.88535228300
2.0920000000000	145.63500855393
2.0940000000000	145.38458415173
2.0960000000000	145.13407646023
2.0980000000000	144.88348291504
2.1000000000000	144.63280100457
2.1020000000000	144.38202827112
2.1040000000000	144.13116231183
2.1060000000000	143.88020077971
2.1080000000000	143.62914138451
2.1100000000000	143.37798189371
2.1120000000000	143.12672013334
2.1140000000000	142.87535398884
2.1160000000000	142.62388140589
2.1180000000000	142.37230039118
2.1200000000000	142.12060901316
2.1220000000000	141.86880540274
2.1240000000000	141.61688775400
2.1260000000000	141.36485432480
2.1280000000000	141.11270343745
2.1300000000000	140.86043347919
2.1320000000000	140.60804290282
2.1340000000000	140.35553022718
2.1360000000000	140.10289403760
2.1380000000000	139.85013298633
2.1400000000000	139.59724579299
2.1420000000000	139.34423124487
2.1440000000000	139.09108819730
2.1460000000000	138.83781557391
2.1480000000000	138.58441236690
2.1500000000000	138.33087763727
2.1520000000000	138.07721051496
2.1540000000000	137.82341019903
2.1560000000000	137.56947595777
2.1580000000000	137.31540712874
2.1600000000000	137.06120311883
2.1620000000000	136.80686340427
2.1640000000000	136.55238753055
2.1660000000000	136.29777511242
2.1680000000000	136.04302583370
2.1700000000000	135.78813944720
2.1720000000000	135.53311577453
2.1740000000000	135.27795470587
2.1760000000000	135.02265619972
2.1780000000000	134.76722028265
2.1800000000000	134.51164704898
2.1820000000000	134.25593666041
2.1840000000000	134.00008934564
2.1860000000000	133.74410540000
2.1880000000000	133.48798518495
2.1900000000000	133.23172912764
2.1920000000000	132.97533772038
2.1940000000000	132.71881152014
2.1960000000000	132.46215114792
2.1980000000000	132.20535728822
2.2000000000000	131.94843068836
2.2020000000000	131.69137215784
2.2040000000000	131.43418256769
2.2060000000000	131.17686284972
2.2080000000000	130.91941399577
2.2100000000000	130.66183705702
2.2120000000000	130.40413314313
2.2140000000000	130.14630342145
2.2160000000000	129.88834911621
2.2180000000000	129.63027150763
2.2200000000000	129.37207193104
2.2220000000000	129.11375177601
2.2240000000000	128.85531248538
2.2260000000000	128.59675555437
2.2280000000000	128.33808252954
2.2300000000000	128.07929500791
2.2320000000000	127.82039463588
2.2340000000000	127.56138310824
2.2360000000000	127.30226216714
2.2380000000000	127.04303360106
2.2400000000000	126.78369924372
2.2420000000000	126.52426097300
2.2440000000000	126.26472070991
2.2460000000000	126.00508041740
2.2480000000000	125.74534209933
2.2500000000000	125.48550779929
2.2520000000000	125.22557959953
2.2540000000000	124.96555961975
2.2560000000000	124.70545001600
2.2580000000000	124.44525297951
2.2600000000000	124.18497073553
2.2620000000000	123.92460554218
2.2640000000000	123.66415968923
2.2660000000000	123.40363549700
2.2680000000000	123.14303531511
2.2700000000000	122.88236152135
2.2720000000000	122.62161652048
2.2740000000000	122.36080274302
2.2760000000000	122.09992264415
2.2780000000000	121.83897870243
2.2800000000000	121.57797341868
2.2820000000000	121.31690931479
2.2840000000000	121.05578893257
2.2860000000000	120.79461483251
2.2880000000000	120.53338959269
2.2900000000000	120.27211580759
2.2920000000000	120.01079608693
2.2940000000000	119.74943305452
2.2960000000000	119.48802934713
2.2980000000000	119.22658761337
2.3000000000000	118.96511051253
2.3020000000000	118.70360071349
2.3040000000000	118.44206089359
2.3060000000000	118.18049373759
2.3080000000000	117.91890193651
2.3100000000000	117.65728818660
2.3120000000000	117.39565518827
2.3140000000000	117.13400564505
2.3160000000000	116.87234226253
2.3180000000000	116.61066774734
2.3200000000000	116.34898480617
2.3220000000000	116.08729614473
2.3240000000000	115.82560446678
2.3260000000000	115.56391247321
2.3280000000000	115.30222286099
2.3300000000000	115.04053832234
2.3320000000000	114.77886154374
2.3340000000000	114.51719520505
2.3360000000000	114.25554197861
2.3380000000000	113.99390452838
2.3400000000000	113.73228550909
2.3420000000000	113.47068756538
2.3440000000000	113.20911333102
2.3460000000000	112.94756542806
2.3480000000000	112.68604646607
2.3500000000000	112.42455904139
2.3520000000000	112.16310573636
2.3540000000000	111.90168911859
2.3560000000000	111.64031174027
2.3580000000000	111.37897613744
2.3600000000000	111.11768482937
2.3620000000000	110.85644031786
2.3640000000000	110.59524508661
2.3660000000000	110.33410160064
2.3680000000000	110.07301230563
2.3700000000000	109.81197962742
2.3720000000000	109.55100597135
2.3740000000000	109.29009372182
2.3760000000000	109.02924524169
2.3780000000000	108.76846287182
2.3800000000000	108.50774893058
2.3820000000000	108.24710571335
2.3840000000000	107.98653549211
2.3860000000000	107.72604051499
2.3880000000000	107.46562300588
2.3900000000000	107.20528516402
2.3920000000000	106.94502916360
2.3940000000000	106.68485715346
2.3960000000000	106.42477125671
2.3980000000000	106.16477357043
2.4000000000000	105.90486616534
2.4020000000000	105.64505108555
2.4040000000000	105.38533034824
2.4060000000000	105.12570594347
2.4080000000000	104.86617983389
2.4100000000000	104.60675395456
2.4120000000000	104.34743021271
2.4140000000000	104.08821048760
2.4160000000000	103.82909663028
2.4180000000000	103.57009046353
2.4200000000000	103.31119378161
2.4220000000000	103.05240835024
2.4240000000000	102.79373590642
2.4260000000000	102.53517815835
2.4280000000000	102.27673678536
2.4300000000000	102.01841343785
2.4320000000000	101.76020973721
2.4340000000000	101.50212727580
2.4360000000000	101.24416761692
2.4380000000000	100.98633229480
2.4400000000000	100.72862281458
2.4420000000000	100.47104065236
2.4440000000000	100.21358725517
2.4460000000000	99.956264041061
2.4480000000000	99.699072399125
2.4500000000000	99.442013689550
2.4520000000000	99.185089243697
2.4540000000000	98.928300364184
2.4560000000000	98.671648324969
2.4580000000000	98.415134371457
2.4600000000000	98.158759720608
2.4620000000000	97.902525561058
2.4640000000000	97.646433053251
2.4660000000000	97.390483329574
2.4680000000000	97.134677494508
2.4700000000000	96.879016624782
2.4720000000000	96.623501769538
2.4740000000000	96.368133950504
2.4760000000000	96.112914162173
2.4780000000000	95.857843371990
2.4800000000000	95.602922520544
2.4820000000000	95.348152521777
2.4840000000000	95.093534263180
2.4860000000000	94.839068606018
2.4880000000000	94.584756385542
2.4900000000000	94.330598411220
2.4920000000000	94.076595466966
2.4940000000000	93.822748311377
2.4960000000000	93.569057677974
2.4980000000000	93.315524275451
2.5000000000000	93.062148787921
2.5020000000000	92.808931875179
2.5040000000000	92.555874172956
2.5060000000000	92.302976293181
2.5080000000000	92.050238824255
2.5100000000000	91.797662331315
2.5120000000000	91.545247356510
2.5140000000000	91.292994419280
2.5160000000000	91.040904016632
2.5180000000000	90.788976623423
2.5200000000000	90.537212692647
2.5220000000000	90.285612655719
2.5240000000000	90.034176922766
2.5260000000000	89.782905882916
2.5280000000000	89.531799904591
2.5300000000000	89.280859335802
2.5320000000000	89.030084504441
2.5340000000000	88.779475718582
2.5360000000000	88.529033266774
2.5380000000000	88.278757418341
2.5400000000000	88.028648423679
2.5420000000000	87.778706514559
2.5440000000000	87.528931904424
2.5460000000000	87.279324788688
2.5480000000000	87.029885345036
2.5500000000000	86.780613733728
2.5520000000000	86.531510097892
2.5540000000000	86.282574563830
2.5560000000000	86.033807241310
2.5580000000000	85.785208223871
2.5600000000000	85.536777589115
2.5620000000000	85.288515399009
2.5640000000000	85.040421700175
2.5660000000000	84.792496524190
2.5680000000000	84.544739887878
2.5700000000000	84.297151793601
2.5720000000000	84.049732229552
2.5740000000000	83.802481170046
2.5760000000000	83.555398575804
2.5780000000000	83.308484394246
2.5800000000000	83.061738559769
2.5820000000000	82.815160994037
2.5840000000000	82.568751606258
2.5860000000000	82.322510293467
2.5880000000000	82.076436940801
2.5900000000000	81.830531421776
2.5920000000000	81.584793598561
2.5940000000000	81.339223322250
2.5960000000000	81.093820433130
2.5980000000000	80.848584760948
2.6000000000000	80.603516125179
2.6020000000000	80.358614335284
2.6040000000000	80.113879190973
2.6060000000000	79.869310482462
2.6080000000000	79.624907990728
2.6100000000000	79.380671487764
2.6120000000000	79.136600736824
2.6140000000000	78.892695492676
2.6160000000000	78.648955501843
2.6180000000000	78.405380502850
2.6200000000000	78.161970226459
2.6220000000000	77.918724395906
2.6240000000000	77.675642727142
2.6260000000000	77.432724929055
2.6280000000000	77.189970703707
2.6300000000000	76.947379746556
2.6320000000000	76.704951746678
2.6340000000000	76.462686386992
2.6360000000000	76.220583344475
2.6380000000000	75.978642290376
2.6400000000000	75.736862890429
2.6420000000000	75.495244805064
2.6440000000000	75.253787689612
2.6460000000000	75.012491194507
2.6480000000000	74.771354965489
2.6500000000000	74.530378643801
2.6520000000000	74.289561866385
2.6540000000000	74.048904266071
2.6560000000000	73.808405471773
2.6580000000000	73.568065108668
2.6600000000000	73.327882798384
2.6620000000000	73.087858159182
2.6640000000000	72.847990806130
2.6660000000000	72.608280351281
2.6680000000000	72.368726403846
2.6700000000000	72.129328570364
2.6720000000000	71.890086454865
2.6740000000000	71.650999659040
2.6760000000000	71.412067782399
2.6780000000000	71.173290422429
2.6800000000000	70.934667174755
2.6820000000000	70.696197633286
2.6840000000000	70.457881390373
2.6860000000000	70.219718036952
2.6880000000000	69.981707162692
2.6900000000000	69.743848356137
2.6920000000000	69.506141204845
2.6940000000000	69.268585295527
2.6960000000000	69.031180214182
2.6980000000000	68.793925546231
2.7000000000000	68.556820876641
2.7020000000000	68.319865790059
2.7040000000000	68.083059870935
2.7060000000000	67.846402703642
2.7080000000000	67.609893872599
2.7100000000000	67.373532962387
2.7120000000000	67.137319557865
2.7140000000000	66.901253244282
2.7160000000000	66.665333607389
2.7180000000000	66.429560233545
2.7200000000000	66.193932709825
2.7220000000000	65.958450624120
2.7240000000000	65.723113565245
2.7260000000000	65.487921123031
2.7280000000000	65.252872888426
2.7300000000000	65.017968453587
2.7320000000000	64.783207411977
2.7340000000000	64.548589358449
2.7360000000000	64.314113889340
2.7380000000000	64.079780602554
2.7400000000000	63.845589097649
2.7420000000000	63.611538975914
2.7440000000000	63.377629840455
2.7460000000000	63.143861296270
2.7480000000000	62.910232950324
2.7500000000000	62.676744411628
2.7520000000000	62.443395291305
2.7540000000000	62.210185202666
2.7560000000000	61.977113761276
2.7580000000000	61.744180585020
2.7600000000000	61.511385294169
2.7620000000000	61.278727511444
2.7640000000000	61.046206862078
2.7660000000000	60.813822973871
2.7680000000000	60.581575477253
2.7700000000000	60.349464005338
2.7720000000000	60.117488193981
2.7740000000000	59.885647681827
2.7760000000000	59.653942110364
2.7780000000000	59.422371123975
2.7800000000000	59.190934369984
2.7820000000000	58.959631498701
2.7840000000000	58.728462163473
2.7860000000000	58.497426020721
2.7880000000000	58.266522729986
2.7900000000000	58.035751953967
2.7920000000000	57.805113358566
2.7940000000000	57.574606612918
2.7960000000000	57.344231389433
2.7980000000000	57.113987363830
2.8000000000000	56.883874215169
2.8020000000000	56.653891625886
2.8040000000000	56.424039281822
2.8060000000000	56.194316872255
2.8080000000000	55.964724089927
2.8100000000000	55.735260631071
2.8120000000000	55.505926195440
2.8140000000000	55.276720486328
2.8160000000000	55.047643210598
2.8180000000000	54.818694078701
2.8200000000000	54.589872804700
2.8220000000000	54.361179106290
2.8240000000000	54.132612704817
2.8260000000000	53.904173325295
2.8280000000000	53.675860696425
2.8300000000000	53.447674550611
2.8320000000000	53.219614623975
2.8340000000000	52.991680656371
2.8360000000000	52.763872391396
2.8380000000000	52.536189576408
2.8400000000000	52.308631962531
2.8420000000000	52.081199304668
2.8440000000000	51.853891361511
2.8460000000000	51.626707895549
2.8480000000000	51.399648673076
2.8500000000000	51.172713464195
2.8520000000000	50.945902042830
2.8540000000000	50.719214186725
2.8560000000000	50.492649677450
2.8580000000000	50.266208300407
2.8600000000000	50.039889844831
2.8620000000000	49.813694103791
2.8640000000000	49.587620874192
2.8660000000000	49.361669956778
2.8680000000000	49.135841156125
2.8700000000000	48.910134280649
2.8720000000000	48.684549142598
2.8740000000000	48.459085558052
2.8760000000000	48.233743346917
2.8780000000000	48.008522332929
2.8800000000000	47.783422343641
2.8820000000000	47.558443210422
2.8840000000000	47.333584768453
2.8860000000000	47.108846856719
2.8880000000000	46.884229318001
2.8900000000000	46.659731998873
2.8920000000000	46.435354749690
2.8940000000000	46.211097424581
2.8960000000000	45.986959881441
2.8980000000000	45.762941981922
2.9000000000000	45.539043591421
2.9020000000000	45.315264579070
2.9040000000000	45.091604817729
2.9060000000000	44.868064183968
2.9080000000000	44.644642558061
2.9100000000000	44.421339823971
2.9120000000000	44.198155869338
2.9140000000000	43.975090585463
2.9160000000000	43.752143867302
2.9180000000000	43.529315613442
2.9200000000000	43.306605726096
2.9220000000000	43.084014111081
2.9240000000000	42.861540677806
2.9260000000000	42.639185339259
2.9280000000000	42.416948011986
2.9300000000000	42.194828616076
2.9320000000000	41.972827075150
2.9340000000000	41.750943316334
2.9360000000000	41.529177270253
2.9380000000000	41.307528871004
2.9400000000000	41.085998056144
2.9420000000000	40.864584766668
2.9440000000000	40.643288946995
2.9460000000000	40.422110544946
2.9480000000000	40.201049511723
2.9500000000000	39.980105801896
2.9520000000000	39.759279373378
2.9540000000000	39.538570187407
2.9560000000000	39.317978208528
2.9580000000000	39.097503404567
2.9600000000000	38.877145746619
2.9620000000000	38.656905209020
2.9640000000000	38.436781769327
2.9660000000000	38.216775408302
2.9680000000000	37.996886109885
2.9700000000000	37.777113861176
2.9720000000000	37.557458652410
2.9740000000000	37.337920476939
2.9760000000000	37.118499331207
2.9780000000000	36.899195214728
2.9800000000000	36.680008130066
2.9820000000000	36.460938082809
2.9840000000000	36.241985081549
2.9860000000000	36.023149137858
2.9880000000000	35.804430266264
2.9900000000000	35.585828484232
2.9920000000000	35.367343812133
2.9940000000000	35.148976273229
2.9960000000000	34.930725893646
2.9980000000000	34.712592702348
3.0000000000000	34.494576731116
3.0020000000000	34.276678014525
3.0040000000000	34.058896589918
3.0060000000000	33.841232497382
3.0080000000000	33.623685779727
3.0100000000000	33.406256482456
3.0120000000000	33.188944653747
3.0140000000000	32.971750344426
3.0160000000000	32.754673607941
3.0180000000000	32.537714500338
3.0200000000000	32.320873080242
3.0220000000000	32.104149408824
3.0240000000000	31.887543549781
3.0260000000000	31.671055569313
3.0280000000000	31.454685536092
3.0300000000000	31.238433521246
3.0320000000000	31.022299598325
3.0340000000000	30.806283843285
3.0360000000000	30.590386334454
3.0380000000000	30.374607152516
3.0400000000000	30.158946380481
3.0420000000000	29.943404103660
3.0440000000000	29.727980409642
3.0460000000000	29.512675388268
3.0480000000000	29.297489131608
3.0500000000000	29.082421733933
3.0520000000000	28.867473291692
3.0540000000000	28.652643903486
3.0560000000000	28.437933670045
3.0580000000000	28.223342694201
3.0600000000000	28.008871080863
3.0620000000000	27.794518936997
3.0640000000000	27.580286371591
3.0660000000000	27.366173495643
3.0680000000000	27.152180422124
3.0700000000000	26.938307265962
3.0720000000000	26.724554144014
3.0740000000000	26.510921175040
3.0760000000000	26.297408479680
3.0780000000000	26.084016180429
3.0800000000000	25.870744401613
3.0820000000000	25.657593269364
3.0840000000000	25.444562911594
3.0860000000000	25.231653457973
3.0880000000000	25.018865039902
3.0900000000000	24.806197790493
3.0920000000000	24.593651844538
3.0940000000000	24.381227338491
3.0960000000000	24.168924410440
3.0980000000000	23.956743200086
3.1000000000000	23.744683848716
3.1020000000000	23.532746499178
3.1040000000000	23.320931295863
3.1060000000000	23.109238384673
3.1080000000000	22.897667913006
3.1100000000000	22.686220029724
3.1120000000000	22.474894885135
3.1140000000000	22.263692630967
3.1160000000000	22.052613420345
3.1180000000000	21.841657407766
3.1200000000000	21.630824749080
3.1220000000000	21.420115601462
3.1240000000000	21.209530123391
3.1260000000000	20.999068474627
3.1280000000000	20.788730816188
3.1300000000000	20.578517310325
3.1320000000000	20.368428120503
3.1340000000000	20.158463411375
3.1360000000000	19.948623348760
3.1380000000000	19.738908099623
3.1400000000000	19.529317832048
3.1420000000000	19.319852715219
3.1440000000000	19.110512919398
3.1460000000000	18.901298615900
3.1480000000000	18.692209977074
3.1500000000000	18.483247176278
3.1520000000000	18.274410387860
3.1540000000000	18.065699787135
3.1560000000000	17.857115550364
3.1580000000000	17.648657854730
3.1600000000000	17.440326878319
3.1620000000000	17.232122800099
3.1640000000000	17.024045799898
3.1660000000000	16.816096058381
3.1680000000000	16.608273757031
3.1700000000000	16.400579078130
3.1720000000000	16.193012204733
3.1740000000000	15.985573320653
3.1760000000000	15.778262610435
3.1780000000000	15.571080259341
3.1800000000000	15.364026453325
3.1820000000000	15.157101379016
3.1840000000000	14.950305223697
3.1860000000000	14.743638175283
3.1880000000000	14.537100422304
3.1900000000000	14.330692153884
3.1920000000000	14.124413559722
3.1940000000000	13.918264830070
3.1960000000000	13.712246155718
3.1980000000000	13.506357727972
3.2000000000000	13.300599738632
#
#"Frequency / GHz"	"S2,3 [Phase / deg]"
#--------------------------------------
1.2000000000000	-100.41380237128
1.2020000000000	-100.57916461464
1.2040000000000	-100.74492237751
1.2060000000000	-100.91107764673
1.2080000000000	-101.07763242123
1.2100000000000	-101.24458871211
1.2120000000000	-101.41194854260
1.2140000000000	-101.57971394807
1.2160000000000	-101.74788697605
1.2180000000000	-101.91646968621
1.2200000000000	-102.08546415035
1.2220000000000	-102.25487245240
1.2240000000000	-102.42469668842
1.2260000000000	-102.59493896658
1.2280000000000	-102.76560140714
1.2300000000000	-102.93668614246
1.2320000000000	-103.10819531696
1.2340000000000	-103.28013108710
1.2360000000000	-103.45249562137
1.2380000000000	-103.62529110028
1.2400000000000	-103.79851971630
1.2420000000000	-103.97218367385
1.2440000000000	-104.14628518926
1.2460000000000	-104.32082649076
1.2480000000000	-104.49580981842
1.2500000000000	-104.67123742411
1.2520000000000	-104.84711157147
1.2540000000000	-105.02343453587
1.2560000000000	-105.20020860434
1.2580000000000	-105.37743607554
1.2600000000000	-105.55511925971
1.2620000000000	-105.73326047858
1.2640000000000	-105.91186206536
1.2660000000000	-106.09092636463
1.2680000000000	-106.27045573232
1.2700000000000	-106.45045253559
1.2720000000000	-106.63091915281
1.2740000000000	-106.81185797344
1.2760000000000	-106.99327139799
1.2780000000000	-107.17516183789
1.2800000000000	-107.35753171546
1.2820000000000	-107.54038346376
1.2840000000000	-107.72371952654
1.2860000000000	-107.90754235814
1.2880000000000	-108.09185442337
1.2900000000000	-108.27665819739
1.2920000000000	-108.46195616565
1.2940000000000	-108.64775082374
1.2960000000000	-108.83404467727
1.2980000000000	-109.02084024176
1.3000000000000	-109.20814004252
1.3020000000000	-109.39594661450
1.3040000000000	-109.58426250218
1.3060000000000	-109.77309025939
1.3080000000000	-109.96243244920
1.3100000000000	-110.15229164378
1.3120000000000	-110.34267042420
1.3140000000000	-110.53357138030
1.3160000000000	-110.72499711054
1.3180000000000	-110.91695022179
1.3200000000000	-111.10943332920
1.3220000000000	-111.30244905599
1.3240000000000	-111.49600003328
1.3260000000000	-111.69008889988
1.3280000000000	-111.88471830213
1.3300000000000	-112.07989089367
1.3320000000000	-112.27560933524
1.3340000000000	-112.47187629448
1.3360000000000	-112.66869444568
1.3380000000000	-112.86606646960
1.3400000000000	-113.06399505320
1.3420000000000	-113.26248288944
1.3440000000000	-113.46153267701
1.3460000000000	-113.66114712009
1.3480000000000	-113.86132892809
1.3500000000000	-114.06208081542
1.3520000000000	-114.26340550118
1.3540000000000	-114.46530570890
1.3560000000000	-114.66778416629
1.3580000000000	-114.87084360491
1.3600000000000	-115.07448675990
1.3620000000000	-115.27871636968
1.3640000000000	-115.48353517561
1.3660000000000	-115.68894592174
1.3680000000000	-115.89495135444
1.3700000000000	-116.10155422206
1.3720000000000	-116.30875727465
1.3740000000000	-116.51656326356
1.3760000000000	-116.72497494113
1.3780000000000	-116.93399506030
1.3800000000000	-117.14362637428
1.3820000000000	-117.35387163615
1.3840000000000	-117.56473359849
1.3860000000000	-117.77621501298
1.3880000000000	-117.98831863003
1.3900000000000	-118.20104719834
1.3920000000000	-118.41440346455
1.3940000000000	-118.62839017273
1.3960000000000	-118.84301006404
1.3980000000000	-119.05826587625
1.4000000000000	-119.27416034329
1.4020000000000	-119.49069619482
1.4040000000000	-119.70787615579
1.4060000000000	-119.92570294591
1.4080000000000	-120.14417927923
1.4100000000000	-120.36330786362
1.4120000000000	-120.58309140031
1.4140000000000	-120.80353258337
1.4160000000000	-121.02463409919
1.4180000000000	-121.24639862599
1.4200000000000	-121.46882883328
1.4220000000000	-121.69192738130
1.4240000000000	-121.91569692053
1.4260000000000	-122.14014009110
1.4280000000000	-122.36525952223
1.4300000000000	-122.59105783169
1.4320000000000	-122.81753762520
1.4340000000000	-123.04470149583
1.4360000000000	-123.27255202346
1.4380000000000	-123.50109177411
1.4400000000000	-123.73032329940
1.4420000000000	-123.96024913586
1.4440000000000	-124.19087180436
1.4460000000000	-124.42219380944
1.4480000000000	-124.65421763868
1.4500000000000	-124.88694576207
1.4520000000000	-125.12038063129
1.4540000000000	-125.35452467910
1.4560000000000	-125.58938031865
1.4580000000000	-125.82494994276
1.4600000000000	-126.06123592330
1.4620000000000	-126.29824061041
1.4640000000000	-126.53596633186
1.4660000000000	-126.77441539227
1.4680000000000	-127.01359007247
1.4700000000000	-127.25349262869
1.4720000000000	-127.49412529187
1.4740000000000	-127.73549026691
1.4760000000000	-127.97758973190
1.4780000000000	-128.22042583740
1.4800000000000	-128.46400070563
1.4820000000000	-128.70831642974
1.4840000000000	-128.95337507301
1.4860000000000	-129.19917866807
1.4880000000000	-129.44572921612
1.4900000000000	-129.69302868614
1.4920000000000	-129.94107901406
1.4940000000000	-130.18988210200
1.4960000000000	-130.43943981743
1.4980000000000	-130.68975399235
1.5000000000000	-130.94082642250
1.5020000000000	-131.19265886653
1.5040000000000	-131.44525304512
1.5060000000000	-131.69861064025
1.5080000000000	-131.95273329426
1.5100000000000	-132.20762260908
1.5120000000000	-132.46328014537
1.5140000000000	-132.71970742168
1.5160000000000	-132.97690591358
1.5180000000000	-133.23487705286
1.5200000000000	-133.49362222664
1.5220000000000	-133.75314277655
1.5240000000000	-134.01343999784
1.5260000000000	-134.27451513858
1.5280000000000	-134.53636939877
1.5300000000000	-134.79900392952
1.5320000000000	-135.06241983216
1.5340000000000	-135.32661815742
1.5360000000000	-135.59159990461
1.5380000000000	-135.85736602070
1.5400000000000	-136.12391739955
1.5420000000000	-136.39125488103
1.5440000000000	-136.65937925020
1.5460000000000	-136.92829123648
1.5480000000000	-137.19799151281
1.5500000000000	-137.46848069484
1.5520000000000	-137.73975934010
1.5540000000000	-138.01182794722
1.5560000000000	-138.28468695507
1.5580000000000	-138.55833674203
1.5600000000000	-138.83277762512
1.5620000000000	-139.10800985932
1.5640000000000	-139.38403363669
1.5660000000000	-139.66084908568
1.5680000000000	-139.93845627035
1.5700000000000	-140.21685518961
1.5720000000000	-140.49604577654
1.5740000000000	-140.77602789758
1.5760000000000	-141.05680135193
1.5780000000000	-141.33836587075
1.5800000000000	-141.62072111655
1.5820000000000	-141.90386668247
1.5840000000000	-142.18780209168
1.5860000000000	-142.47252679667
1.5880000000000	-142.75804017870
1.5900000000000	-143.04434154712
1.5920000000000	-143.33143013886
1.5940000000000	-143.61930511775
1.5960000000000	-143.90796557409
1.5980000000000	-144.19741052402
1.6000000000000	-144.48763890902
1.6020000000000	-144.77864959546
1.6040000000000	-145.07044137407
1.6060000000000	-145.36301295952
1.6080000000000	-145.65636298996
1.6100000000000	-145.95049002664
1.6120000000000	-146.24539255351
1.6140000000000	-146.54106897682
1.6160000000000	-146.83751762487
1.6180000000000	-147.13473674761
1.6200000000000	-147.43272451639
1.6220000000000	-147.73147902369
1.6240000000000	-148.03099828289
1.6260000000000	-148.33128022807
1.6280000000000	-148.63232271380
1.6300000000000	-148.93412351501
1.6320000000000	-149.23668032689
1.6340000000000	-149.53999076472
1.6360000000000	-149.84405236390
1.6380000000000	-150.14886257984
1.6400000000000	-150.45441878800
1.6420000000000	-150.76071828390
1.6440000000000	-151.06775828320
1.6460000000000	-151.37553592175
1.6480000000000	-151.68404825576
1.6500000000000	-151.99329226193
1.6520000000000	-152.30326483763
1.6540000000000	-152.61396280116
1.6560000000000	-152.92538289198
1.6580000000000	-153.23752177100
1.6600000000000	-153.55037602091
1.6620000000000	-153.86394214655
1.6640000000000	-154.17821657529
1.6660000000000	-154.49319565746
1.6680000000000	-154.80887566682
1.6700000000000	-155.12525280106
1.6720000000000	-155.44232318232
1.6740000000000	-155.76008285779
1.6760000000000	-156.07852780030
1.6780000000000	-156.39765390892
1.6800000000000	-156.71745700972
1.6820000000000	-157.03793285641
1.6840000000000	-157.35907713112
1.6860000000000	-157.68088544517
1.6880000000000	-158.00335333989
1.6900000000000	-158.32647628749
1.6920000000000	-158.65024969189
1.6940000000000	-158.97466888973
1.6960000000000	-159.29972915123
1.6980000000000	-159.62542568125
1.7000000000000	-159.95175362029
1.7020000000000	-160.27870804551
1.7040000000000	-160.60628397188
1.7060000000000	-160.93447635326
1.7080000000000	-161.26328008355
1.7100000000000	-161.59268999790
1.7120000000000	-161.92270087390
1.7140000000000	-162.25330743284
1.7160000000000	-162.58450434095
1.7180000000000	-162.91628621078
1.7200000000000	-163.24864760242
1.7220000000000	-163.58158302497
1.7240000000000	-163.91508693784
1.7260000000000	-164.24915375220
1.7280000000000	-164.58377783243
1.7300000000000	-164.91895349753
1.7320000000000	-165.25467502265
1.7340000000000	-165.59093664060
1.7360000000000	-165.92773254333
1.7380000000000	-166.26505688352
1.7400000000000	-166.60290377614
1.7420000000000	-166.94126730005
1.7440000000000	-167.28014149955
1.7460000000000	-167.61952038609
1.7480000000000	-167.95939793983
1.7500000000000	-168.29976811133
1.7520000000000	-168.64062482320
1.7540000000000	-168.98196197179
1.7560000000000	-169.32377342887
1.7580000000000	-169.66605304334
1.7600000000000	-170.00879464292
1.7620000000000	-170.35199203585
1.7640000000000	-170.69563901266
1.7660000000000	-171.03972934785
1.7680000000000	-171.38425680164
1.7700000000000	-171.72921512169
1.7720000000000	-172.07459804484
1.7740000000000	-172.42039929883
1.7760000000000	-172.76661260406
1.7780000000000	-173.11323167526
1.7800000000000	-173.46025022328
1.7820000000000	-173.80766195676
1.7840000000000	-174.15546058385
1.7860000000000	-174.50363981393
1.7880000000000	-174.85219335927
1.7900000000000	-175.20111493676
1.7920000000000	-175.55039826952
1.7940000000000	-175.90003708861
1.7960000000000	-176.25002513464
1.7980000000000	-176.60035615938
1.8000000000000	-176.95102392743
1.8020000000000	-177.30202221772
1.8040000000000	-177.65334482516
1.8060000000000	-178.00498556214
1.8080000000000	-178.35693826006
1.8100000000000	-178.70919677084
1.8120000000000	-179.06175496840
1.8140000000000	-179.41460675007
1.8160000000000	-179.76774603807
1.8180000000000	179.87883321915
1.8200000000000	179.52513704551
1.8220000000000	179.17117143601
1.8240000000000	178.81694235539
1.8260000000000	178.46245573690
1.8280000000000	178.10771748104
1.8300000000000	177.75273345440
1.8320000000000	177.39750948847
1.8340000000000	177.04205137854
1.8360000000000	176.68636488262
1.8380000000000	176.33045572040
1.8400000000000	175.97432957222
1.8420000000000	175.61799207817
1.8440000000000	175.26144883714
1.8460000000000	174.90470540595
1.8480000000000	174.54776729853
1.8500000000000	174.19063998515
1.8520000000000	173.83332889166
1.8540000000000	173.47583939884
1.8560000000000	173.11817684175
1.8580000000000	172.76034650914
1.8600000000000	172.40235364290
1.8620000000000	172.04420343759
1.8640000000000	171.68590104001
1.8660000000000	171.32745154881
1.8680000000000	170.96886001417
1.8700000000000	170.61013143750
1.8720000000000	170.25127077125
1.8740000000000	169.89228291875
1.8760000000000	169.53317273408
1.8780000000000	169.17394502204
1.8800000000000	168.81460453814
1.8820000000000	168.45515598871
1.8840000000000	168.09560403098
1.8860000000000	167.73595327331
1.8880000000000	167.37620827543
1.8900000000000	167.01637354873
1.8920000000000	166.65645355670
1.8940000000000	166.29645271533
1.8960000000000	165.93637539361
1.8980000000000	165.57622591418
1.9000000000000	165.21600855390
1.9020000000000	164.85572754462
1.9040000000000	164.49538707395
1.9060000000000	164.13499128613
1.9080000000000	163.77454428298
1.9100000000000	163.41405012491
1.9120000000000	163.05351283201
1.9140000000000	162.69293638524
1.9160000000000	162.33232472771
1.9180000000000	161.97168176597
1.9200000000000	161.61101137152
1.9220000000000	161.25031738228
1.9240000000000	160.88960360426
1.9260000000000	160.52887381326
1.9280000000000	160.16813175670
1.9300000000000	159.80738115558
1.9320000000000	159.44662570648
1.9340000000000	159.08586908377
1.9360000000000	158.72511494187
1.9380000000000	158.36436691769
1.9400000000000	158.00362863316
1.9420000000000	157.64290369795
1.9440000000000	157.28219571228
1.9460000000000	156.92150826998
1.9480000000000	156.56084496162
1.9500000000000	156.20020937793
1.9520000000000	155.83960511327
1.9540000000000	155.47903576946
1.9560000000000	155.11850495974
1.9580000000000	154.75801631299
1.9600000000000	154.39757347818
1.9620000000000	154.03718012913
1.9640000000000	153.67683996956
1.9660000000000	153.31655673845
1.9680000000000	152.95633421571
1.9700000000000	152.59617622829
1.9720000000000	152.23608665666
1.9740000000000	151.87606944172
1.9760000000000	151.51612859222
1.9780000000000	151.15626819267
1.9800000000000	150.79649241187
1.9820000000000	150.43680551203
1.9840000000000	150.07721185859
1.9860000000000	149.71771593082
1.9880000000000	149.35832233321
1.9900000000000	148.99903580783
1.9920000000000	148.63986124766
1.9940000000000	148.28080371108
1.9960000000000	147.92186843758
1.9980000000000	147.56306086485
2.0000000000000	147.20438664747
2.0020000000000	146.84585167718
2.0040000000000	146.48746210519
2.0060000000000	146.12922436658
2.0080000000000	145.77114520705
2.0100000000000	145.41323171241
2.0120000000000	145.05549134107
2.0140000000000	144.69793195989
2.0160000000000	144.34056188398
2.0180000000000	143.98338992070
2.0200000000000	143.62642541869
2.0220000000000	143.26967832250
2.0240000000000	142.91315923354
2.0260000000000	142.55687947837
2.0280000000000	142.20085118537
2.0300000000000	141.84508737095
2.0320000000000	141.48960203685
2.0340000000000	141.13441028017
2.0360000000000	140.77952841823
2.0380000000000	140.42497413058
2.0400000000000	140.07076662108
2.0420000000000	139.71692680337
2.0440000000000	139.36347751393
2.0460000000000	139.01044375757
2.0480000000000	138.65785299129
2.0500000000000	138.30573545382
2.0520000000000	137.95412454952
2.0540000000000	137.60305729770
2.0560000000000	137.25257486047
2.0580000000000	136.90272316589
2.0600000000000	136.55355364705
2.0620000000000	136.20512412309
2.0640000000000	135.85749985520
2.0660000000000	135.51075481925
2.0680000000000	135.16497324920
2.0700000000000	134.82025152074
2.0720000000000	134.47670046603
2.0740000000000	134.13444823959
2.0760000000000	133.79364389438
2.0780000000000	133.45446188262
2.0800000000000	133.11710777286
2.0820000000000	132.78182558484
2.0840000000000	132.44890730273
2.0860000000000	132.11870536101
2.0880000000000	131.79164924601
2.0900000000000	131.46826788823
2.0920000000000	131.14922034689
2.0940000000000	130.83533860534
2.0960000000000	130.52768844608
2.0980000000000	130.22765799100
2.1000000000000	129.93708977592
2.1020000000000	129.65848355919
2.1040000000000	129.39531838665
2.1060000000000	129.15258460368
2.1080000000000	128.93770491483
2.1100000000000	128.76222239449
2.1120000000000	128.64512031595
2.1140000000000	128.61996674981
2.1160000000000	128.75224241979
2.1180000000000	129.18903584756
2.1200000000000	130.34328416697
2.1220000000000	133.98083156869
2.1240000000000	168.10414060830
2.1260000000000	-68.612825554066
2.1280000000000	-61.809100889604
2.1300000000000	-60.068767033944
2.1320000000000	-59.426109832274
2.1340000000000	-59.197619321022
2.1360000000000	-59.169500836902
2.1380000000000	-59.253426635002
2.1400000000000	-59.406287170894
2.1420000000000	-59.604541371196
2.1440000000000	-59.834245628733
2.1460000000000	-60.086615190740
2.1480000000000	-60.355840110564
2.1500000000000	-60.637924073109
2.1520000000000	-60.930027699198
2.1540000000000	-61.230077903910
2.1560000000000	-61.536525514583
2.1580000000000	-61.848189409621
2.1600000000000	-62.164153170771
2.1620000000000	-62.483694705161
2.1640000000000	-62.806237186060
2.1660000000000	-63.131314140601
2.1680000000000	-63.458544143461
2.1700000000000	-63.787612168297
2.1720000000000	-64.118255639350
2.1740000000000	-64.450253856960
2.1760000000000	-64.783419881815
2.1780000000000	-65.117594235904
2.1800000000000	-65.452639962830
2.1820000000000	-65.788438717161
2.1840000000000	-66.124887641159
2.1860000000000	-66.461896849958
2.1880000000000	-66.799387391301
2.1900000000000	-67.137289578564
2.1920000000000	-67.475541619781
2.1940000000000	-67.814088483138
2.1960000000000	-68.152880952708
2.1980000000000	-68.491874838244
2.2000000000000	-68.831030310513
2.2020000000000	-69.170311339514
2.2040000000000	-69.509685217498
2.2060000000000	-69.849122152240
2.2080000000000	-70.188594918796
2.2100000000000	-70.528078560188
2.2120000000000	-70.867550129189
2.2140000000000	-71.206988464805
2.2160000000000	-71.546373998122
2.2180000000000	-71.885688583159
2.2200000000000	-72.224915349042
2.2220000000000	-72.564038570447
2.2240000000000	-72.903043553751
2.2260000000000	-73.241916536714
2.2280000000000	-73.580644599876
2.2300000000000	-73.919215588101
2.2320000000000	-74.257618040964
2.2340000000000	-74.595841130836
2.2360000000000	-74.933874607705
2.2380000000000	-75.271708749915
2.2400000000000	-75.609334320076
2.2420000000000	-75.946742525565
2.2440000000000	-76.283924983049
2.2460000000000	-76.620873686585
2.2480000000000	-76.957580978880
2.2500000000000	-77.294039525363
2.2520000000000	-77.630242290764
2.2540000000000	-77.966182517912
2.2560000000000	-78.301853708536
2.2580000000000	-78.637249605840
2.2600000000000	-78.972364178676
2.2620000000000	-79.307191607155
2.2640000000000	-79.641726269541
2.2660000000000	-79.975962730304
2.2680000000000	-80.309895729226
2.2700000000000	-80.643520171437
2.2720000000000	-80.976831118320
2.2740000000000	-81.309823779174
2.2760000000000	-81.642493503582
2.2780000000000	-81.974835774417
2.2800000000000	-82.306846201416
2.2820000000000	-82.638520515284
2.2840000000000	-82.969854562267
2.2860000000000	-83.300844299171
2.2880000000000	-83.631485788762
2.2900000000000	-83.961775195535
2.2920000000000	-84.291708781814
2.2940000000000	-84.621282904147
2.2960000000000	-84.950494009978
2.2980000000000	-85.279338634575
2.3000000000000	-85.607813398181
2.3020000000000	-85.935915003383
2.3040000000000	-86.263640232671
2.3060000000000	-86.590985946173
2.3080000000000	-86.917949079559
2.3100000000000	-87.244526642082
2.3120000000000	-87.570715714774
2.3140000000000	-87.896513448748
2.3160000000000	-88.221917063630
2.3180000000000	-88.546923846092
2.3200000000000	-88.871531148481
2.3220000000000	-89.195736387539
2.3240000000000	-89.519537043205
2.3260000000000	-89.842930657494
2.3280000000000	-90.165914833439
2.3300000000000	-90.488487234108
2.3320000000000	-90.810645581667
2.3340000000000	-91.132387656504
2.3360000000000	-91.453711296400
2.3380000000000	-91.774614395747
2.3400000000000	-92.095094904799
2.3420000000000	-92.415150828975
2.3440000000000	-92.734780228183
2.3460000000000	-93.053981216181
2.3480000000000	-93.372751959968
2.3500000000000	-93.691090679200
2.3520000000000	-94.008995645627
2.3540000000000	-94.326465182557
2.3560000000000	-94.643497664334
2.3580000000000	-94.960091515838
2.3600000000000	-95.276245212000
2.3620000000000	-95.591957277328
2.3640000000000	-95.907226285454
2.3660000000000	-96.222050858681
2.3680000000000	-96.536429667555
2.3700000000000	-96.850361430430
2.3720000000000	-97.163844913058
2.3740000000000	-97.476878928170
2.3760000000000	-97.789462335076
2.3780000000000	-98.101594039264
2.3800000000000	-98.413272992005
2.3820000000000	-98.724498189966
2.3840000000000	-99.035268674816
2.3860000000000	-99.345583532847
2.3880000000000	-99.655441894592
2.3900000000000	-99.964842934441
2.3920000000000	-100.27378587027
2.3940000000000	-100.58226996304
2.3960000000000	-100.89029451647
2.3980000000000	-101.19785887660
2.4000000000000	-101.50496243145
2.4020000000000	-101.81160461063
2.4040000000000	-102.11778488497
2.4060000000000	-102.42350276615
2.4080000000000	-102.72875780629
2.4100000000000	-103.03354959760
2.4120000000000	-103.33787777197
2.4140000000000	-103.64174200063
2.4160000000000	-103.94514199371
2.4180000000000	-104.24807749991
2.4200000000000	-104.55054830607
2.4220000000000	-104.85255423680
2.4240000000000	-105.15409515408
2.4260000000000	-105.45517095689
2.4280000000000	-105.75578158078
2.4300000000000	-106.05592699752
2.4320000000000	-106.35560721464
2.4340000000000	-106.65482227509
2.4360000000000	-106.95357225683
2.4380000000000	-107.25185727238
2.4400000000000	-107.54967746849
2.4420000000000	-107.84703302565
2.4440000000000	-108.14392415777
2.4460000000000	-108.44035111172
2.4480000000000	-108.73631416691
2.4500000000000	-109.03181363493
2.4520000000000	-109.32684985910
2.4540000000000	-109.62142321405
2.4560000000000	-109.91553410535
2.4580000000000	-110.20918296906
2.4600000000000	-110.50237027130
2.4620000000000	-110.79509650789
2.4640000000000	-111.08736220389
2.4660000000000	-111.37916791318
2.4680000000000	-111.67051421808
2.4700000000000	-111.96140172888
2.4720000000000	-112.25183108348
2.4740000000000	-112.54180294693
2.4760000000000	-112.83131801100
2.4780000000000	-113.12037699383
2.4800000000000	-113.40898063943
2.4820000000000	-113.69712971732
2.4840000000000	-113.98482502210
2.4860000000000	-114.27206737300
2.4880000000000	-114.55885761352
2.4900000000000	-114.84519661096
2.4920000000000	-115.13108525606
2.4940000000000	-115.41652446253
2.4960000000000	-115.70151516668
2.4980000000000	-115.98605832698
2.5000000000000	-116.27015492368
2.5020000000000	-116.55380595838
2.5040000000000	-116.83701245361
2.5060000000000	-117.11977545245
2.5080000000000	-117.40209601813
2.5100000000000	-117.68397523358
2.5120000000000	-117.96541420109
2.5140000000000	-118.24641404187
2.5160000000000	-118.52697589565
2.5180000000000	-118.80710092032
2.5200000000000	-119.08679029150
2.5220000000000	-119.36604520216
2.5240000000000	-119.64486686224
2.5260000000000	-119.92325649825
2.5280000000000	-120.20121535289
2.5300000000000	-120.47874468467
2.5320000000000	-120.75584576752
2.5340000000000	-121.03251989043
2.5360000000000	-121.30876835705
2.5380000000000	-121.58459248535
2.5400000000000	-121.85999360722
2.5420000000000	-122.13497306810
2.5440000000000	-122.40953222667
2.5460000000000	-122.68367245441
2.5480000000000	-122.95739513530
2.5500000000000	-123.23070166543
2.5520000000000	-123.50359345268
2.5540000000000	-123.77607191634
2.5560000000000	-124.04813848678
2.5580000000000	-124.31979460508
2.5600000000000	-124.59104172275
2.5620000000000	-124.86188130131
2.5640000000000	-125.13231481203
2.5660000000000	-125.40234373555
2.5680000000000	-125.67196956159
2.5700000000000	-125.94119378857
2.5720000000000	-126.21001792336
2.5740000000000	-126.47844348091
2.5760000000000	-126.74647198395
2.5780000000000	-127.01410496268
2.5800000000000	-127.28134395446
2.5820000000000	-127.54819050352
2.5840000000000	-127.81464616063
2.5860000000000	-128.08071248282
2.5880000000000	-128.34639103311
2.5900000000000	-128.61168338015
2.5920000000000	-128.87659109801
2.5940000000000	-129.14111576584
2.5960000000000	-129.40525896764
2.5980000000000	-129.66902229191
2.6000000000000	-129.93240733145
2.6020000000000	-130.19541568307
2.6040000000000	-130.45804894728
2.6060000000000	-130.72030872809
2.6080000000000	-130.98219663269
2.6100000000000	-131.24371427125
2.6120000000000	-131.50486325664
2.6140000000000	-131.76564520416
2.6160000000000	-132.02606173132
2.6180000000000	-132.28611445762
2.6200000000000	-132.54580500425
2.6220000000000	-132.80513499390
2.6240000000000	-133.06410605051
2.6260000000000	-133.32271979907
2.6280000000000	-133.58097786532
2.6300000000000	-133.83888187564
2.6320000000000	-134.09643345671
2.6340000000000	-134.35363423540
2.6360000000000	-134.61048583849
2.6380000000000	-134.86698989247
2.6400000000000	-135.12314802337
2.6420000000000	-135.37896185652
2.6440000000000	-135.63443301637
2.6460000000000	-135.88956312629
2.6480000000000	-136.14435380837
2.6500000000000	-136.39880668324
2.6520000000000	-136.65292336988
2.6540000000000	-136.90670548543
2.6560000000000	-137.16015464503
2.6580000000000	-137.41327246162
2.6600000000000	-137.66606054578
2.6620000000000	-137.91852050555
2.6640000000000	-138.17065394626
2.6660000000000	-138.42246247040
2.6680000000000	-138.67394767740
2.6700000000000	-138.92511116351
2.6720000000000	-139.17595452165
2.6740000000000	-139.42647934122
2.6760000000000	-139.67668720799
2.6780000000000	-139.92657970393
2.6800000000000	-140.17615840706
2.6820000000000	-140.42542489134
2.6840000000000	-140.67438072649
2.6860000000000	-140.92302747788
2.6880000000000	-141.17136670639
2.6900000000000	-141.41939996830
2.6920000000000	-141.66712881510
2.6940000000000	-141.91455479345
2.6960000000000	-142.16167944499
2.6980000000000	-142.40850430625
2.7000000000000	-142.65503090853
2.7020000000000	-142.90126077776
2.7040000000000	-143.14719543444
2.7060000000000	-143.39283639349
2.7080000000000	-143.63818516414
2.7100000000000	-143.88324324984
2.7120000000000	-144.12801214816
2.7140000000000	-144.37249335069
2.7160000000000	-144.61668834291
2.7180000000000	-144.86059860414
2.7200000000000	-145.10422560743
2.7220000000000	-145.34757081945
2.7240000000000	-145.59063570042
2.7260000000000	-145.83342170404
2.7280000000000	-146.07593027736
2.7300000000000	-146.31816286073
2.7320000000000	-146.56012088773
2.7340000000000	-146.80180578505
2.7360000000000	-147.04321897245
2.7380000000000	-147.28436186268
2.7400000000000	-147.52523586140
2.7420000000000	-147.76584236712
2.7440000000000	-148.00618277111
2.7460000000000	-148.24625845736
2.7480000000000	-148.48607080252
2.7500000000000	-148.72562117578
2.7520000000000	-148.96491093891
2.7540000000000	-149.20394144610
2.7560000000000	-149.44271404398
2.7580000000000	-149.68123007151
2.7600000000000	-149.91949085996
2.7620000000000	-150.15749773285
2.7640000000000	-150.39525200591
2.7660000000000	-150.63275498700
2.7680000000000	-150.87000797610
2.7700000000000	-151.10701226525
2.7720000000000	-151.34376913852
2.7740000000000	-151.58027987193
2.7760000000000	-151.81654573345
2.7780000000000	-152.05256798297
2.7800000000000	-152.28834787221
2.7820000000000	-152.52388664474
2.7840000000000	-152.75918553592
2.7860000000000	-152.99424577285
2.7880000000000	-153.22906857440
2.7900000000000	-153.46365515112
2.7920000000000	-153.69800670523
2.7940000000000	-153.93212443060
2.7960000000000	-154.16600951273
2.7980000000000	-154.39966312872
2.8000000000000	-154.63308644723
2.8020000000000	-154.86628062850
2.8040000000000	-155.09924682428
2.8060000000000	-155.33198617785
2.8080000000000	-155.56449982399
2.8100000000000	-155.79678888895
2.8120000000000	-156.02885449047
2.8140000000000	-156.26069773772
2.8160000000000	-156.49231973133
2.8180000000000	-156.72372156335
2.8200000000000	-156.95490431725
2.8220000000000	-157.18586906792
2.8240000000000	-157.41661688162
2.8260000000000	-157.64714881606
2.8280000000000	-157.87746592028
2.8300000000000	-158.10756923475
2.8320000000000	-158.33745979130
2.8340000000000	-158.56713861312
2.8360000000000	-158.79660671481
2.8380000000000	-159.02586510231
2.8400000000000	-159.25491477296
2.8420000000000	-159.48375671546
2.8440000000000	-159.71239190989
2.8460000000000	-159.94082132770
2.8480000000000	-160.16904593174
2.8500000000000	-160.39706667622
2.8520000000000	-160.62488450677
2.8540000000000	-160.85250036040
2.8560000000000	-161.07991516553
2.8580000000000	-161.30712984199
2.8600000000000	-161.53414530103
2.8620000000000	-161.76096244534
2.8640000000000	-161.98758216904
2.8660000000000	-162.21400535770
2.8680000000000	-162.44023288837
2.8700000000000	-162.66626562954
2.8720000000000	-162.89210444122
2.8740000000000	-163.11775017492
2.8760000000000	-163.34320367364
2.8780000000000	-163.56846577194
2.8800000000000	-163.79353729591
2.8820000000000	-164.01841906322
2.8840000000000	-164.24311188309
2.8860000000000	-164.46761655637
2.8880000000000	-164.69193387552
2.8900000000000	-164.91606462462
2.8920000000000	-165.14000957941
2.8940000000000	-165.36376950732
2.8960000000000	-165.58734516746
2.8980000000000	-165.81073731066
2.9000000000000	-166.03394667949
2.9020000000000	-166.25697400829
2.9040000000000	-166.47982002316
2.9060000000000	-166.70248544204
2.9080000000000	-166.92497097468
2.9100000000000	-167.14727732268
2.9120000000000	-167.36940517954
2.9140000000000	-167.59135523065
2.9160000000000	-167.81312815334
2.9180000000000	-168.03472461689
2.9200000000000	-168.25614528258
2.9220000000000	-168.47739080369
2.9240000000000	-168.69846182553
2.9260000000000	-168.91935898550
2.9280000000000	-169.14008291309
2.9300000000000	-169.36063422990
2.9320000000000	-169.58101354969
2.9340000000000	-169.80122147842
2.9360000000000	-170.02125861424
2.9380000000000	-170.24112554757
2.9400000000000	-170.46082286108
2.9420000000000	-170.68035112977
2.9440000000000	-170.89971092095
2.9460000000000	-171.11890279433
2.9480000000000	-171.33792730200
2.9500000000000	-171.55678498849
2.9520000000000	-171.77547639081
2.9540000000000	-171.99400203845
2.9560000000000	-172.21236245344
2.9580000000000	-172.43055815038
2.9600000000000	-172.64858963649
2.9620000000000	-172.86645741159
2.9640000000000	-173.08416196820
2.9660000000000	-173.30170379153
2.9680000000000	-173.51908335953
2.9700000000000	-173.73630114295
2.9720000000000	-173.95335760531
2.9740000000000	-174.17025320302
2.9760000000000	-174.38698838535
2.9780000000000	-174.60356359449
2.9800000000000	-174.81997926561
2.9820000000000	-175.03623582683
2.9840000000000	-175.25233369935
2.9860000000000	-175.46827329741
2.9880000000000	-175.68405502835
2.9900000000000	-175.89967929268
2.9920000000000	-176.11514648408
2.9940000000000	-176.33045698942
2.9960000000000	-176.54561118889
2.9980000000000	-176.76060945591
3.0000000000000	-176.97545215727
3.0020000000000	-177.19013965315
3.0040000000000	-177.40467229709
3.0060000000000	-177.61905043614
3.0080000000000	-177.83327441079
3.0100000000000	-178.04734455510
3.0120000000000	-178.26126119668
3.0140000000000	-178.47502465676
3.0160000000000	-178.68863525020
3.0180000000000	-178.90209328557
3.0200000000000	-179.11539906516
3.0220000000000	-179.32855288503
3.0240000000000	-179.54155503507
3.0260000000000	-179.75440579898
3.0280000000000	-179.96710545439
3.0300000000000	179.82034572715
3.0320000000000	179.60794748014
3.0340000000000	179.39569954503
3.0360000000000	179.18360166824
3.0380000000000	178.97165360208
3.0400000000000	178.75985510473
3.0420000000000	178.54820594021
3.0440000000000	178.33670587828
3.0460000000000	178.12535469447
3.0480000000000	177.91415217001
3.0500000000000	177.70309809176
3.0520000000000	177.49219225222
3.0540000000000	177.28143444946
3.0560000000000	177.07082448706
3.0580000000000	176.86036217412
3.0600000000000	176.65004732516
3.0620000000000	176.43987976014
3.0640000000000	176.22985930435
3.0660000000000	176.01998578842
3.0680000000000	175.81025904826
3.0700000000000	175.60067892501
3.0720000000000	175.39124526502
3.0740000000000	175.18195791979
3.0760000000000	174.97281674592
3.0780000000000	174.76382160509
3.0800000000000	174.55497236402
3.0820000000000	174.34626889440
3.0840000000000	174.13771107287
3.0860000000000	173.92929878096
3.0880000000000	173.72103190510
3.0900000000000	173.51291033649
3.0920000000000	173.30493397113
3.0940000000000	173.09710270975
3.0960000000000	172.88941645777
3.0980000000000	172.68187512528
3.1000000000000	172.47447862694
3.1020000000000	172.26722688200
3.1040000000000	172.06011981424
3.1060000000000	171.85315735191
3.1080000000000	171.64633942769
3.1100000000000	171.43966597869
3.1120000000000	171.23313694634
3.1140000000000	171.02675227641
3.1160000000000	170.82051191893
3.1180000000000	170.61441582816
3.1200000000000	170.40846396257
3.1220000000000	170.20265628475
3.1240000000000	169.99699276141
3.1260000000000	169.79147336332
3.1280000000000	169.58609806527
3.1300000000000	169.38086684605
3.1320000000000	169.17577968837
3.1340000000000	168.97083657884
3.1360000000000	168.76603750795
3.1380000000000	168.56138246996
3.1400000000000	168.35687146296
3.1420000000000	168.15250448874
3.1440000000000	167.94828155278
3.1460000000000	167.74420266424
3.1480000000000	167.54026783587
3.1500000000000	167.33647708399
3.1520000000000	167.13283042847
3.1540000000000	166.92932789263
3.1560000000000	166.72596950329
3.1580000000000	166.52275529063
3.1600000000000	166.31968528823
3.1620000000000	166.11675953299
3.1640000000000	165.91397806510
3.1660000000000	165.71134092798
3.1680000000000	165.50884816828
3.1700000000000	165.30649983581
3.1720000000000	165.10429598351
3.1740000000000	164.90223666739
3.1760000000000	164.70032194654
3.1780000000000	164.49855188305
3.1800000000000	164.29692654195
3.1820000000000	164.09544599125
3.1840000000000	163.89411030182
3.1860000000000	163.69291954739
3.1880000000000	163.49187380451
3.1900000000000	163.29097315250
3.1920000000000	163.09021767341
3.1940000000000	162.88960745200
3.1960000000000	162.68914257568
3.1980000000000	162.48882313451
3.2000000000000	162.28864922109
#
#"Frequency / GHz"	"S3,3 [Phase / deg]"
#--------------------------------------
1.2000000000000	146.99547994678
1.2020000000000	146.86675536997
1.2040000000000	146.73775403597
1.2060000000000	146.60847575220
1.2080000000000	146.47892032999
1.2100000000000	146.34908758472
1.2120000000000	146.21897733582
1.2140000000000	146.08858940689
1.2160000000000	145.95792362574
1.2180000000000	145.82697982445
1.2200000000000	145.69575783949
1.2220000000000	145.56425751176
1.2240000000000	145.43247868668
1.2260000000000	145.30042121426
1.2280000000000	145.16808494919
1.2300000000000	145.03546975092
1.2320000000000	144.90257548373
1.2340000000000	144.76940201685
1.2360000000000	144.63594922451
1.2380000000000	144.50221698606
1.2400000000000	144.36820518604
1.2420000000000	144.23391371430
1.2440000000000	144.09934246607
1.2460000000000	143.96449134207
1.2480000000000	143.82936024862
1.2500000000000	143.69394909773
1.2520000000000	143.55825780721
1.2540000000000	143.42228630078
1.2560000000000	143.28603450819
1.2580000000000	143.14950236531
1.2600000000000	143.01268981426
1.2620000000000	142.87559680353
1.2640000000000	142.73822328812
1.2660000000000	142.60056922961
1.2680000000000	142.46263459633
1.2700000000000	142.32441936350
1.2720000000000	142.18592351331
1.2740000000000	142.04714703511
1.2760000000000	141.90808992553
1.2780000000000	141.76875218859
1.2800000000000	141.62913383590
1.2820000000000	141.48923488677
1.2840000000000	141.34905536838
1.2860000000000	141.20859531592
1.2880000000000	141.06785477275
1.2900000000000	140.92683379059
1.2920000000000	140.78553242965
1.2940000000000	140.64395075882
1.2960000000000	140.50208885581
1.2980000000000	140.35994680739
1.3000000000000	140.21752470952
1.3020000000000	140.07482266755
1.3040000000000	139.93184079639
1.3060000000000	139.78857922074
1.3080000000000	139.64503807527
1.3100000000000	139.50121750481
1.3120000000000	139.35711766456
1.3140000000000	139.21273872033
1.3160000000000	139.06808084870
1.3180000000000	138.92314423728
1.3200000000000	138.77792908494
1.3220000000000	138.63243560202
1.3240000000000	138.48666401054
1.3260000000000	138.34061454450
1.3280000000000	138.19428745007
1.3300000000000	138.04768298588
1.3320000000000	137.90080142324
1.3340000000000	137.75364304641
1.3360000000000	137.60620815289
1.3380000000000	137.45849705365
1.3400000000000	137.31051007343
1.3420000000000	137.16224755104
1.3440000000000	137.01370983961
1.3460000000000	136.86489730691
1.3480000000000	136.71581033563
1.3500000000000	136.56644932371
1.3520000000000	136.41681468465
1.3540000000000	136.26690684778
1.3560000000000	136.11672625868
1.3580000000000	135.96627337941
1.3600000000000	135.81554868892
1.3620000000000	135.66455268336
1.3640000000000	135.51328587644
1.3660000000000	135.36174879980
1.3680000000000	135.20994200336
1.3700000000000	135.05786605571
1.3720000000000	134.90552154445
1.3740000000000	134.75290907663
1.3760000000000	134.60002927913
1.3780000000000	134.44688279904
1.3800000000000	134.29347030408
1.3820000000000	134.13979248303
1.3840000000000	133.98585004615
1.3860000000000	133.83164372561
1.3880000000000	133.67717427593
1.3900000000000	133.52244247444
1.3920000000000	133.36744912173
1.3940000000000	133.21219504212
1.3960000000000	133.05668108411
1.3980000000000	132.90090812092
1.4000000000000	132.74487705094
1.4020000000000	132.58858879821
1.4040000000000	132.43204431300
1.4060000000000	132.27524457225
1.4080000000000	132.11819058017
1.4100000000000	131.96088336870
1.4120000000000	131.80332399814
1.4140000000000	131.64551355762
1.4160000000000	131.48745316574
1.4180000000000	131.32914397108
1.4200000000000	131.17058715282
1.4220000000000	131.01178392135
1.4240000000000	130.85273551880
1.4260000000000	130.69344321973
1.4280000000000	130.53390833171
1.4300000000000	130.37413219596
1.4320000000000	130.21411618800
1.4340000000000	130.05386171827
1.4360000000000	129.89337023284
1.4380000000000	129.73264321403
1.4400000000000	129.57168218113
1.4420000000000	129.41048869107
1.4440000000000	129.24906433913
1.4460000000000	129.08741075964
1.4480000000000	128.92552962671
1.4500000000000	128.76342265497
1.4520000000000	128.60109160028
1.4540000000000	128.43853826052
1.4560000000000	128.27576447632
1.4580000000000	128.11277213185
1.4600000000000	127.94956315560
1.4620000000000	127.78613952116
1.4640000000000	127.62250324803
1.4660000000000	127.45865640243
1.4680000000000	127.29460109812
1.4700000000000	127.13033949723
1.4720000000000	126.96587381111
1.4740000000000	126.80120630116
1.4760000000000	126.63633927972
1.4780000000000	126.47127511090
1.4800000000000	126.30601621149
1.4820000000000	126.14056505184
1.4840000000000	125.97492415675
1.4860000000000	125.80909610638
1.4880000000000	125.64308353716
1.4900000000000	125.47688914273
1.4920000000000	125.31051567485
1.4940000000000	125.14396594433
1.4960000000000	124.97724282202
1.4980000000000	124.81034923972
1.5000000000000	124.64328819117
1.5020000000000	124.47606273302
1.5040000000000	124.30867598578
1.5060000000000	124.14113113482
1.5080000000000	123.97343143137
1.5100000000000	123.80558019352
1.5120000000000	123.63758080717
1.5140000000000	123.46943672710
1.5160000000000	123.30115147795
1.5180000000000	123.13272865524
1.5200000000000	122.96417192639
1.5220000000000	122.79548503175
1.5240000000000	122.62667178561
1.5260000000000	122.45773607727
1.5280000000000	122.28868187201
1.5300000000000	122.11951321219
1.5320000000000	121.95023421825
1.5340000000000	121.78084908973
1.5360000000000	121.61136210637
1.5380000000000	121.44177762907
1.5400000000000	121.27210010097
1.5420000000000	121.10233404850
1.5440000000000	120.93248408237
1.5460000000000	120.76255489861
1.5480000000000	120.59255127961
1.5500000000000	120.42247809515
1.5520000000000	120.25234030337
1.5540000000000	120.08214295184
1.5560000000000	119.91189117853
1.5580000000000	119.74159021279
1.5600000000000	119.57124537639
1.5620000000000	119.40086208447
1.5640000000000	119.23044584649
1.5660000000000	119.06000226722
1.5680000000000	118.88953704771
1.5700000000000	118.71905598614
1.5720000000000	118.54856497884
1.5740000000000	118.37807002114
1.5760000000000	118.20757720827
1.5780000000000	118.03709273627
1.5800000000000	117.86662290278
1.5820000000000	117.69617410795
1.5840000000000	117.52575285523
1.5860000000000	117.35536575217
1.5880000000000	117.18501951120
1.5900000000000	117.01472095038
1.5920000000000	116.84447699415
1.5940000000000	116.67429467402
1.5960000000000	116.50418112927
1.5980000000000	116.33414360756
1.6000000000000	116.16418946561
1.6020000000000	115.99432616977
1.6040000000000	115.82456129658
1.6060000000000	115.65490253329
1.6080000000000	115.48535767841
1.6100000000000	115.31593464213
1.6120000000000	115.14664144675
1.6140000000000	114.97748622709
1.6160000000000	114.80847723085
1.6180000000000	114.63962281891
1.6200000000000	114.47093146559
1.6220000000000	114.30241175893
1.6240000000000	114.13407240083
1.6260000000000	113.96592220724
1.6280000000000	113.79797010824
1.6300000000000	113.63022514809
1.6320000000000	113.46269648524
1.6340000000000	113.29539339231
1.6360000000000	113.12832525597
1.6380000000000	112.96150157685
1.6400000000000	112.79493196929
1.6420000000000	112.62862616111
1.6440000000000	112.46259399336
1.6460000000000	112.29684541992
1.6480000000000	112.13139050709
1.6500000000000	111.96623943318
1.6520000000000	111.80140248793
1.6540000000000	111.63689007197
1.6560000000000	111.47271269621
1.6580000000000	111.30888098107
1.6600000000000	111.14540565580
1.6620000000000	110.98229755767
1.6640000000000	110.81956763103
1.6660000000000	110.65722692647
1.6680000000000	110.49528659978
1.6700000000000	110.33375791090
1.6720000000000	110.17265222284
1.6740000000000	110.01198100046
1.6760000000000	109.85175580932
1.6780000000000	109.69198831432
1.6800000000000	109.53269027836
1.6820000000000	109.37387356099
1.6840000000000	109.21555011688
1.6860000000000	109.05773199435
1.6880000000000	108.90043133376
1.6900000000000	108.74366036590
1.6920000000000	108.58743141027
1.6940000000000	108.43175687342
1.6960000000000	108.27664924707
1.6980000000000	108.12212110632
1.7000000000000	107.96818510779
1.7020000000000	107.81485398763
1.7040000000000	107.66214055959
1.7060000000000	107.51005771300
1.7080000000000	107.35861841070
1.7100000000000	107.20783568700
1.7120000000000	107.05772264548
1.7140000000000	106.90829245693
1.7160000000000	106.75955835712
1.7180000000000	106.61153364460
1.7200000000000	106.46423167852
1.7220000000000	106.31766587636
1.7240000000000	106.17184971172
1.7260000000000	106.02679671205
1.7280000000000	105.88252045638
1.7300000000000	105.73903457311
1.7320000000000	105.59635273777
1.7340000000000	105.45448867074
1.7360000000000	105.31345613508
1.7380000000000	105.17326893437
1.7400000000000	105.03394091048
1.7420000000000	104.89548594153
1.7440000000000	104.75791793974
1.7460000000000	104.62125084949
1.7480000000000	104.48549864527
1.7500000000000	104.35067532980
1.7520000000000	104.21679493223
1.7540000000000	104.08387150634
1.7560000000000	103.95191912887
1.7580000000000	103.82095189799
1.7600000000000	103.69098393179
1.7620000000000	103.56202936693
1.7640000000000	103.43410235741
1.7660000000000	103.30721707346
1.7680000000000	103.18138770058
1.7700000000000	103.05662843871
1.7720000000000	102.93295350158
1.7740000000000	102.81037711625
1.7760000000000	102.68891352275
1.7780000000000	102.56857697403
1.7800000000000	102.44938173601
1.7820000000000	102.33134208788
1.7840000000000	102.21447232267
1.7860000000000	102.09878674797
1.7880000000000	101.98429968701
1.7900000000000	101.87102547986
1.7920000000000	101.75897848506
1.7940000000000	101.64817308144
1.7960000000000	101.53862367026
1.7980000000000	101.43034467767
1.8000000000000	101.32335055754
1.8020000000000	101.21765579455
1.8040000000000	101.11327490770
1.8060000000000	101.01022245420
1.8080000000000	100.90851303371
1.8100000000000	100.80816129298
1.8120000000000	100.70918193098
1.8140000000000	100.61158970438
1.8160000000000	100.51539943351
1.8180000000000	100.42062600882
1.8200000000000	100.32728439782
1.8220000000000	100.23538965245
1.8240000000000	100.14495691710
1.8260000000000	100.05600143706
1.8280000000000	99.968538567561
1.8300000000000	99.882583783452
1.8320000000000	99.798152689392
1.8340000000000	99.715261030715
1.8360000000000	99.633924704916
1.8380000000000	99.554159773808
1.8400000000000	99.475982476359
1.8420000000000	99.399409242238
1.8440000000000	99.324456706093
1.8460000000000	99.251141722582
1.8480000000000	99.179481382192
1.8500000000000	99.109493027856
1.8520000000000	99.041194272413
1.8540000000000	98.974603016921
1.8560000000000	98.909737469870
1.8580000000000	98.846616167307
1.8600000000000	98.785257993923
1.8620000000000	98.725682205115
1.8640000000000	98.667908450073
1.8660000000000	98.611956795918
1.8680000000000	98.557847752931
1.8700000000000	98.505602300912
1.8720000000000	98.455241916700
1.8740000000000	98.406788602921
1.8760000000000	98.360264917967
1.8780000000000	98.315694007296
1.8800000000000	98.273099636069
1.8820000000000	98.232506223190
1.8840000000000	98.193938876794
1.8860000000000	98.157423431252
1.8880000000000	98.122986485729
1.8900000000000	98.090655444385
1.8920000000000	98.060458558256
1.8940000000000	98.032424968902
1.8960000000000	98.006584753893
1.8980000000000	97.982968974193
1.9000000000000	97.961609723549
1.9020000000000	97.942540179936
1.9040000000000	97.925794659184
1.9060000000000	97.911408670848
1.9080000000000	97.899418976446
1.9100000000000	97.889863650154
1.9120000000000	97.882782142079
1.9140000000000	97.878215344218
1.9160000000000	97.876205659245
1.9180000000000	97.876797072234
1.9200000000000	97.880035225474
1.9220000000000	97.885967496524
1.9240000000000	97.894643079655
1.9260000000000	97.906113070842
1.9280000000000	97.920430556501
1.9300000000000	97.937650706128
1.9320000000000	97.957830869056
1.9340000000000	97.981030675531
1.9360000000000	98.007312142322
1.9380000000000	98.036739783105
1.9400000000000	98.069380723856
1.9420000000000	98.105304823522
1.9440000000000	98.144584800245
1.9460000000000	98.187296363412
1.9480000000000	98.233518351868
1.9500000000000	98.283332878585
1.9520000000000	98.336825482151
1.9540000000000	98.394085285439
1.9560000000000	98.455205161818
1.9580000000000	98.520281909344
1.9600000000000	98.589416433321
1.9620000000000	98.662713937703
1.9640000000000	98.740284125808
1.9660000000000	98.822241410821
1.9680000000000	98.908705136639
1.9700000000000	98.999799809576
1.9720000000000	99.095655341529
1.9740000000000	99.196407305191
1.9760000000000	99.302197201954
1.9780000000000	99.413172743146
1.9800000000000	99.529488145312
1.9820000000000	99.651304440231
1.9840000000000	99.778789800425
1.9860000000000	99.912119880920
1.9880000000000	100.05147817806
1.9900000000000	100.19705640616
1.9920000000000	100.34905489289
1.9940000000000	100.50768299415
1.9960000000000	100.67315952937
1.9980000000000	100.84571323804
2.0000000000000	101.02558325832
2.0020000000000	101.21301962862
2.0040000000000	101.40828381293
2.0060000000000	101.61164925055
2.0080000000000	101.82340193115
2.0100000000000	102.04384099560
2.0120000000000	102.27327936310
2.0140000000000	102.51204438505
2.0160000000000	102.76047852582
2.0180000000000	103.01894007042
2.0200000000000	103.28780385872
2.0220000000000	103.56746204566
2.0240000000000	103.85832488650
2.0260000000000	104.16082154542
2.0280000000000	104.47540092569
2.0300000000000	104.80253251844
2.0320000000000	105.14270726666
2.0340000000000	105.49643843978
2.0360000000000	105.86426251340
2.0380000000000	106.24674004712
2.0400000000000	106.64445655213
2.0420000000000	107.05802333823
2.0440000000000	107.48807832814
2.0460000000000	107.93528682431
2.0480000000000	108.40034221101
2.0500000000000	108.88396657102
2.0520000000000	109.38691119304
2.0540000000000	109.90995694166
2.0560000000000	110.45391445717
2.0580000000000	111.01962414781
2.0600000000000	111.60795593082
2.0620000000000	112.21980867301
2.0640000000000	112.85610927449
2.0660000000000	113.51781133208
2.0680000000000	114.20589331124
2.0700000000000	114.92135614727
2.0720000000000	115.66522018862
2.0740000000000	116.43852138704
2.0760000000000	117.24230663213
2.0780000000000	118.07762812119
2.0800000000000	118.94553665103
2.0820000000000	119.84707371557
2.0840000000000	120.78326229462
2.0860000000000	121.75509622458
2.0880000000000	122.76352805326
2.0900000000000	123.80945529968
2.0920000000000	124.89370506691
2.0940000000000	126.01701699393
2.0960000000000	127.18002458185
2.0980000000000	128.38323499193
2.1000000000000	129.62700748922
2.1020000000000	130.91153079452
2.1040000000000	132.23679970927
2.1060000000000	133.60259148914
2.1080000000000	135.00844255898
2.1100000000000	136.45362627730
2.1120000000000	137.93713256603
2.1140000000000	139.45765030911
2.1160000000000	141.01355348167
2.1180000000000	142.60289198787
2.1200000000000	144.22338814863
2.1220000000000	145.87243968155
2.1240000000000	147.54712984917
2.1260000000000	149.24424521834
2.1280000000000	150.96030117913
2.1300000000000	152.69157503098
2.1320000000000	154.43414607663
2.1340000000000	156.18394179701
2.1360000000000	157.93678884289
2.1380000000000	159.68846729913
2.1400000000000	161.43476648222
2.1420000000000	163.17154043849
2.1440000000000	164.89476132853
2.1460000000000	166.60056901157
2.1480000000000	168.28531536839
2.1500000000000	169.94560220313
2.1520000000000	171.57831191476
2.1540000000000	173.18063049939
2.1560000000000	174.75006280564
2.1580000000000	176.28444029334
2.1600000000000	177.78192182084
2.1620000000000	179.24098819894
2.1640000000000	-179.33956860712
2.1660000000000	-177.96066066795
2.1680000000000	-176.62292269455
2.1700000000000	-175.32673311003
2.1720000000000	-174.07223671106
2.1740000000000	-172.85936813640
2.1760000000000	-171.68787547149
2.1780000000000	-170.55734343458
2.1800000000000	-169.46721570563
2.1820000000000	-168.41681606769
2.1840000000000	-167.40536812823
2.1860000000000	-166.43201347315
2.1880000000000	-165.49582817741
2.1900000000000	-164.59583765453
2.1920000000000	-163.73102987246
2.1940000000000	-162.90036699761
2.1960000000000	-162.10279555320
2.1980000000000	-161.33725519412
2.2000000000000	-160.60268620991
2.2020000000000	-159.89803587140
2.2040000000000	-159.22226373655
2.2060000000000	-158.57434602775
2.2080000000000	-157.95327918760
2.2100000000000	-157.35808271343
2.2120000000000	-156.78780136315
2.2140000000000	-156.24150681718
2.2160000000000	-155.71829887285
2.2180000000000	-155.21730624013
2.2200000000000	-154.73768699958
2.2220000000000	-154.27862877673
2.2240000000000	-153.83934868018
2.2260000000000	-153.41909304489
2.2280000000000	-153.01713701665
2.2300000000000	-152.63278400889
2.2320000000000	-152.26536505834
2.2340000000000	-151.91423810262
2.2360000000000	-151.57878719912
2.2380000000000	-151.25842170152
2.2400000000000	-150.95257540794
2.2420000000000	-150.66070569227
2.2440000000000	-150.38229262821
2.2460000000000	-150.11683811395
2.2480000000000	-149.86386500413
2.2500000000000	-149.62291625400
2.2520000000000	-149.39355408029
2.2540000000000	-149.17535914172
2.2560000000000	-148.96792974191
2.2580000000000	-148.77088105643
2.2600000000000	-148.58384438527
2.2620000000000	-148.40646643178
2.2640000000000	-148.23840860833
2.2660000000000	-148.07934636914
2.2680000000000	-147.92896857004
2.2700000000000	-147.78697685496
2.2720000000000	-147.65308506881
2.2740000000000	-147.52701869601
2.2760000000000	-147.40851432426
2.2780000000000	-147.29731913259
2.2800000000000	-147.19319040312
2.2820000000000	-147.09589505555
2.2840000000000	-147.00520920359
2.2860000000000	-146.92091773255
2.2880000000000	-146.84281389714
2.2900000000000	-146.77069893859
2.2920000000000	-146.70438172040
2.2940000000000	-146.64367838174
2.2960000000000	-146.58841200777
2.2980000000000	-146.53841231607
2.3000000000000	-146.49351535844
2.3020000000000	-146.45356323723
2.3040000000000	-146.41840383571
2.3060000000000	-146.38789056152
2.3080000000000	-146.36188210277
2.3100000000000	-146.34024219607
2.3120000000000	-146.32283940587
2.3140000000000	-146.30954691456
2.3160000000000	-146.30024232285
2.3180000000000	-146.29480745979
2.3200000000000	-146.29312820202
2.3220000000000	-146.29509430177
2.3240000000000	-146.30059922309
2.3260000000000	-146.30953998608
2.3280000000000	-146.32181701838
2.3300000000000	-146.33733401396
2.3320000000000	-146.35599779841
2.3340000000000	-146.37771820083
2.3360000000000	-146.40240793154
2.3380000000000	-146.42998246572
2.3400000000000	-146.46035993237
2.3420000000000	-146.49346100851
2.3440000000000	-146.52920881825
2.3460000000000	-146.56752883655
2.3480000000000	-146.60834879736
2.3500000000000	-146.65159860602
2.3520000000000	-146.69721025560
2.3540000000000	-146.74511774703
2.3560000000000	-146.79525701291
2.3580000000000	-146.84756584462
2.3600000000000	-146.90198382278
2.3620000000000	-146.95845225077
2.3640000000000	-147.01691409116
2.3660000000000	-147.07731390501
2.3680000000000	-147.13959779374
2.3700000000000	-147.20371334361
2.3720000000000	-147.26960957254
2.3740000000000	-147.33723687931
2.3760000000000	-147.40654699480
2.3780000000000	-147.47749293548
2.3800000000000	-147.55002895874
2.3820000000000	-147.62411052015
2.3840000000000	-147.69969423257
2.3860000000000	-147.77673782687
2.3880000000000	-147.85520011435
2.3900000000000	-147.93504095070
2.3920000000000	-148.01622120145
2.3940000000000	-148.09870270878
2.3960000000000	-148.18244825977
2.3980000000000	-148.26742155586
2.4000000000000	-148.35358718357
2.4020000000000	-148.44091058637
2.4040000000000	-148.52935803774
2.4060000000000	-148.61889661519
2.4080000000000	-148.70949417537
2.4100000000000	-148.80111933015
2.4120000000000	-148.89374142364
2.4140000000000	-148.98733051004
2.4160000000000	-149.08185733242
2.4180000000000	-149.17729330226
2.4200000000000	-149.27361047979
2.4220000000000	-149.37078155510
2.4240000000000	-149.46877982987
2.4260000000000	-149.56757919991
2.4280000000000	-149.66715413824
2.4300000000000	-149.76747967889
2.4320000000000	-149.86853140120
2.4340000000000	-149.97028541474
2.4360000000000	-150.07271834484
2.4380000000000	-150.17580731852
2.4400000000000	-150.27952995100
2.4420000000000	-150.38386433273
2.4440000000000	-150.48878901674
2.4460000000000	-150.59428300661
2.4480000000000	-150.70032574473
2.4500000000000	-150.80689710103
2.4520000000000	-150.91397736209
2.4540000000000	-151.02154722062
2.4560000000000	-151.12958776529
2.4580000000000	-151.23808047092
2.4600000000000	-151.34700718902
2.4620000000000	-151.45635013857
2.4640000000000	-151.56609189723
2.4660000000000	-151.67621539272
2.4680000000000	-151.78670389455
2.4700000000000	-151.89754100602
2.4720000000000	-152.00871065642
2.4740000000000	-152.12019709358
2.4760000000000	-152.23198487657
2.4780000000000	-152.34405886867
2.4800000000000	-152.45640423057
2.4820000000000	-152.56900641374
2.4840000000000	-152.68185115405
2.4860000000000	-152.79492446559
2.4880000000000	-152.90821263462
2.4900000000000	-153.02170221379
2.4920000000000	-153.13538001645
2.4940000000000	-153.24923311117
2.4960000000000	-153.36324881646
2.4980000000000	-153.47741469558
2.5000000000000	-153.59171855150
2.5020000000000	-153.70614842208
2.5040000000000	-153.82069257534
2.5060000000000	-153.93533950482
2.5080000000000	-154.05007792517
2.5100000000000	-154.16489676780
2.5120000000000	-154.27978517665
2.5140000000000	-154.39473250409
2.5160000000000	-154.50972830694
2.5180000000000	-154.62476234261
2.5200000000000	-154.73982456528
2.5220000000000	-154.85490512227
2.5240000000000	-154.96999435042
2.5260000000000	-155.08508277264
2.5280000000000	-155.20016109451
2.5300000000000	-155.31522020096
2.5320000000000	-155.43025115306
2.5340000000000	-155.54524518487
2.5360000000000	-155.66019370039
2.5380000000000	-155.77508827056
2.5400000000000	-155.88992063037
2.5420000000000	-156.00468267598
2.5440000000000	-156.11936646199
2.5460000000000	-156.23396419871
2.5480000000000	-156.34846824952
2.5500000000000	-156.46287112828
2.5520000000000	-156.57716549683
2.5540000000000	-156.69134416253
2.5560000000000	-156.80540007580
2.5580000000000	-156.91932632786
2.5600000000000	-157.03311614835
2.5620000000000	-157.14676290310
2.5640000000000	-157.26026009197
2.5660000000000	-157.37360134665
2.5680000000000	-157.48678042859
2.5700000000000	-157.59979122692
2.5720000000000	-157.71262775643
2.5740000000000	-157.82528415562
2.5760000000000	-157.93775468476
2.5780000000000	-158.05003372395
2.5800000000000	-158.16211577135
2.5820000000000	-158.27399544129
2.5840000000000	-158.38566746253
2.5860000000000	-158.49712667650
2.5880000000000	-158.60836803557
2.5900000000000	-158.71938660142
2.5920000000000	-158.83017754335
2.5940000000000	-158.94073613669
2.5960000000000	-159.05105776120
2.5980000000000	-159.16113789953
2.6000000000000	-159.27097213569
2.6020000000000	-159.38055615355
2.6040000000000	-159.48988573540
2.6060000000000	-159.59895676044
2.6080000000000	-159.70776520345
2.6100000000000	-159.81630713332
2.6120000000000	-159.92457871174
2.6140000000000	-160.03257619184
2.6160000000000	-160.14029591686
2.6180000000000	-160.24773431886
2.6200000000000	-160.35488791746
2.6220000000000	-160.46175331858
2.6240000000000	-160.56832721320
2.6260000000000	-160.67460637617
2.6280000000000	-160.78058766499
2.6300000000000	-160.88626801868
2.6320000000000	-160.99164445661
2.6340000000000	-161.09671407735
2.6360000000000	-161.20147405761
2.6380000000000	-161.30592165108
2.6400000000000	-161.41005418740
2.6420000000000	-161.51386907110
2.6440000000000	-161.61736378052
2.6460000000000	-161.72053586683
2.6480000000000	-161.82338295298
2.6500000000000	-161.92590273273
2.6520000000000	-162.02809296968
2.6540000000000	-162.12995149629
2.6560000000000	-162.23147621293
2.6580000000000	-162.33266508695
2.6600000000000	-162.43351615178
2.6620000000000	-162.53402750600
2.6640000000000	-162.63419731247
2.6660000000000	-162.73402379743
2.6680000000000	-162.83350524966
2.6700000000000	-162.93264001962
2.6720000000000	-163.03142651860
2.6740000000000	-163.12986321791
2.6760000000000	-163.22794864807
2.6780000000000	-163.32568139801
2.6800000000000	-163.42306011427
2.6820000000000	-163.52008350021
2.6840000000000	-163.61675031528
2.6860000000000	-163.71305937427
2.6880000000000	-163.80900954652
2.6900000000000	-163.90459975522
2.6920000000000	-163.99982897671
2.6940000000000	-164.09469623972
2.6960000000000	-164.18920062471
2.6980000000000	-164.28334126319
2.7000000000000	-164.37711733699
2.7020000000000	-164.47052807764
2.7040000000000	-164.56357276571
2.7060000000000	-164.65625073011
2.7080000000000	-164.74856134752
2.7100000000000	-164.84050404172
2.7120000000000	-164.93207828298
2.7140000000000	-165.02328358744
2.7160000000000	-165.11411951653
2.7180000000000	-165.20458567635
2.7200000000000	-165.29468171711
2.7220000000000	-165.38440733253
2.7240000000000	-165.47376225932
2.7260000000000	-165.56274627655
2.7280000000000	-165.65135920517
2.7300000000000	-165.73960090743
2.7320000000000	-165.82747128635
2.7340000000000	-165.91497028521
2.7360000000000	-166.00209788702
2.7380000000000	-166.08885411401
2.7400000000000	-166.17523902714
2.7420000000000	-166.26125272559
2.7440000000000	-166.34689534629
2.7460000000000	-166.43216706343
2.7480000000000	-166.51706808800
2.7500000000000	-166.60159866730
2.7520000000000	-166.68575908451
2.7540000000000	-166.76954965823
2.7560000000000	-166.85297074204
2.7580000000000	-166.93602272406
2.7600000000000	-167.01870602650
2.7620000000000	-167.10102110530
2.7640000000000	-167.18296844965
2.7660000000000	-167.26454858158
2.7680000000000	-167.34576205563
2.7700000000000	-167.42660945836
2.7720000000000	-167.50709140803
2.7740000000000	-167.58720855419
2.7760000000000	-167.66696157728
2.7780000000000	-167.74635118831
2.7800000000000	-167.82537812844
2.7820000000000	-167.90404316867
2.7840000000000	-167.98234710945
2.7860000000000	-168.06029078033
2.7880000000000	-168.13787503966
2.7900000000000	-168.21510077421
2.7920000000000	-168.29196889886
2.7940000000000	-168.36848035627
2.7960000000000	-168.44463611656
2.7980000000000	-168.52043717699
2.8000000000000	-168.59588456167
2.8020000000000	-168.67097932124
2.8040000000000	-168.74572253257
2.8060000000000	-168.82011529846
2.8080000000000	-168.89415874740
2.8100000000000	-168.96785403321
2.8120000000000	-169.04120233483
2.8140000000000	-169.11420485600
2.8160000000000	-169.18686282502
2.8180000000000	-169.25917749448
2.8200000000000	-169.33115014099
2.8220000000000	-169.40278206493
2.8240000000000	-169.47407459022
2.8260000000000	-169.54502906404
2.8280000000000	-169.61564685662
2.8300000000000	-169.68592936099
2.8320000000000	-169.75587799273
2.8340000000000	-169.82549418979
2.8360000000000	-169.89477941222
2.8380000000000	-169.96373514198
2.8400000000000	-170.03236288270
2.8420000000000	-170.10066415951
2.8440000000000	-170.16864051877
2.8460000000000	-170.23629352793
2.8480000000000	-170.30362477530
2.8500000000000	-170.37063586986
2.8520000000000	-170.43732844105
2.8540000000000	-170.50370413863
2.8560000000000	-170.56976463244
2.8580000000000	-170.63551161226
2.8600000000000	-170.70094678763
2.8620000000000	-170.76607188765
2.8640000000000	-170.83088866083
2.8660000000000	-170.89539887493
2.8680000000000	-170.95960431678
2.8700000000000	-171.02350679213
2.8720000000000	-171.08710812550
2.8740000000000	-171.15041016002
2.8760000000000	-171.21341475728
2.8780000000000	-171.27612379718
2.8800000000000	-171.33853917779
2.8820000000000	-171.40066281522
2.8840000000000	-171.46249664347
2.8860000000000	-171.52404261431
2.8880000000000	-171.58530269711
2.8900000000000	-171.64627887877
2.8920000000000	-171.70697316355
2.8940000000000	-171.76738757296
2.8960000000000	-171.82752414564
2.8980000000000	-171.88738493725
2.9000000000000	-171.94697202034
2.9020000000000	-172.00628748424
2.9040000000000	-172.06533343499
2.9060000000000	-172.12411199514
2.9080000000000	-172.18262530375
2.9100000000000	-172.24087551623
2.9120000000000	-172.29886480423
2.9140000000000	-172.35659535559
2.9160000000000	-172.41406937418
2.9180000000000	-172.47128907989
2.9200000000000	-172.52825670843
2.9220000000000	-172.58497451136
2.9240000000000	-172.64144475591
2.9260000000000	-172.69766972493
2.9280000000000	-172.75365171680
2.9300000000000	-172.80939304539
2.9320000000000	-172.86489603988
2.9340000000000	-172.92016304481
2.9360000000000	-172.97519641989
2.9380000000000	-173.02999853999
2.9400000000000	-173.08457179507
2.9420000000000	-173.13891859006
2.9440000000000	-173.19304134485
2.9460000000000	-173.24694249416
2.9480000000000	-173.30062448754
2.9500000000000	-173.35408978924
2.9520000000000	-173.40734087820
2.9540000000000	-173.46038024796
2.9560000000000	-173.51321040660
2.9580000000000	-173.56583387667
2.9600000000000	-173.61825319517
2.9620000000000	-173.67047091345
2.9640000000000	-173.72248959718
2.9660000000000	-173.77431182628
2.9680000000000	-173.82594019487
2.9700000000000	-173.87737731122
2.9720000000000	-173.92862579770
2.9740000000000	-173.97968829072
2.9760000000000	-174.03056744067
2.9780000000000	-174.08126591190
2.9800000000000	-174.13178638264
2.9820000000000	-174.18213154498
2.9840000000000	-174.23230410480
2.9860000000000	-174.28230678171
2.9880000000000	-174.33214230905
2.9900000000000	-174.38181343381
2.9920000000000	-174.43132291656
2.9940000000000	-174.48067353148
2.9960000000000	-174.52986806624
2.9980000000000	-174.57890932197
3.0000000000000	-174.62780011327
3.0020000000000	-174.67654326809
3.0040000000000	-174.72514162773
3.0060000000000	-174.77359804679
3.0080000000000	-174.82191539310
3.0100000000000	-174.87009654773
3.0120000000000	-174.91814440489
3.0140000000000	-174.96606187189
3.0160000000000	-175.01385186915
3.0180000000000	-175.06151733010
3.0200000000000	-175.10906120113
3.0220000000000	-175.15648644160
3.0240000000000	-175.20379602373
3.0260000000000	-175.25099293261
3.0280000000000	-175.29808016611
3.0300000000000	-175.34506073485
3.0320000000000	-175.39193766214
3.0340000000000	-175.43871398396
3.0360000000000	-175.48539274888
3.0380000000000	-175.53197701802
3.0400000000000	-175.57846986500
3.0420000000000	-175.62487437590
3.0440000000000	-175.67119364917
3.0460000000000	-175.71743079562
3.0480000000000	-175.76358893833
3.0500000000000	-175.80967121263
3.0520000000000	-175.85568076598
3.0540000000000	-175.90162075800
3.0560000000000	-175.94749436033
3.0580000000000	-175.99330475661
3.0600000000000	-176.03905514240
3.0620000000000	-176.08474872513
3.0640000000000	-176.13038872403
3.0660000000000	-176.17597837005
3.0680000000000	-176.22152090581
3.0700000000000	-176.26701958549
3.0720000000000	-176.31247767483
3.0740000000000	-176.35789845098
3.0760000000000	-176.40328520247
3.0780000000000	-176.44864122909
3.0800000000000	-176.49396984187
3.0820000000000	-176.53927436294
3.0840000000000	-176.58455812547
3.0860000000000	-176.62982447359
3.0880000000000	-176.67507676227
3.0900000000000	-176.72031835727
3.0920000000000	-176.76555263501
3.0940000000000	-176.81078298248
3.0960000000000	-176.85601279717
3.0980000000000	-176.90124548692
3.1000000000000	-176.94648446985
3.1020000000000	-176.99173317424
3.1040000000000	-177.03699503842
3.1060000000000	-177.08227351066
3.1080000000000	-177.12757204904
3.1100000000000	-177.17289412135
3.1120000000000	-177.21824320494
3.1140000000000	-177.26362278664
3.1160000000000	-177.30903636256
3.1180000000000	-177.35448743803
3.1200000000000	-177.39997952742
3.1220000000000	-177.44551615399
3.1240000000000	-177.49110084981
3.1260000000000	-177.53673715552
3.1280000000000	-177.58242862027
3.1300000000000	-177.62817880148
3.1320000000000	-177.67399126476
3.1340000000000	-177.71986958369
3.1360000000000	-177.76581733968
3.1380000000000	-177.81183812178
3.1400000000000	-177.85793552652
3.1420000000000	-177.90411315774
3.1440000000000	-177.95037462636
3.1460000000000	-177.99672355026
3.1480000000000	-178.04316355400
3.1500000000000	-178.08969826872
3.1520000000000	-178.13633133185
3.1540000000000	-178.18306638696
3.1560000000000	-178.22990708350
3.1580000000000	-178.27685707664
3.1600000000000	-178.32392002700
3.1620000000000	-178.37109960044
3.1640000000000	-178.41839946782
3.1660000000000	-178.46582330476
3.1680000000000	-178.51337479142
3.1700000000000	-178.56105761222
3.1720000000000	-178.60887545561
3.1740000000000	-178.65683201377
3.1760000000000	-178.70493098240
3.1780000000000	-178.75317606041
3.1800000000000	-178.80157094964
3.1820000000000	-178.85011935460
3.1840000000000	-178.89882498217
3.1860000000000	-178.94769154128
3.1880000000000	-178.99672274264
3.1900000000000	-179.04592229844
3.1920000000000	-179.09529392197
3.1940000000000	-179.14484132739
3.1960000000000	-179.19456822932
3.1980000000000	-179.24447834256
3.2000000000000	-179.29457538174
#
#"Frequency / GHz"	"S4,3 [Phase / deg]"
#--------------------------------------
1.2000000000000	-67.007363755126
1.2020000000000	-67.004960686510
1.2040000000000	-67.002220031036
1.2060000000000	-66.999144421732
1.2080000000000	-66.995736594481
1.2100000000000	-66.991999389313
1.2120000000000	-66.987935751689
1.2140000000000	-66.983548733782
1.2160000000000	-66.978841495735
1.2180000000000	-66.973817306912
1.2200000000000	-66.968479547134
1.2220000000000	-66.962831707904
1.2240000000000	-66.956877393603
1.2260000000000	-66.950620322689
1.2280000000000	-66.944064328855
1.2300000000000	-66.937213362188
1.2320000000000	-66.930071490293
1.2340000000000	-66.922642899404
1.2360000000000	-66.914931895469
1.2380000000000	-66.906942905206
1.2400000000000	-66.898680477148
1.2420000000000	-66.890149282646
1.2440000000000	-66.881354116851
1.2460000000000	-66.872299899672
1.2480000000000	-66.862991676697
1.2500000000000	-66.853434620085
1.2520000000000	-66.843634029427
1.2540000000000	-66.833595332570
1.2560000000000	-66.823324086412
1.2580000000000	-66.812825977656
1.2600000000000	-66.802106823526
1.2620000000000	-66.791172572448
1.2640000000000	-66.780029304690
1.2660000000000	-66.768683232959
1.2680000000000	-66.757140702956
1.2700000000000	-66.745408193891
1.2720000000000	-66.733492318949
1.2740000000000	-66.721399825709
1.2760000000000	-66.709137596521
1.2780000000000	-66.696712648831
1.2800000000000	-66.684132135454
1.2820000000000	-66.671403344803
1.2840000000000	-66.658533701057
1.2860000000000	-66.645530764284
1.2880000000000	-66.632402230504
1.2900000000000	-66.619155931699
1.2920000000000	-66.605799835767
1.2940000000000	-66.592342046414
1.2960000000000	-66.578790802997
1.2980000000000	-66.565154480292
1.3000000000000	-66.551441588218
1.3020000000000	-66.537660771489
1.3040000000000	-66.523820809203
1.3060000000000	-66.509930614375
1.3080000000000	-66.495999233399
1.3100000000000	-66.482035845448
1.3120000000000	-66.468049761805
1.3140000000000	-66.454050425133
1.3160000000000	-66.440047408671
1.3180000000000	-66.426050415370
1.3200000000000	-66.412069276950
1.3220000000000	-66.398113952898
1.3240000000000	-66.384194529391
1.3260000000000	-66.370321218148
1.3280000000000	-66.356504355220
1.3300000000000	-66.342754399694
1.3320000000000	-66.329081932343
1.3340000000000	-66.315497654193
1.3360000000000	-66.302012385021
1.3380000000000	-66.288637061787
1.3400000000000	-66.275382736985
1.3420000000000	-66.262260576933
1.3440000000000	-66.249281859982
1.3460000000000	-66.236457974658
1.3480000000000	-66.223800417735
1.3500000000000	-66.211320792234
1.3520000000000	-66.199030805351
1.3540000000000	-66.186942266318
1.3560000000000	-66.175067084190
1.3580000000000	-66.163417265568
1.3600000000000	-66.152004912251
1.3620000000000	-66.140842218816
1.3640000000000	-66.129941470140
1.3660000000000	-66.119315038850
1.3680000000000	-66.108975382704
1.3700000000000	-66.098935041919
1.3720000000000	-66.089206636421
1.3740000000000	-66.079802863046
1.3760000000000	-66.070736492674
1.3780000000000	-66.062020367299
1.3800000000000	-66.053667397045
1.3820000000000	-66.045690557131
1.3840000000000	-66.038102884763
1.3860000000000	-66.030917475991
1.3880000000000	-66.024147482495
1.3900000000000	-66.017806108337
1.3920000000000	-66.011906606650
1.3940000000000	-66.006462276282
1.3960000000000	-66.001486458403
1.3980000000000	-65.996992533051
1.4000000000000	-65.992993915651
1.4020000000000	-65.989504053485
1.4040000000000	-65.986536422125
1.4060000000000	-65.984104521831
1.4080000000000	-65.982221873911
1.4100000000000	-65.980902017052
1.4120000000000	-65.980158503619
1.4140000000000	-65.980004895926
1.4160000000000	-65.980454762479
1.4180000000000	-65.981521674201
1.4200000000000	-65.983219200628
1.4220000000000	-65.985560906090
1.4240000000000	-65.988560345876
1.4260000000000	-65.992231062380
1.4280000000000	-65.996586581240
1.4300000000000	-66.001640407464
1.4320000000000	-66.007406021547
1.4340000000000	-66.013896875588
1.4360000000000	-66.021126389398
1.4380000000000	-66.029107946611
1.4400000000000	-66.037854890800
1.4420000000000	-66.047380521590
1.4440000000000	-66.057698090784
1.4460000000000	-66.068820798496
1.4480000000000	-66.080761789293
1.4500000000000	-66.093534148359
1.4520000000000	-66.107150897663
1.4540000000000	-66.121624992158
1.4560000000000	-66.136969315989
1.4580000000000	-66.153196678736
1.4600000000000	-66.170319811674
1.4620000000000	-66.188351364063
1.4640000000000	-66.207303899466
1.4660000000000	-66.227189892106
1.4680000000000	-66.248021723246
1.4700000000000	-66.269811677614
1.4720000000000	-66.292571939864
1.4740000000000	-66.316314591072
1.4760000000000	-66.341051605282
1.4780000000000	-66.366794846093
1.4800000000000	-66.393556063287
1.4820000000000	-66.421346889513
1.4840000000000	-66.450178837011
1.4860000000000	-66.480063294400
1.4880000000000	-66.511011523504
1.4900000000000	-66.543034656242
1.4920000000000	-66.576143691572
1.4940000000000	-66.610349492491
1.4960000000000	-66.645662783094
1.4980000000000	-66.682094145695
1.5000000000000	-66.719654018005
1.5020000000000	-66.758352690380
1.5040000000000	-66.798200303124
1.5060000000000	-66.839206843865
1.5080000000000	-66.881382144992
1.5100000000000	-66.924735881159
1.5120000000000	-66.969277566861
1.5140000000000	-67.015016554077
1.5160000000000	-67.061962029977
1.5180000000000	-67.110123014707
1.5200000000000	-67.159508359245
1.5220000000000	-67.210126743319
1.5240000000000	-67.261986673411
1.5260000000000	-67.315096480822
1.5280000000000	-67.369464319813
1.5300000000000	-67.425098165828
1.5320000000000	-67.482005813777
1.5340000000000	-67.540194876404
1.5360000000000	-67.599672782721
1.5380000000000	-67.660446776526
1.5400000000000	-67.722523914983
1.5420000000000	-67.785911067292
1.5440000000000	-67.850614913414
1.5460000000000	-67.916641942891
1.5480000000000	-67.983998453725
1.5500000000000	-68.052690551337
1.5520000000000	-68.122724147601
1.5540000000000	-68.194104959948
1.5560000000000	-68.266838510546
1.5580000000000	-68.340930125552
1.5600000000000	-68.416384934436
1.5620000000000	-68.493207869380
1.5640000000000	-68.571403664741
1.5660000000000	-68.650976856597
1.5680000000000	-68.731931782350
1.5700000000000	-68.814272580410
1.5720000000000	-68.898003189942
1.5740000000000	-68.983127350685
1.5760000000000	-69.069648602836
1.5780000000000	-69.157570287003
1.5800000000000	-69.246895544225
1.5820000000000	-69.337627316055
1.5840000000000	-69.429768344711
1.5860000000000	-69.523321173289
1.5880000000000	-69.618288146042
1.5900000000000	-69.714671408716
1.5920000000000	-69.812472908952
1.5940000000000	-69.911694396751
1.5960000000000	-70.012337424989
1.5980000000000	-70.114403350001
1.6000000000000	-70.217893332215
1.6020000000000	-70.322808336851
1.6040000000000	-70.429149134668
1.6060000000000	-70.536916302768
1.6080000000000	-70.646110225458
1.6100000000000	-70.756731095159
1.6120000000000	-70.868778913370
1.6140000000000	-70.982253491685
1.6160000000000	-71.097154452853
1.6180000000000	-71.213481231893
1.6200000000000	-71.331233077255
1.6220000000000	-71.450409052025
1.6240000000000	-71.571008035182
1.6260000000000	-71.693028722892
1.6280000000000	-71.816469629850
1.6300000000000	-71.941329090665
1.6320000000000	-72.067605261282
1.6340000000000	-72.195296120451
1.6360000000000	-72.324399471233
1.6380000000000	-72.454912942538
1.6400000000000	-72.586833990709
1.6420000000000	-72.720159901142
1.6440000000000	-72.854887789933
1.6460000000000	-72.991014605568
1.6480000000000	-73.128537130642
1.6500000000000	-73.267451983610
1.6520000000000	-73.407755620574
1.6540000000000	-73.549444337091
1.6560000000000	-73.692514270022
1.6580000000000	-73.836961399398
1.6600000000000	-73.982781550321
1.6620000000000	-74.129970394888
1.6640000000000	-74.278523454141
1.6660000000000	-74.428436100039
1.6680000000000	-74.579703557460
1.6700000000000	-74.732320906217
1.6720000000000	-74.886283083101
1.6740000000000	-75.041584883943
1.6760000000000	-75.198220965696
1.6780000000000	-75.356185848532
1.6800000000000	-75.515473917963
1.6820000000000	-75.676079426977
1.6840000000000	-75.837996498184
1.6860000000000	-76.001219125984
1.6880000000000	-76.165741178747
1.6900000000000	-76.331556401007
1.6920000000000	-76.498658415662
1.6940000000000	-76.667040726198
1.6960000000000	-76.836696718908
1.6980000000000	-77.007619665138
1.7000000000000	-77.179802723525
1.7020000000000	-77.353238942253
1.7040000000000	-77.527921261318
1.7060000000000	-77.703842514787
1.7080000000000	-77.880995433081
1.7100000000000	-78.059372645243
1.7120000000000	-78.238966681224
1.7140000000000	-78.419769974167
1.7160000000000	-78.601774862694
1.7180000000000	-78.784973593190
1.7200000000000	-78.969358322097
1.7220000000000	-79.154921118199
1.7240000000000	-79.341653964910
1.7260000000000	-79.529548762560
1.7280000000000	-79.718597330679
1.7300000000000	-79.908791410277
1.7320000000000	-80.100122666117
1.7340000000000	-80.292582688993
1.7360000000000	-80.486162997988
1.7380000000000	-80.680855042740
1.7400000000000	-80.876650205691
1.7420000000000	-81.073539804333
1.7440000000000	-81.271515093447
1.7460000000000	-81.470567267327
1.7480000000000	-81.670687462000
1.7500000000000	-81.871866757435
1.7520000000000	-82.074096179734
1.7540000000000	-82.277366703324
1.7560000000000	-82.481669253122
1.7580000000000	-82.686994706698
1.7600000000000	-82.893333896421
1.7620000000000	-83.100677611585
1.7640000000000	-83.309016600530
1.7660000000000	-83.518341572739
1.7680000000000	-83.728643200922
1.7700000000000	-83.939912123084
1.7720000000000	-84.152138944574
1.7740000000000	-84.365314240115
1.7760000000000	-84.579428555821
1.7780000000000	-84.794472411184
1.7800000000000	-85.010436301054
1.7820000000000	-85.227310697590
1.7840000000000	-85.445086052191
1.7860000000000	-85.663752797410
1.7880000000000	-85.883301348846
1.7900000000000	-86.103722107004
1.7920000000000	-86.325005459146
1.7940000000000	-86.547141781112
1.7960000000000	-86.770121439112
1.7980000000000	-86.993934791506
1.8000000000000	-87.218572190550
1.8020000000000	-87.444023984118
1.8040000000000	-87.670280517406
1.8060000000000	-87.897332134596
1.8080000000000	-88.125169180513
1.8100000000000	-88.353782002236
1.8120000000000	-88.583160950694
1.8140000000000	-88.813296382236
1.8160000000000	-89.044178660161
1.8180000000000	-89.275798156238
1.8200000000000	-89.508145252181
1.8220000000000	-89.741210341105
1.8240000000000	-89.974983828953
1.8260000000000	-90.209456135893
1.8280000000000	-90.444617697681
1.8300000000000	-90.680458967005
1.8320000000000	-90.916970414786
1.8340000000000	-91.154142531467
1.8360000000000	-91.391965828251
1.8380000000000	-91.630430838328
1.8400000000000	-91.869528118061
1.8420000000000	-92.109248248144
1.8440000000000	-92.349581834731
1.8460000000000	-92.590519510533
1.8480000000000	-92.832051935887
1.8500000000000	-93.074169799791
1.8520000000000	-93.316863820910
1.8540000000000	-93.560124748555
1.8560000000000	-93.803943363623
1.8580000000000	-94.048310479514
1.8600000000000	-94.293216943014
1.8620000000000	-94.538653635152
1.8640000000000	-94.784611472014
1.8660000000000	-95.031081405546
1.8680000000000	-95.278054424309
1.8700000000000	-95.525521554211
1.8720000000000	-95.773473859215
1.8740000000000	-96.021902442002
1.8760000000000	-96.270798444623
1.8780000000000	-96.520153049103
1.8800000000000	-96.769957478029
1.8820000000000	-97.020202995102
1.8840000000000	-97.270880905662
1.8860000000000	-97.521982557186
1.8880000000000	-97.773499339752
1.8900000000000	-98.025422686482
1.8920000000000	-98.277744073951
1.8940000000000	-98.530455022568
1.8960000000000	-98.783547096937
1.8980000000000	-99.037011906184
1.9000000000000	-99.290841104255
1.9020000000000	-99.545026390196
1.9040000000000	-99.799559508401
1.9060000000000	-100.05443224883
1.9080000000000	-100.30963644722
1.9100000000000	-100.56516398524
1.9120000000000	-100.82100679065
1.9140000000000	-101.07715683742
1.9160000000000	-101.33360614584
1.9180000000000	-101.59034678258
1.9200000000000	-101.84737086074
1.9220000000000	-102.10467053991
1.9240000000000	-102.36223802616
1.9260000000000	-102.62006557199
1.9280000000000	-102.87814547636
1.9300000000000	-103.13647008460
1.9320000000000	-103.39503178831
1.9340000000000	-103.65382302533
1.9360000000000	-103.91283627954
1.9380000000000	-104.17206408080
1.9400000000000	-104.43149900473
1.9420000000000	-104.69113367261
1.9440000000000	-104.95096075112
1.9460000000000	-105.21097295218
1.9480000000000	-105.47116303271
1.9500000000000	-105.73152379439
1.9520000000000	-105.99204808343
1.9540000000000	-106.25272879024
1.9560000000000	-106.51355884922
1.9580000000000	-106.77453123842
1.9600000000000	-107.03563897925
1.9620000000000	-107.29687513610
1.9640000000000	-107.55823281611
1.9660000000000	-107.81970516871
1.9680000000000	-108.08128538533
1.9700000000000	-108.34296669903
1.9720000000000	-108.60474238406
1.9740000000000	-108.86660575555
1.9760000000000	-109.12855016905
1.9780000000000	-109.39056902017
1.9800000000000	-109.65265574410
1.9820000000000	-109.91480381528
1.9840000000000	-110.17700674687
1.9860000000000	-110.43925809040
1.9880000000000	-110.70155143528
1.9900000000000	-110.96388040836
1.9920000000000	-111.22623867348
1.9940000000000	-111.48861993102
1.9960000000000	-111.75101791745
1.9980000000000	-112.01342640482
2.0000000000000	-112.27583920038
2.0020000000000	-112.53825014600
2.0040000000000	-112.80065311780
2.0060000000000	-113.06304202564
2.0080000000000	-113.32541081261
2.0100000000000	-113.58775345465
2.0120000000000	-113.85006395997
2.0140000000000	-114.11233636868
2.0160000000000	-114.37456475224
2.0180000000000	-114.63674321305
2.0200000000000	-114.89886588394
2.0220000000000	-115.16092692775
2.0240000000000	-115.42292053683
2.0260000000000	-115.68484093262
2.0280000000000	-115.94668236516
2.0300000000000	-116.20843911269
2.0320000000000	-116.47010548114
2.0340000000000	-116.73167580377
2.0360000000000	-116.99314444069
2.0380000000000	-117.25450577844
2.0400000000000	-117.51575422958
2.0420000000000	-117.77688423226
2.0440000000000	-118.03789024986
2.0460000000000	-118.29876677053
2.0480000000000	-118.55950830686
2.0500000000000	-118.82010939546
2.0520000000000	-119.08056459660
2.0540000000000	-119.34086849385
2.0560000000000	-119.60101569373
2.0580000000000	-119.86100082535
2.0600000000000	-120.12081854012
2.0620000000000	-120.38046351135
2.0640000000000	-120.63993043401
2.0660000000000	-120.89921402442
2.0680000000000	-121.15830901991
2.0700000000000	-121.41721017858
2.0720000000000	-121.67591227905
2.0740000000000	-121.93441012018
2.0760000000000	-122.19269852080
2.0780000000000	-122.45077231955
2.0800000000000	-122.70862637461
2.0820000000000	-122.96625556351
2.0840000000000	-123.22365478295
2.0860000000000	-123.48081894862
2.0880000000000	-123.73774299502
2.0900000000000	-123.99442187532
2.0920000000000	-124.25085056124
2.0940000000000	-124.50702404289
2.0960000000000	-124.76293732872
2.0980000000000	-125.01858544537
2.1000000000000	-125.27396343762
2.1020000000000	-125.52906636832
2.1040000000000	-125.78388931834
2.1060000000000	-126.03842738655
2.1080000000000	-126.29267568976
2.1100000000000	-126.54662936277
2.1120000000000	-126.80028355832
2.1140000000000	-127.05363344718
2.1160000000000	-127.30667421813
2.1180000000000	-127.55940107805
2.1200000000000	-127.81180925197
2.1220000000000	-128.06389398319
2.1240000000000	-128.31565053333
2.1260000000000	-128.56707418248
2.1280000000000	-128.81816022933
2.1300000000000	-129.06890399129
2.1320000000000	-129.31930080467
2.1340000000000	-129.56934602487
2.1360000000000	-129.81903502653
2.1380000000000	-130.06836320375
2.1400000000000	-130.31732597033
2.1420000000000	-130.56591875998
2.1440000000000	-130.81413702658
2.1460000000000	-131.06197624443
2.1480000000000	-131.30943190853
2.1500000000000	-131.55649953489
2.1520000000000	-131.80317466081
2.1540000000000	-132.04945284519
2.1560000000000	-132.29532966890
2.1580000000000	-132.54080073508
2.1600000000000	-132.78586166954
2.1620000000000	-133.03050812110
2.1640000000000	-133.27473576198
2.1660000000000	-133.51854028819
2.1680000000000	-133.76191741997
2.1700000000000	-134.00486290217
2.1720000000000	-134.24737250470
2.1740000000000	-134.48944202297
2.1760000000000	-134.73106727835
2.1780000000000	-134.97224411865
2.1800000000000	-135.21296841854
2.1820000000000	-135.45323608011
2.1840000000000	-135.69304303332
2.1860000000000	-135.93238523651
2.1880000000000	-136.17125867694
2.1900000000000	-136.40965937129
2.1920000000000	-136.64758336621
2.1940000000000	-136.88502673886
2.1960000000000	-137.12198559746
2.1980000000000	-137.35845608185
2.2000000000000	-137.59443436404
2.2020000000000	-137.82991664882
2.2040000000000	-138.06489917430
2.2060000000000	-138.29937821253
2.2080000000000	-138.53335007007
2.2100000000000	-138.76681108861
2.2120000000000	-138.99975764555
2.2140000000000	-139.23218615463
2.2160000000000	-139.46409306652
2.2180000000000	-139.69547486948
2.2200000000000	-139.92632808993
2.2220000000000	-140.15664929310
2.2240000000000	-140.38643508366
2.2260000000000	-140.61568210636
2.2280000000000	-140.84438704665
2.2300000000000	-141.07254663128
2.2320000000000	-141.30015762900
2.2340000000000	-141.52721685117
2.2360000000000	-141.75372115238
2.2380000000000	-141.97966743109
2.2400000000000	-142.20505263030
2.2420000000000	-142.42987373816
2.2440000000000	-142.65412778858
2.2460000000000	-142.87781186194
2.2480000000000	-143.10092308562
2.2500000000000	-143.32345863471
2.2520000000000	-143.54541573261
2.2540000000000	-143.76679165164
2.2560000000000	-143.98758371368
2.2580000000000	-144.20778929075
2.2600000000000	-144.42740580567
2.2620000000000	-144.64643073263
2.2640000000000	-144.86486159779
2.2660000000000	-145.08269597991
2.2680000000000	-145.29993151090
2.2700000000000	-145.51656587640
2.2720000000000	-145.73259681638
2.2740000000000	-145.94802212572
2.2760000000000	-146.16283965472
2.2780000000000	-146.37704730969
2.2800000000000	-146.59064305347
2.2820000000000	-146.80362490600
2.2840000000000	-147.01599094481
2.2860000000000	-147.22773930554
2.2880000000000	-147.43886818247
2.2900000000000	-147.64937582900
2.2920000000000	-147.85926055812
2.2940000000000	-148.06852074291
2.2960000000000	-148.27715481699
2.2980000000000	-148.48516127496
2.3000000000000	-148.69253867288
2.3020000000000	-148.89928562864
2.3040000000000	-149.10540082242
2.3060000000000	-149.31088299707
2.3080000000000	-149.51573095848
2.3100000000000	-149.71994357602
2.3120000000000	-149.92351978281
2.3140000000000	-150.12645857615
2.3160000000000	-150.32875901780
2.3180000000000	-150.53042023432
2.3200000000000	-150.73144141737
2.3220000000000	-150.93182182398
2.3240000000000	-151.13156077687
2.3260000000000	-151.33065766464
2.3280000000000	-151.52911194207
2.3300000000000	-151.72692313033
2.3320000000000	-151.92409081716
2.3340000000000	-152.12061465712
2.3360000000000	-152.31649437171
2.3380000000000	-152.51172974957
2.3400000000000	-152.70632064659
2.3420000000000	-152.90026698608
2.3440000000000	-153.09356875884
2.3460000000000	-153.28622602327
2.3480000000000	-153.47823890545
2.3500000000000	-153.66960759920
2.3520000000000	-153.86033236609
2.3540000000000	-154.05041353551
2.3560000000000	-154.23985150462
2.3580000000000	-154.42864673840
2.3600000000000	-154.61679976958
2.3620000000000	-154.80431119859
2.3640000000000	-154.99118169351
2.3660000000000	-155.17741198998
2.3680000000000	-155.36300289111
2.3700000000000	-155.54795526733
2.3720000000000	-155.73227005628
2.3740000000000	-155.91594826265
2.3760000000000	-156.09899095801
2.3780000000000	-156.28139928060
2.3800000000000	-156.46317443514
2.3820000000000	-156.64431769260
2.3840000000000	-156.82483038993
2.3860000000000	-157.00471392986
2.3880000000000	-157.18396978055
2.3900000000000	-157.36259947534
2.3920000000000	-157.54060461241
2.3940000000000	-157.71798685447
2.3960000000000	-157.89474792841
2.3980000000000	-158.07088962489
2.4000000000000	-158.24641379802
2.4020000000000	-158.42132236494
2.4040000000000	-158.59561730538
2.4060000000000	-158.76930066125
2.4080000000000	-158.94237453620
2.4100000000000	-159.11484109512
2.4120000000000	-159.28670256372
2.4140000000000	-159.45796122796
2.4160000000000	-159.62861943361
2.4180000000000	-159.79867958566
2.4200000000000	-159.96814414783
2.4220000000000	-160.13701564199
2.4240000000000	-160.30529664758
2.4260000000000	-160.47298980105
2.4280000000000	-160.64009779523
2.4300000000000	-160.80662337876
2.4320000000000	-160.97256935542
2.4340000000000	-161.13793858350
2.4360000000000	-161.30273397518
2.4380000000000	-161.46695849580
2.4400000000000	-161.63061516325
2.4420000000000	-161.79370704724
2.4440000000000	-161.95623726861
2.4460000000000	-162.11820899860
2.4480000000000	-162.27962545815
2.4500000000000	-162.44048991714
2.4520000000000	-162.60080569366
2.4540000000000	-162.76057615324
2.4560000000000	-162.91980470809
2.4580000000000	-163.07849481632
2.4600000000000	-163.23664998115
2.4620000000000	-163.39427375012
2.4640000000000	-163.55136971428
2.4660000000000	-163.70794150738
2.4680000000000	-163.86399280506
2.4700000000000	-164.01952732397
2.4720000000000	-164.17454882102
2.4740000000000	-164.32906109246
2.4760000000000	-164.48306797306
2.4780000000000	-164.63657333525
2.4800000000000	-164.78958108828
2.4820000000000	-164.94209517730
2.4840000000000	-165.09411958254
2.4860000000000	-165.24565831839
2.4880000000000	-165.39671543254
2.4900000000000	-165.54729500509
2.4920000000000	-165.69740114765
2.4940000000000	-165.84703800245
2.4960000000000	-165.99620974144
2.4980000000000	-166.14492056539
2.5000000000000	-166.29317470298
2.5020000000000	-166.44097640991
2.5040000000000	-166.58832996796
2.5060000000000	-166.73523968412
2.5080000000000	-166.88170988966
2.5100000000000	-167.02774493920
2.5120000000000	-167.17334920983
2.5140000000000	-167.31852710019
2.5160000000000	-167.46328302952
2.5180000000000	-167.60762143682
2.5200000000000	-167.75154677987
2.5220000000000	-167.89506353436
2.5240000000000	-168.03817619296
2.5260000000000	-168.18088926444
2.5280000000000	-168.32320727274
2.5300000000000	-168.46513475607
2.5320000000000	-168.60667626603
2.5340000000000	-168.74783636669
2.5360000000000	-168.88861963371
2.5380000000000	-169.02903065346
2.5400000000000	-169.16907402210
2.5420000000000	-169.30875434474
2.5440000000000	-169.44807623453
2.5460000000000	-169.58704431182
2.5480000000000	-169.72566320325
2.5500000000000	-169.86393754092
2.5520000000000	-170.00187196154
2.5540000000000	-170.13947110554
2.5560000000000	-170.27673961627
2.5580000000000	-170.41368213911
2.5600000000000	-170.55030332071
2.5620000000000	-170.68660780808
2.5640000000000	-170.82260024785
2.5660000000000	-170.95828528539
2.5680000000000	-171.09366756406
2.5700000000000	-171.22875172439
2.5720000000000	-171.36354240329
2.5740000000000	-171.49804423326
2.5760000000000	-171.63226184165
2.5780000000000	-171.76619984987
2.5800000000000	-171.89986287263
2.5820000000000	-172.03325551720
2.5840000000000	-172.16638238271
2.5860000000000	-172.29924805935
2.5880000000000	-172.43185712770
2.5900000000000	-172.56421415801
2.5920000000000	-172.69632370949
2.5940000000000	-172.82819032961
2.5960000000000	-172.95981855347
2.5980000000000	-173.09121290306
2.6000000000000	-173.22237788663
2.6020000000000	-173.35331799805
2.6040000000000	-173.48403771615
2.6060000000000	-173.61454150410
2.6080000000000	-173.74483380878
2.6100000000000	-173.87491906017
2.6120000000000	-174.00480167076
2.6140000000000	-174.13448603495
2.6160000000000	-174.26397652849
2.6180000000000	-174.39327750789
2.6200000000000	-174.52239330988
2.6220000000000	-174.65132825083
2.6240000000000	-174.78008662628
2.6260000000000	-174.90867271036
2.6280000000000	-175.03709075530
2.6300000000000	-175.16534499091
2.6320000000000	-175.29343962411
2.6340000000000	-175.42137883846
2.6360000000000	-175.54916679366
2.6380000000000	-175.67680762508
2.6400000000000	-175.80430544340
2.6420000000000	-175.93166433405
2.6440000000000	-176.05888835689
2.6460000000000	-176.18598154576
2.6480000000000	-176.31294790803
2.6500000000000	-176.43979142431
2.6520000000000	-176.56651604797
2.6540000000000	-176.69312570483
2.6560000000000	-176.81962429279
2.6580000000000	-176.94601568147
2.6600000000000	-177.07230371187
2.6620000000000	-177.19849219608
2.6640000000000	-177.32458491692
2.6660000000000	-177.45058562766
2.6680000000000	-177.57649805173
2.6700000000000	-177.70232588241
2.6720000000000	-177.82807278260
2.6740000000000	-177.95374238451
2.6760000000000	-178.07933828945
2.6780000000000	-178.20486406755
2.6800000000000	-178.33032325756
2.6820000000000	-178.45571936663
2.6840000000000	-178.58105587006
2.6860000000000	-178.70633621113
2.6880000000000	-178.83156380092
2.6900000000000	-178.95674201809
2.6920000000000	-179.08187420874
2.6940000000000	-179.20696368622
2.6960000000000	-179.33201373101
2.6980000000000	-179.45702759056
2.7000000000000	-179.58200847914
2.7020000000000	-179.70695957772
2.7040000000000	-179.83188403390
2.7060000000000	-179.95678496172
2.7080000000000	179.91833455837
2.7100000000000	179.79347147963
2.7120000000000	179.66862278910
2.7140000000000	179.54378550770
2.7160000000000	179.41895669025
2.7180000000000	179.29413342557
2.7200000000000	179.16931283650
2.7220000000000	179.04449207995
2.7240000000000	178.91966834693
2.7260000000000	178.79483886260
2.7280000000000	178.67000088624
2.7300000000000	178.54515171130
2.7320000000000	178.42028866538
2.7340000000000	178.29540911025
2.7360000000000	178.17051044180
2.7380000000000	178.04559009006
2.7400000000000	177.92064551916
2.7420000000000	177.79567422729
2.7440000000000	177.67067374668
2.7460000000000	177.54564164353
2.7480000000000	177.42057551798
2.7500000000000	177.29547300405
2.7520000000000	177.17033176956
2.7540000000000	177.04514951608
2.7560000000000	176.91992397886
2.7580000000000	176.79465292671
2.7600000000000	176.66933416197
2.7620000000000	176.54396552037
2.7640000000000	176.41854487096
2.7660000000000	176.29307011600
2.7680000000000	176.16753919085
2.7700000000000	176.04195006387
2.7720000000000	175.91630073629
2.7740000000000	175.79058924209
2.7760000000000	175.66481364788
2.7780000000000	175.53897205278
2.7800000000000	175.41306258826
2.7820000000000	175.28708341801
2.7840000000000	175.16103273782
2.7860000000000	175.03490877540
2.7880000000000	174.90870979024
2.7900000000000	174.78243407350
2.7920000000000	174.65607994775
2.7940000000000	174.52964576693
2.7960000000000	174.40312991609
2.7980000000000	174.27653081128
2.8000000000000	174.14984689935
2.8020000000000	174.02307665779
2.8040000000000	173.89621859453
2.8060000000000	173.76927124782
2.8080000000000	173.64223318596
2.8100000000000	173.51510300718
2.8120000000000	173.38787933945
2.8140000000000	173.26056084024
2.8160000000000	173.13314619640
2.8180000000000	173.00563412390
2.8200000000000	172.87802336767
2.8220000000000	172.75031270139
2.8240000000000	172.62250092729
2.8260000000000	172.49458687597
2.8280000000000	172.36656940615
2.8300000000000	172.23844740450
2.8320000000000	172.11021978543
2.8340000000000	171.98188549087
2.8360000000000	171.85344349006
2.8380000000000	171.72489277935
2.8400000000000	171.59623238198
2.8420000000000	171.46746134785
2.8440000000000	171.33857875336
2.8460000000000	171.20958370113
2.8480000000000	171.08047531979
2.8500000000000	170.95125276383
2.8520000000000	170.82191521330
2.8540000000000	170.69246187364
2.8560000000000	170.56289197543
2.8580000000000	170.43320477419
2.8600000000000	170.30339955016
2.8620000000000	170.17347560808
2.8640000000000	170.04343227693
2.8660000000000	169.91326890978
2.8680000000000	169.78298488350
2.8700000000000	169.65257959856
2.8720000000000	169.52205247883
2.8740000000000	169.39140297134
2.8760000000000	169.26063054604
2.8780000000000	169.12973469560
2.8800000000000	168.99871493520
2.8820000000000	168.86757080227
2.8840000000000	168.73630185628
2.8860000000000	168.60490767855
2.8880000000000	168.47338787198
2.8900000000000	168.34174206088
2.8920000000000	168.20996989069
2.8940000000000	168.07807102781
2.8960000000000	167.94604515936
2.8980000000000	167.81389199295
2.9000000000000	167.68161125649
2.9020000000000	167.54920269793
2.9040000000000	167.41666608508
2.9060000000000	167.28400120538
2.9080000000000	167.15120786568
2.9100000000000	167.01828589202
2.9120000000000	166.88523512941
2.9140000000000	166.75205544166
2.9160000000000	166.61874671110
2.9180000000000	166.48530883841
2.9200000000000	166.35174174241
2.9220000000000	166.21804535981
2.9240000000000	166.08421964506
2.9260000000000	165.95026457008
2.9280000000000	165.81618012409
2.9300000000000	165.68196631339
2.9320000000000	165.54762316116
2.9340000000000	165.41315070726
2.9360000000000	165.27854900799
2.9380000000000	165.14381813593
2.9400000000000	165.00895817973
2.9420000000000	164.87396924389
2.9440000000000	164.73885144858
2.9460000000000	164.60360492941
2.9480000000000	164.46822983729
2.9500000000000	164.33272633817
2.9520000000000	164.19709461289
2.9540000000000	164.06133485696
2.9560000000000	163.92544728040
2.9580000000000	163.78943210749
2.9600000000000	163.65328957664
2.9620000000000	163.51701994019
2.9640000000000	163.38062346417
2.9660000000000	163.24410042820
2.9680000000000	163.10745112521
2.9700000000000	162.97067586135
2.9720000000000	162.83377495574
2.9740000000000	162.69674874029
2.9760000000000	162.55959755959
2.9780000000000	162.42232177063
2.9800000000000	162.28492174272
2.9820000000000	162.14739785723
2.9840000000000	162.00975050748
2.9860000000000	161.87198009853
2.9880000000000	161.73408704703
2.9900000000000	161.59607178102
2.9920000000000	161.45793473979
2.9940000000000	161.31967637370
2.9960000000000	161.18129714401
2.9980000000000	161.04279752272
3.0000000000000	160.90417799240
3.0020000000000	160.76543904606
3.0040000000000	160.62658118691
3.0060000000000	160.48760492830
3.0080000000000	160.34851079347
3.0100000000000	160.20929931548
3.0120000000000	160.06997103696
3.0140000000000	159.93052651004
3.0160000000000	159.79096629614
3.0180000000000	159.65129096586
3.0200000000000	159.51150109878
3.0220000000000	159.37159728336
3.0240000000000	159.23158011676
3.0260000000000	159.09145020471
3.0280000000000	158.95120816136
3.0300000000000	158.81085460911
3.0320000000000	158.67039017853
3.0340000000000	158.52981550815
3.0360000000000	158.38913124436
3.0380000000000	158.24833804127
3.0400000000000	158.10743656053
3.0420000000000	157.96642747126
3.0440000000000	157.82531144988
3.0460000000000	157.68408917995
3.0480000000000	157.54276135209
3.0500000000000	157.40132866381
3.0520000000000	157.25979181941
3.0540000000000	157.11815152980
3.0560000000000	156.97640851244
3.0580000000000	156.83456349117
3.0600000000000	156.69261719608
3.0620000000000	156.55057036343
3.0640000000000	156.40842373546
3.0660000000000	156.26617806034
3.0680000000000	156.12383409200
3.0700000000000	155.98139259003
3.0720000000000	155.83885431954
3.0740000000000	155.69622005110
3.0760000000000	155.55349056055
3.0780000000000	155.41066662894
3.0800000000000	155.26774904239
3.0820000000000	155.12473859197
3.0840000000000	154.98163607364
3.0860000000000	154.83844228808
3.0880000000000	154.69515804059
3.0900000000000	154.55178414104
3.0920000000000	154.40832140367
3.0940000000000	154.26477064706
3.0960000000000	154.12113269402
3.0980000000000	153.97740837141
3.1000000000000	153.83359851015
3.1020000000000	153.68970394503
3.1040000000000	153.54572551465
3.1060000000000	153.40166406130
3.1080000000000	153.25752043090
3.1100000000000	153.11329547284
3.1120000000000	152.96899003997
3.1140000000000	152.82460498839
3.1160000000000	152.68014117748
3.1180000000000	152.53559946972
3.1200000000000	152.39098073061
3.1220000000000	152.24628582863
3.1240000000000	152.10151563507
3.1260000000000	151.95667102402
3.1280000000000	151.81175287223
3.1300000000000	151.66676205903
3.1320000000000	151.52169946626
3.1340000000000	151.37656597818
3.1360000000000	151.23136248136
3.1380000000000	151.08608986464
3.1400000000000	150.94074901900
3.1420000000000	150.79534083752
3.1440000000000	150.64986621527
3.1460000000000	150.50432604925
3.1480000000000	150.35872123828
3.1500000000000	150.21305268296
3.1520000000000	150.06732128557
3.1540000000000	149.92152794999
3.1560000000000	149.77567358163
3.1580000000000	149.62975908738
3.1600000000000	149.48378537547
3.1620000000000	149.33775335547
3.1640000000000	149.19166393817
3.1660000000000	149.04551803553
3.1680000000000	148.89931656061
3.1700000000000	148.75306042746
3.1720000000000	148.60675055112
3.1740000000000	148.46038784749
3.1760000000000	148.31397323329
3.1780000000000	148.16750762599
3.1800000000000	148.02099194375
3.1820000000000	147.87442710532
3.1840000000000	147.72781403003
3.1860000000000	147.58115363767
3.1880000000000	147.43444684848
3.1900000000000	147.28769458304
3.1920000000000	147.14089776223
3.1940000000000	146.99405730718
3.1960000000000	146.84717413918
3.1980000000000	146.70024917965
3.2000000000000	146.55328335005
#
#"Frequency / GHz"	"S1,4 [Phase / deg]"
#--------------------------------------
1.2000000000000	-100.28295052056
1.2020000000000	-100.44806155702
1.2040000000000	-100.61356979232
1.2060000000000	-100.77947720428
1.2080000000000	-100.94578578286
1.2100000000000	-101.11249753010
1.2120000000000	-101.27961446015
1.2140000000000	-101.44713859931
1.2160000000000	-101.61507198594
1.2180000000000	-101.78341667055
1.2200000000000	-101.95217471573
1.2220000000000	-102.12134819617
1.2240000000000	-102.29093919867
1.2260000000000	-102.46094982206
1.2280000000000	-102.63138217727
1.2300000000000	-102.80223838725
1.2320000000000	-102.97352058701
1.2340000000000	-103.14523092353
1.2360000000000	-103.31737155581
1.2380000000000	-103.48994465479
1.2400000000000	-103.66295240335
1.2420000000000	-103.83639699629
1.2440000000000	-104.01028064027
1.2460000000000	-104.18460555378
1.2480000000000	-104.35937396714
1.2500000000000	-104.53458812240
1.2520000000000	-104.71025027337
1.2540000000000	-104.88636268549
1.2560000000000	-105.06292763587
1.2580000000000	-105.23994741316
1.2600000000000	-105.41742431757
1.2620000000000	-105.59536066073
1.2640000000000	-105.77375876572
1.2660000000000	-105.95262096694
1.2680000000000	-106.13194961007
1.2700000000000	-106.31174705199
1.2720000000000	-106.49201566073
1.2740000000000	-106.67275781537
1.2760000000000	-106.85397590596
1.2780000000000	-107.03567233345
1.2800000000000	-107.21784950961
1.2820000000000	-107.40050985691
1.2840000000000	-107.58365580846
1.2860000000000	-107.76728980787
1.2880000000000	-107.95141430920
1.2900000000000	-108.13603177681
1.2920000000000	-108.32114468528
1.2940000000000	-108.50675551927
1.2960000000000	-108.69286677342
1.2980000000000	-108.87948095222
1.3000000000000	-109.06660056991
1.3020000000000	-109.25422815028
1.3040000000000	-109.44236622662
1.3060000000000	-109.63101734151
1.3080000000000	-109.82018404673
1.3100000000000	-110.00986890306
1.3120000000000	-110.20007448017
1.3140000000000	-110.39080335644
1.3160000000000	-110.58205811877
1.3180000000000	-110.77384136248
1.3200000000000	-110.96615569107
1.3220000000000	-111.15900371607
1.3240000000000	-111.35238805684
1.3260000000000	-111.54631134042
1.3280000000000	-111.74077620127
1.3300000000000	-111.93578528114
1.3320000000000	-112.13134122880
1.3340000000000	-112.32744669987
1.3360000000000	-112.52410435659
1.3380000000000	-112.72131686760
1.3400000000000	-112.91908690768
1.3420000000000	-113.11741715758
1.3440000000000	-113.31631030372
1.3460000000000	-113.51576903795
1.3480000000000	-113.71579605734
1.3500000000000	-113.91639406386
1.3520000000000	-114.11756576415
1.3540000000000	-114.31931386925
1.3560000000000	-114.52164109431
1.3580000000000	-114.72455015828
1.3600000000000	-114.92804378368
1.3620000000000	-115.13212469622
1.3640000000000	-115.33679562458
1.3660000000000	-115.54205930002
1.3680000000000	-115.74791845610
1.3700000000000	-115.95437582836
1.3720000000000	-116.16143415396
1.3740000000000	-116.36909617134
1.3760000000000	-116.57736461991
1.3780000000000	-116.78624223964
1.3800000000000	-116.99573177074
1.3820000000000	-117.20583595324
1.3840000000000	-117.41655752668
1.3860000000000	-117.62789922966
1.3880000000000	-117.83986379949
1.3900000000000	-118.05245397175
1.3920000000000	-118.26567247992
1.3940000000000	-118.47952205493
1.3960000000000	-118.69400542476
1.3980000000000	-118.90912531400
1.4000000000000	-119.12488444338
1.4020000000000	-119.34128552937
1.4040000000000	-119.55833128369
1.4060000000000	-119.77602441285
1.4080000000000	-119.99436761770
1.4100000000000	-120.21336359288
1.4120000000000	-120.43301502644
1.4140000000000	-120.65332459923
1.4160000000000	-120.87429498448
1.4180000000000	-121.09592884721
1.4200000000000	-121.31822884379
1.4220000000000	-121.54119762132
1.4240000000000	-121.76483781717
1.4260000000000	-121.98915205837
1.4280000000000	-122.21414296109
1.4300000000000	-122.43981313008
1.4320000000000	-122.66616515805
1.4340000000000	-122.89320162513
1.4360000000000	-123.12092509828
1.4380000000000	-123.34933813067
1.4400000000000	-123.57844326108
1.4420000000000	-123.80824301331
1.4440000000000	-124.03873989550
1.4460000000000	-124.26993639957
1.4480000000000	-124.50183500052
1.4500000000000	-124.73443815582
1.4520000000000	-124.96774830472
1.4540000000000	-125.20176786763
1.4560000000000	-125.43649924541
1.4580000000000	-125.67194481873
1.4600000000000	-125.90810694731
1.4620000000000	-126.14498796932
1.4640000000000	-126.38259020061
1.4660000000000	-126.62091593402
1.4680000000000	-126.85996743867
1.4700000000000	-127.09974695921
1.4720000000000	-127.34025671514
1.4740000000000	-127.58149890000
1.4760000000000	-127.82347568068
1.4780000000000	-128.06618919667
1.4800000000000	-128.30964155923
1.4820000000000	-128.55383485073
1.4840000000000	-128.79877112379
1.4860000000000	-129.04445240055
1.4880000000000	-129.29088067186
1.4900000000000	-129.53805789652
1.4920000000000	-129.78598600047
1.4940000000000	-130.03466687597
1.4960000000000	-130.28410238084
1.4980000000000	-130.53429433762
1.5000000000000	-130.78524453276
1.5020000000000	-131.03695471579
1.5040000000000	-131.28942659855
1.5060000000000	-131.54266185429
1.5080000000000	-131.79666211690
1.5100000000000	-132.05142898005
1.5120000000000	-132.30696399636
1.5140000000000	-132.56326867657
1.5160000000000	-132.82034448867
1.5180000000000	-133.07819285711
1.5200000000000	-133.33681516192
1.5220000000000	-133.59621273788
1.5240000000000	-133.85638687365
1.5260000000000	-134.11733881096
1.5280000000000	-134.37906974375
1.5300000000000	-134.64158081732
1.5320000000000	-134.90487312748
1.5340000000000	-135.16894771974
1.5360000000000	-135.43380558842
1.5380000000000	-135.69944767585
1.5400000000000	-135.96587487150
1.5420000000000	-136.23308801119
1.5440000000000	-136.50108787623
1.5460000000000	-136.76987519256
1.5480000000000	-137.03945063001
1.5500000000000	-137.30981480141
1.5520000000000	-137.58096826181
1.5540000000000	-137.85291150768
1.5560000000000	-138.12564497608
1.5580000000000	-138.39916904388
1.5600000000000	-138.67348402701
1.5620000000000	-138.94859017962
1.5640000000000	-139.22448769336
1.5660000000000	-139.50117669659
1.5680000000000	-139.77865725365
1.5700000000000	-140.05692936411
1.5720000000000	-140.33599296204
1.5740000000000	-140.61584791529
1.5760000000000	-140.89649402479
1.5780000000000	-141.17793102386
1.5800000000000	-141.46015857751
1.5820000000000	-141.74317628181
1.5840000000000	-142.02698366319
1.5860000000000	-142.31158017783
1.5880000000000	-142.59696521106
1.5900000000000	-142.88313807670
1.5920000000000	-143.17009801652
1.5940000000000	-143.45784419963
1.5960000000000	-143.74637572198
1.5980000000000	-144.03569160575
1.6000000000000	-144.32579079892
1.6020000000000	-144.61667217470
1.6040000000000	-144.90833453108
1.6060000000000	-145.20077659043
1.6080000000000	-145.49399699896
1.6100000000000	-145.78799432641
1.6120000000000	-146.08276706562
1.6140000000000	-146.37831363216
1.6160000000000	-146.67463236401
1.6180000000000	-146.97172152122
1.6200000000000	-147.26957928567
1.6220000000000	-147.56820376074
1.6240000000000	-147.86759297114
1.6260000000000	-148.16774486265
1.6280000000000	-148.46865730196
1.6300000000000	-148.77032807651
1.6320000000000	-149.07275489438
1.6340000000000	-149.37593538415
1.6360000000000	-149.67986709490
1.6380000000000	-149.98454749612
1.6400000000000	-150.28997397770
1.6420000000000	-150.59614385000
1.6440000000000	-150.90305434386
1.6460000000000	-151.21070261073
1.6480000000000	-151.51908572274
1.6500000000000	-151.82820067290
1.6520000000000	-152.13804437524
1.6540000000000	-152.44861366507
1.6560000000000	-152.75990529920
1.6580000000000	-153.07191595626
1.6600000000000	-153.38464223698
1.6620000000000	-153.69808066455
1.6640000000000	-154.01222768506
1.6660000000000	-154.32707966784
1.6680000000000	-154.64263290599
1.6700000000000	-154.95888361683
1.6720000000000	-155.27582794245
1.6740000000000	-155.59346195027
1.6760000000000	-155.91178163362
1.6780000000000	-156.23078291240
1.6800000000000	-156.55046163372
1.6820000000000	-156.87081357265
1.6840000000000	-157.19183443290
1.6860000000000	-157.51351984764
1.6880000000000	-157.83586538031
1.6900000000000	-158.15886652541
1.6920000000000	-158.48251870945
1.6940000000000	-158.80681729181
1.6960000000000	-159.13175756574
1.6980000000000	-159.45733475926
1.7000000000000	-159.78354403627
1.7020000000000	-160.11038049751
1.7040000000000	-160.43783918172
1.7060000000000	-160.76591506668
1.7080000000000	-161.09460307041
1.7100000000000	-161.42389805232
1.7120000000000	-161.75379481441
1.7140000000000	-162.08428810252
1.7160000000000	-162.41537260761
1.7180000000000	-162.74704296702
1.7200000000000	-163.07929376583
1.7220000000000	-163.41211953817
1.7240000000000	-163.74551476866
1.7260000000000	-164.07947389375
1.7280000000000	-164.41399130318
1.7300000000000	-164.74906134146
1.7320000000000	-165.08467830929
1.7340000000000	-165.42083646512
1.7360000000000	-165.75753002663
1.7380000000000	-166.09475317230
1.7400000000000	-166.43250004298
1.7420000000000	-166.77076474343
1.7440000000000	-167.10954134399
1.7460000000000	-167.44882388213
1.7480000000000	-167.78860636415
1.7500000000000	-168.12888276677
1.7520000000000	-168.46964703884
1.7540000000000	-168.81089310298
1.7560000000000	-169.15261485732
1.7580000000000	-169.49480617712
1.7600000000000	-169.83746091656
1.7620000000000	-170.18057291040
1.7640000000000	-170.52413597573
1.7660000000000	-170.86814391369
1.7680000000000	-171.21259051120
1.7700000000000	-171.55746954269
1.7720000000000	-171.90277477186
1.7740000000000	-172.24849995339
1.7760000000000	-172.59463883470
1.7780000000000	-172.94118515768
1.7800000000000	-173.28813266039
1.7820000000000	-173.63547507885
1.7840000000000	-173.98320614871
1.7860000000000	-174.33131960697
1.7880000000000	-174.67980919371
1.7900000000000	-175.02866865376
1.7920000000000	-175.37789173842
1.7940000000000	-175.72747220708
1.7960000000000	-176.07740382891
1.7980000000000	-176.42768038452
1.8000000000000	-176.77829566755
1.8020000000000	-177.12924348629
1.8040000000000	-177.48051766530
1.8060000000000	-177.83211204693
1.8080000000000	-178.18402049293
1.8100000000000	-178.53623688592
1.8120000000000	-178.88875513092
1.8140000000000	-179.24156915683
1.8160000000000	-179.59467291789
1.8180000000000	-179.94806039507
1.8200000000000	179.69827440250
1.8220000000000	179.34433743615
1.8240000000000	178.99013463641
1.8260000000000	178.63567190159
1.8280000000000	178.28095509661
1.8300000000000	177.92599005172
1.8320000000000	177.57078256127
1.8340000000000	177.21533838260
1.8360000000000	176.85966323486
1.8380000000000	176.50376279794
1.8400000000000	176.14764271142
1.8420000000000	175.79130857352
1.8440000000000	175.43476594018
1.8460000000000	175.07802032409
1.8480000000000	174.72107719379
1.8500000000000	174.36394197284
1.8520000000000	174.00662003904
1.8540000000000	173.64911672359
1.8560000000000	173.29143731048
1.8580000000000	172.93358703572
1.8600000000000	172.57557108680
1.8620000000000	172.21739460204
1.8640000000000	171.85906267014
1.8660000000000	171.50058032961
1.8680000000000	171.14195256844
1.8700000000000	170.78318432362
1.8720000000000	170.42428048090
1.8740000000000	170.06524587444
1.8760000000000	169.70608528661
1.8780000000000	169.34680344783
1.8800000000000	168.98740503642
1.8820000000000	168.62789467854
1.8840000000000	168.26827694817
1.8860000000000	167.90855636717
1.8880000000000	167.54873740532
1.8900000000000	167.18882448054
1.8920000000000	166.82882195902
1.8940000000000	166.46873415554
1.8960000000000	166.10856533376
1.8980000000000	165.74831970659
1.9000000000000	165.38800143665
1.9020000000000	165.02761463675
1.9040000000000	164.66716337041
1.9060000000000	164.30665165256
1.9080000000000	163.94608345013
1.9100000000000	163.58546268284
1.9120000000000	163.22479322400
1.9140000000000	162.86407890135
1.9160000000000	162.50332349806
1.9180000000000	162.14253075364
1.9200000000000	161.78170436513
1.9220000000000	161.42084798814
1.9240000000000	161.05996523812
1.9260000000000	160.69905969167
1.9280000000000	160.33813488787
1.9300000000000	159.97719432976
1.9320000000000	159.61624148586
1.9340000000000	159.25527979178
1.9360000000000	158.89431265197
1.9380000000000	158.53334344145
1.9400000000000	158.17237550779
1.9420000000000	157.81141217303
1.9440000000000	157.45045673581
1.9460000000000	157.08951247362
1.9480000000000	156.72858264505
1.9500000000000	156.36767049231
1.9520000000000	156.00677924379
1.9540000000000	155.64591211676
1.9560000000000	155.28507232024
1.9580000000000	154.92426305805
1.9600000000000	154.56348753196
1.9620000000000	154.20274894506
1.9640000000000	153.84205050534
1.9660000000000	153.48139542941
1.9680000000000	153.12078694652
1.9700000000000	152.76022830274
1.9720000000000	152.39972276547
1.9740000000000	152.03927362815
1.9760000000000	151.67888421538
1.9780000000000	151.31855788823
1.9800000000000	150.95829805005
1.9820000000000	150.59810815257
1.9840000000000	150.23799170248
1.9860000000000	149.87795226845
1.9880000000000	149.51799348872
1.9900000000000	149.15811907917
1.9920000000000	148.79833284210
1.9940000000000	148.43863867564
1.9960000000000	148.07904058397
1.9980000000000	147.71954268835
2.0000000000000	147.36014923913
2.0020000000000	147.00086462874
2.0040000000000	146.64169340588
2.0060000000000	146.28264029104
2.0080000000000	145.92371019342
2.0100000000000	145.56490822946
2.0120000000000	145.20623974329
2.0140000000000	144.84771032910
2.0160000000000	144.48932585591
2.0180000000000	144.13109249495
2.0200000000000	143.77301674993
2.0220000000000	143.41510549072
2.0240000000000	143.05736599086
2.0260000000000	142.69980596932
2.0280000000000	142.34243363730
2.0300000000000	141.98525775076
2.0320000000000	141.62828766934
2.0340000000000	141.27153342294
2.0360000000000	140.91500578695
2.0380000000000	140.55871636756
2.0400000000000	140.20267769875
2.0420000000000	139.84690335302
2.0440000000000	139.49140806805
2.0460000000000	139.13620789213
2.0480000000000	138.78132035187
2.0500000000000	138.42676464590
2.0520000000000	138.07256186999
2.0540000000000	137.71873527915
2.0560000000000	137.36531059451
2.0580000000000	137.01231636392
2.0600000000000	136.65978438766
2.0620000000000	136.30775022359
2.0640000000000	135.95625378943
2.0660000000000	135.60534008480
2.0680000000000	135.25506006192
2.0700000000000	134.90547168181
2.0720000000000	134.55664120392
2.0740000000000	134.20864477178
2.0760000000000	133.86157037712
2.0780000000000	133.51552031217
2.0800000000000	133.17061425809
2.0820000000000	132.82699321060
2.0840000000000	132.48482452025
2.0860000000000	132.14430843506
2.0880000000000	131.80568669515
2.0900000000000	131.46925397188
2.0920000000000	131.13537331392
2.0940000000000	130.80449733929
2.0960000000000	130.47719783206
2.0980000000000	130.15420790766
2.1000000000000	129.83648344804
2.1020000000000	129.52529492763
2.1040000000000	129.22236874486
2.1060000000000	128.93011226946
2.1080000000000	128.65198679133
2.1100000000000	128.39315571139
2.1120000000000	128.16167817366
2.1140000000000	127.97087087661
2.1160000000000	127.84443152508
2.1180000000000	127.82900172651
2.1200000000000	128.03078683859
2.1220000000000	128.75507958480
2.1240000000000	131.38061900475
2.1260000000000	169.45023605052
2.1280000000000	-63.864846043060
2.1300000000000	-59.874351382050
2.1320000000000	-58.896488292648
2.1340000000000	-58.605066541029
2.1360000000000	-58.578032671814
2.1380000000000	-58.680370541486
2.1400000000000	-58.855566728617
2.1420000000000	-59.075799814400
2.1440000000000	-59.325782902549
2.1460000000000	-59.596418969772
2.1480000000000	-59.881955578230
2.1500000000000	-60.178576857456
2.1520000000000	-60.483651527820
2.1540000000000	-60.795306055968
2.1560000000000	-61.112169963342
2.1580000000000	-61.433217387493
2.1600000000000	-61.757664973256
2.1620000000000	-62.084904036409
2.1640000000000	-62.414454290390
2.1660000000000	-62.745931541968
2.1680000000000	-63.079024671888
2.1700000000000	-63.413478929423
2.1720000000000	-63.749083608773
2.1740000000000	-64.085662822612
2.1760000000000	-64.423068501252
2.1780000000000	-64.761175015330
2.1800000000000	-65.099874999163
2.1820000000000	-65.439076073256
2.1840000000000	-65.778698247999
2.1860000000000	-66.118671848938
2.1880000000000	-66.458935845379
2.1900000000000	-66.799436493739
2.1920000000000	-67.140126228650
2.1940000000000	-67.480962750591
2.1960000000000	-67.821908270632
2.1980000000000	-68.162928881615
2.2000000000000	-68.503994031777
2.2020000000000	-68.845076081887
2.2040000000000	-69.186149930856
2.2060000000000	-69.527192697798
2.2080000000000	-69.868183450877
2.2100000000000	-70.209102975125
2.2120000000000	-70.549933572852
2.2140000000000	-70.890658891474
2.2160000000000	-71.231263774453
2.2180000000000	-71.571734131847
2.2200000000000	-71.912056827523
2.2220000000000	-72.252219580613
2.2240000000000	-72.592210879154
2.2260000000000	-72.932019904218
2.2280000000000	-73.271636463083
2.2300000000000	-73.611050930215
2.2320000000000	-73.950254195040
2.2340000000000	-74.289237615620
2.2360000000000	-74.627992977471
2.2380000000000	-74.966512456882
2.2400000000000	-75.304788588189
2.2420000000000	-75.642814234514
2.2440000000000	-75.980582561555
2.2460000000000	-76.318087014079
2.2480000000000	-76.655321294800
2.2500000000000	-76.992279345372
2.2520000000000	-77.328955329257
2.2540000000000	-77.665343616273
2.2560000000000	-78.001438768620
2.2580000000000	-78.337235528247
2.2600000000000	-78.672728805408
2.2620000000000	-79.007913668274
2.2640000000000	-79.342785333517
2.2660000000000	-79.677339157739
2.2680000000000	-80.011570629688
2.2700000000000	-80.345475363156
2.2720000000000	-80.679049090521
2.2740000000000	-81.012287656845
2.2760000000000	-81.345187014488
2.2780000000000	-81.677743218195
2.2800000000000	-82.009952420590
2.2820000000000	-82.341810868066
2.2840000000000	-82.673314897013
2.2860000000000	-83.004460930363
2.2880000000000	-83.335245474422
2.2900000000000	-83.665665115965
2.2920000000000	-83.995716519569
2.2940000000000	-84.325396425152
2.2960000000000	-84.654701645727
2.2980000000000	-84.983629065322
2.3000000000000	-85.312175637067
2.3020000000000	-85.640338381439
2.3040000000000	-85.968114384630
2.3060000000000	-86.295500797057
2.3080000000000	-86.622494831969
2.3100000000000	-86.949093764171
2.3120000000000	-87.275294928840
2.3140000000000	-87.601095720426
2.3160000000000	-87.926493591631
2.3180000000000	-88.251486052468
2.3200000000000	-88.576070669382
2.3220000000000	-88.900245064428
2.3240000000000	-89.224006914511
2.3260000000000	-89.547353950669
2.3280000000000	-89.870283957413
2.3300000000000	-90.192794772094
2.3320000000000	-90.514884284321
2.3340000000000	-90.836550435406
2.3360000000000	-91.157791217840
2.3380000000000	-91.478604674804
2.3400000000000	-91.798988899696
2.3420000000000	-92.118942035688
2.3440000000000	-92.438462275303
2.3460000000000	-92.757547860005
2.3480000000000	-93.076197079813
2.3500000000000	-93.394408272925
2.3520000000000	-93.712179825353
2.3540000000000	-94.029510170579
2.3560000000000	-94.346397789210
2.3580000000000	-94.662841208649
2.3600000000000	-94.978839002767
2.3620000000000	-95.294389791593
2.3640000000000	-95.609492240998
2.3660000000000	-95.924145062384
2.3680000000000	-96.238347012389
2.3700000000000	-96.552096892581
2.3720000000000	-96.865393549158
2.3740000000000	-97.178235872656
2.3760000000000	-97.490622797652
2.3780000000000	-97.802553302465
2.3800000000000	-98.114026408864
2.3820000000000	-98.425041181771
2.3840000000000	-98.735596728967
2.3860000000000	-99.045692200786
2.3880000000000	-99.355326789824
2.3900000000000	-99.664499730633
2.3920000000000	-99.973210299418
2.3940000000000	-100.28145781373
2.3960000000000	-100.58924163216
2.3980000000000	-100.89656115403
2.4000000000000	-101.20341581905
2.4020000000000	-101.50980510707
2.4040000000000	-101.81572853768
2.4060000000000	-102.12118566992
2.4080000000000	-102.42617610197
2.4100000000000	-102.73069947081
2.4120000000000	-103.03475545186
2.4140000000000	-103.33834375867
2.4160000000000	-103.64146414258
2.4180000000000	-103.94411639237
2.4200000000000	-104.24630033391
2.4220000000000	-104.54801582981
2.4240000000000	-104.84926277906
2.4260000000000	-105.15004111671
2.4280000000000	-105.45035081346
2.4300000000000	-105.75019187532
2.4320000000000	-106.04956434326
2.4340000000000	-106.34846829281
2.4360000000000	-106.64690383370
2.4380000000000	-106.94487110950
2.4400000000000	-107.24237029722
2.4420000000000	-107.53940160696
2.4440000000000	-107.83596528149
2.4460000000000	-108.13206159588
2.4480000000000	-108.42769085715
2.4500000000000	-108.72285340381
2.4520000000000	-109.01754960553
2.4540000000000	-109.31177986272
2.4560000000000	-109.60554460615
2.4580000000000	-109.89884429651
2.4600000000000	-110.19167942410
2.4620000000000	-110.48405050832
2.4640000000000	-110.77595809737
2.4660000000000	-111.06740276779
2.4680000000000	-111.35838512406
2.4700000000000	-111.64890579822
2.4720000000000	-111.93896544947
2.4740000000000	-112.22856476372
2.4760000000000	-112.51770445323
2.4780000000000	-112.80638525618
2.4800000000000	-113.09460793628
2.4820000000000	-113.38237328235
2.4840000000000	-113.66968210792
2.4860000000000	-113.95653525083
2.4880000000000	-114.24293357280
2.4900000000000	-114.52887795904
2.4920000000000	-114.81436931787
2.4940000000000	-115.09940858026
2.4960000000000	-115.38399669948
2.4980000000000	-115.66813465065
2.5000000000000	-115.95182343036
2.5020000000000	-116.23506405630
2.5040000000000	-116.51785756678
2.5060000000000	-116.80020502041
2.5080000000000	-117.08210749566
2.5100000000000	-117.36356609046
2.5120000000000	-117.64458192183
2.5140000000000	-117.92515612548
2.5160000000000	-118.20528985538
2.5180000000000	-118.48498428343
2.5200000000000	-118.76424059903
2.5220000000000	-119.04306000869
2.5240000000000	-119.32144373568
2.5260000000000	-119.59939301961
2.5280000000000	-119.87690911609
2.5300000000000	-120.15399329629
2.5320000000000	-120.43064684662
2.5340000000000	-120.70687106834
2.5360000000000	-120.98266727719
2.5380000000000	-121.25803680298
2.5400000000000	-121.53298098931
2.5420000000000	-121.80750119311
2.5440000000000	-122.08159878435
2.5460000000000	-122.35527514565
2.5480000000000	-122.62853167192
2.5500000000000	-122.90136977002
2.5520000000000	-123.17379085842
2.5540000000000	-123.44579636681
2.5560000000000	-123.71738773581
2.5580000000000	-123.98856641659
2.5600000000000	-124.25933387054
2.5620000000000	-124.52969156894
2.5640000000000	-124.79964099265
2.5660000000000	-125.06918363171
2.5680000000000	-125.33832098510
2.5700000000000	-125.60705456036
2.5720000000000	-125.87538587330
2.5740000000000	-126.14331644767
2.5760000000000	-126.41084781482
2.5780000000000	-126.67798151347
2.5800000000000	-126.94471908931
2.5820000000000	-127.21106209477
2.5840000000000	-127.47701208865
2.5860000000000	-127.74257063591
2.5880000000000	-128.00773930730
2.5900000000000	-128.27251967911
2.5920000000000	-128.53691333286
2.5940000000000	-128.80092185506
2.5960000000000	-129.06454683687
2.5980000000000	-129.32778987388
2.6000000000000	-129.59065256579
2.6020000000000	-129.85313651618
2.6040000000000	-130.11524333223
2.6060000000000	-130.37697462444
2.6080000000000	-130.63833200640
2.6100000000000	-130.89931709451
2.6120000000000	-131.15993150775
2.6140000000000	-131.42017686740
2.6160000000000	-131.68005479685
2.6180000000000	-131.93956692128
2.6200000000000	-132.19871486749
2.6220000000000	-132.45750026365
2.6240000000000	-132.71592473903
2.6260000000000	-132.97398992382
2.6280000000000	-133.23169744886
2.6300000000000	-133.48904894548
2.6320000000000	-133.74604604521
2.6340000000000	-134.00269037963
2.6360000000000	-134.25898358009
2.6380000000000	-134.51492727758
2.6400000000000	-134.77052310246
2.6420000000000	-135.02577268428
2.6440000000000	-135.28067765161
2.6460000000000	-135.53523963180
2.6480000000000	-135.78946025081
2.6500000000000	-136.04334113301
2.6520000000000	-136.29688390102
2.6540000000000	-136.55009017550
2.6560000000000	-136.80296157498
2.6580000000000	-137.05549971569
2.6600000000000	-137.30770621136
2.6620000000000	-137.55958267311
2.6640000000000	-137.81113070920
2.6660000000000	-138.06235192494
2.6680000000000	-138.31324792249
2.6700000000000	-138.56382030070
2.6720000000000	-138.81407065497
2.6740000000000	-139.06400057709
2.6760000000000	-139.31361165511
2.6780000000000	-139.56290547316
2.6800000000000	-139.81188361131
2.6820000000000	-140.06054764547
2.6840000000000	-140.30889914721
2.6860000000000	-140.55693968362
2.6880000000000	-140.80467081724
2.6900000000000	-141.05209410583
2.6920000000000	-141.29921110235
2.6940000000000	-141.54602335474
2.6960000000000	-141.79253240586
2.6980000000000	-142.03873979337
2.7000000000000	-142.28464704957
2.7020000000000	-142.53025570131
2.7040000000000	-142.77556726990
2.7060000000000	-143.02058327095
2.7080000000000	-143.26530521434
2.7100000000000	-143.50973460401
2.7120000000000	-143.75387293797
2.7140000000000	-143.99772170812
2.7160000000000	-144.24128240018
2.7180000000000	-144.48455649360
2.7200000000000	-144.72754546146
2.7220000000000	-144.97025077040
2.7240000000000	-145.21267388050
2.7260000000000	-145.45481624520
2.7280000000000	-145.69667931123
2.7300000000000	-145.93826451855
2.7320000000000	-146.17957330021
2.7340000000000	-146.42060708233
2.7360000000000	-146.66136728398
2.7380000000000	-146.90185531716
2.7400000000000	-147.14207258666
2.7420000000000	-147.38202049007
2.7440000000000	-147.62170041764
2.7460000000000	-147.86111375227
2.7480000000000	-148.10026186940
2.7500000000000	-148.33914613700
2.7520000000000	-148.57776791547
2.7540000000000	-148.81612855758
2.7560000000000	-149.05422940846
2.7580000000000	-149.29207180551
2.7600000000000	-149.52965707833
2.7620000000000	-149.76698654871
2.7640000000000	-150.00406153059
2.7660000000000	-150.24088332994
2.7680000000000	-150.47745324480
2.7700000000000	-150.71377256519
2.7720000000000	-150.94984257308
2.7740000000000	-151.18566454232
2.7760000000000	-151.42123973868
2.7780000000000	-151.65656941972
2.7800000000000	-151.89165483480
2.7820000000000	-152.12649722507
2.7840000000000	-152.36109782339
2.7860000000000	-152.59545785430
2.7880000000000	-152.82957853403
2.7900000000000	-153.06346107046
2.7920000000000	-153.29710666306
2.7940000000000	-153.53051650290
2.7960000000000	-153.76369177261
2.7980000000000	-153.99663364635
2.8000000000000	-154.22934328982
2.8020000000000	-154.46182186021
2.8040000000000	-154.69407050618
2.8060000000000	-154.92609036787
2.8080000000000	-155.15788257685
2.8100000000000	-155.38944825613
2.8120000000000	-155.62078852014
2.8140000000000	-155.85190447470
2.8160000000000	-156.08279721703
2.8180000000000	-156.31346783574
2.8200000000000	-156.54391741080
2.8220000000000	-156.77414701356
2.8240000000000	-157.00415770670
2.8260000000000	-157.23395054429
2.8280000000000	-157.46352657170
2.8300000000000	-157.69288682568
2.8320000000000	-157.92203233430
2.8340000000000	-158.15096411697
2.8360000000000	-158.37968318444
2.8380000000000	-158.60819053880
2.8400000000000	-158.83648717346
2.8420000000000	-159.06457407319
2.8440000000000	-159.29245221408
2.8460000000000	-159.52012256358
2.8480000000000	-159.74758608049
2.8500000000000	-159.97484371496
2.8520000000000	-160.20189640849
2.8540000000000	-160.42874509398
2.8560000000000	-160.65539069567
2.8580000000000	-160.88183412921
2.8600000000000	-161.10807630164
2.8620000000000	-161.33411811140
2.8640000000000	-161.55996044835
2.8660000000000	-161.78560419377
2.8680000000000	-162.01105022040
2.8700000000000	-162.23629939242
2.8720000000000	-162.46135256547
2.8740000000000	-162.68621058670
2.8760000000000	-162.91087429472
2.8780000000000	-163.13534451970
2.8800000000000	-163.35962208331
2.8820000000000	-163.58370779877
2.8840000000000	-163.80760247088
2.8860000000000	-164.03130689602
2.8880000000000	-164.25482186218
2.8900000000000	-164.47814814897
2.8920000000000	-164.70128652763
2.8940000000000	-164.92423776110
2.8960000000000	-165.14700260399
2.8980000000000	-165.36958180261
2.9000000000000	-165.59197609503
2.9020000000000	-165.81418621106
2.9040000000000	-166.03621287228
2.9060000000000	-166.25805679210
2.9080000000000	-166.47971867574
2.9100000000000	-166.70119922029
2.9120000000000	-166.92249911472
2.9140000000000	-167.14361903990
2.9160000000000	-167.36455966863
2.9180000000000	-167.58532166568
2.9200000000000	-167.80590568781
2.9220000000000	-168.02631238381
2.9240000000000	-168.24654239448
2.9260000000000	-168.46659635274
2.9280000000000	-168.68647488358
2.9300000000000	-168.90617860414
2.9320000000000	-169.12570812372
2.9340000000000	-169.34506404383
2.9360000000000	-169.56424695819
2.9380000000000	-169.78325745278
2.9400000000000	-170.00209610587
2.9420000000000	-170.22076348807
2.9440000000000	-170.43926016231
2.9460000000000	-170.65758668394
2.9480000000000	-170.87574360072
2.9500000000000	-171.09373145284
2.9520000000000	-171.31155077302
2.9540000000000	-171.52920208647
2.9560000000000	-171.74668591097
2.9580000000000	-171.96400275688
2.9600000000000	-172.18115312719
2.9620000000000	-172.39813751756
2.9640000000000	-172.61495641634
2.9660000000000	-172.83161030460
2.9680000000000	-173.04809965620
2.9700000000000	-173.26442493780
2.9720000000000	-173.48058660888
2.9740000000000	-173.69658512182
2.9760000000000	-173.91242092190
2.9780000000000	-174.12809444738
2.9800000000000	-174.34360612947
2.9820000000000	-174.55895639243
2.9840000000000	-174.77414565359
2.9860000000000	-174.98917432337
2.9880000000000	-175.20404280534
2.9900000000000	-175.41875149625
2.9920000000000	-175.63330078607
2.9940000000000	-175.84769105801
2.9960000000000	-176.06192268861
2.9980000000000	-176.27599604771
3.0000000000000	-176.48991149855
3.0020000000000	-176.70366939779
3.0040000000000	-176.91727009552
3.0060000000000	-177.13071393534
3.0080000000000	-177.34400125439
3.0100000000000	-177.55713238338
3.0120000000000	-177.77010764662
3.0140000000000	-177.98292736211
3.0160000000000	-178.19559184150
3.0180000000000	-178.40810139023
3.0200000000000	-178.62045630747
3.0220000000000	-178.83265688624
3.0240000000000	-179.04470341341
3.0260000000000	-179.25659616974
3.0280000000000	-179.46833542996
3.0300000000000	-179.67992146276
3.0320000000000	-179.89135453086
3.0340000000000	179.89736510896
3.0360000000000	179.68623720578
3.0380000000000	179.47526151458
3.0400000000000	179.26443779610
3.0420000000000	179.05376581687
3.0440000000000	178.84324534916
3.0460000000000	178.63287617089
3.0480000000000	178.42265806563
3.0500000000000	178.21259082257
3.0520000000000	178.00267423643
3.0540000000000	177.79290810746
3.0560000000000	177.58329224136
3.0580000000000	177.37382644929
3.0600000000000	177.16451054778
3.0620000000000	176.95534435870
3.0640000000000	176.74632770924
3.0660000000000	176.53746043183
3.0680000000000	176.32874236413
3.0700000000000	176.12017334898
3.0720000000000	175.91175323432
3.0740000000000	175.70348187323
3.0760000000000	175.49535912381
3.0780000000000	175.28738484915
3.0800000000000	175.07955891733
3.0820000000000	174.87188120134
3.0840000000000	174.66435157904
3.0860000000000	174.45696993314
3.0880000000000	174.24973615114
3.0900000000000	174.04265012527
3.0920000000000	173.83571175248
3.0940000000000	173.62892093440
3.0960000000000	173.42227757727
3.0980000000000	173.21578159189
3.1000000000000	173.00943289364
3.1020000000000	172.80323140236
3.1040000000000	172.59717704235
3.1060000000000	172.39126974233
3.1080000000000	172.18550943539
3.1100000000000	171.97989605894
3.1120000000000	171.77442955467
3.1140000000000	171.56910986851
3.1160000000000	171.36393695061
3.1180000000000	171.15891075525
3.1200000000000	170.95403124085
3.1220000000000	170.74929836989
3.1240000000000	170.54471210888
3.1260000000000	170.34027242832
3.1280000000000	170.13597930267
3.1300000000000	169.93183271030
3.1320000000000	169.72783263342
3.1340000000000	169.52397905807
3.1360000000000	169.32027197410
3.1380000000000	169.11671137507
3.1400000000000	168.91329725826
3.1420000000000	168.71002962457
3.1440000000000	168.50690847857
3.1460000000000	168.30393382837
3.1480000000000	168.10110568562
3.1500000000000	167.89842406548
3.1520000000000	167.69588898654
3.1540000000000	167.49350047081
3.1560000000000	167.29125854369
3.1580000000000	167.08916323388
3.1600000000000	166.88721457339
3.1620000000000	166.68541259748
3.1640000000000	166.48375734462
3.1660000000000	166.28224885643
3.1680000000000	166.08088717769
3.1700000000000	165.87967235625
3.1720000000000	165.67860444301
3.1740000000000	165.47768349190
3.1760000000000	165.27690955980
3.1780000000000	165.07628270653
3.1800000000000	164.87580299480
3.1820000000000	164.67547049017
3.1840000000000	164.47528526102
3.1860000000000	164.27524737851
3.1880000000000	164.07535691652
3.1900000000000	163.87561395163
3.1920000000000	163.67601856309
3.1940000000000	163.47657083277
3.1960000000000	163.27727084511
3.1980000000000	163.07811868710
3.2000000000000	162.87911444824
#
#"Frequency / GHz"	"S2,4 [Phase / deg]"
#--------------------------------------
1.2000000000000	-108.84656208969
1.2020000000000	-109.02134069682
1.2040000000000	-109.19634480008
1.2060000000000	-109.37157612599
1.2080000000000	-109.54703641411
1.2100000000000	-109.72272741698
1.2120000000000	-109.89865090007
1.2140000000000	-110.07480864170
1.2160000000000	-110.25120243298
1.2180000000000	-110.42783407772
1.2200000000000	-110.60470539238
1.2220000000000	-110.78181820595
1.2240000000000	-110.95917435992
1.2260000000000	-111.13677570811
1.2280000000000	-111.31462411664
1.2300000000000	-111.49272146380
1.2320000000000	-111.67106963995
1.2340000000000	-111.84967054742
1.2360000000000	-112.02852610037
1.2380000000000	-112.20763822471
1.2400000000000	-112.38700885792
1.2420000000000	-112.56663994898
1.2440000000000	-112.74653345820
1.2460000000000	-112.92669135709
1.2480000000000	-113.10711562821
1.2500000000000	-113.28780826501
1.2520000000000	-113.46877127171
1.2540000000000	-113.65000666311
1.2560000000000	-113.83151646442
1.2580000000000	-114.01330271110
1.2600000000000	-114.19536744867
1.2620000000000	-114.37771273254
1.2640000000000	-114.56034062783
1.2660000000000	-114.74325320912
1.2680000000000	-114.92645256031
1.2700000000000	-115.10994077438
1.2720000000000	-115.29371995318
1.2740000000000	-115.47779220722
1.2760000000000	-115.66215965541
1.2780000000000	-115.84682442488
1.2800000000000	-116.03178865070
1.2820000000000	-116.21705447562
1.2840000000000	-116.40262404987
1.2860000000000	-116.58849953085
1.2880000000000	-116.77468308289
1.2900000000000	-116.96117687698
1.2920000000000	-117.14798309045
1.2940000000000	-117.33510390674
1.2960000000000	-117.52254151504
1.2980000000000	-117.71029811005
1.3000000000000	-117.89837589165
1.3020000000000	-118.08677706454
1.3040000000000	-118.27550383800
1.3060000000000	-118.46455842546
1.3080000000000	-118.65394304426
1.3100000000000	-118.84365991522
1.3120000000000	-119.03371126235
1.3140000000000	-119.22409931245
1.3160000000000	-119.41482629474
1.3180000000000	-119.60589444051
1.3200000000000	-119.79730598272
1.3220000000000	-119.98906315560
1.3240000000000	-120.18116819426
1.3260000000000	-120.37362333427
1.3280000000000	-120.56643081127
1.3300000000000	-120.75959286052
1.3320000000000	-120.95311171646
1.3340000000000	-121.14698961232
1.3360000000000	-121.34122877960
1.3380000000000	-121.53583144769
1.3400000000000	-121.73079984332
1.3420000000000	-121.92613619017
1.3440000000000	-122.12184270833
1.3460000000000	-122.31792161386
1.3480000000000	-122.51437511824
1.3500000000000	-122.71120542790
1.3520000000000	-122.90841474371
1.3540000000000	-123.10600526042
1.3560000000000	-123.30397916618
1.3580000000000	-123.50233864197
1.3600000000000	-123.70108586106
1.3620000000000	-123.90022298846
1.3640000000000	-124.09975218035
1.3660000000000	-124.29967558354
1.3680000000000	-124.49999533484
1.3700000000000	-124.70071356052
1.3720000000000	-124.90183237568
1.3740000000000	-125.10335388368
1.3760000000000	-125.30528017551
1.3780000000000	-125.50761332918
1.3800000000000	-125.71035540910
1.3820000000000	-125.91350846544
1.3840000000000	-126.11707453348
1.3860000000000	-126.32105563297
1.3880000000000	-126.52545376751
1.3900000000000	-126.73027092383
1.3920000000000	-126.93550907114
1.3940000000000	-127.14117016048
1.3960000000000	-127.34725612401
1.3980000000000	-127.55376887434
1.4000000000000	-127.76071030380
1.4020000000000	-127.96808228376
1.4040000000000	-128.17588666394
1.4060000000000	-128.38412527166
1.4080000000000	-128.59279991112
1.4100000000000	-128.80191236271
1.4120000000000	-129.01146438222
1.4140000000000	-129.22145770017
1.4160000000000	-129.43189402098
1.4180000000000	-129.64277502231
1.4200000000000	-129.85410235424
1.4220000000000	-130.06587763855
1.4240000000000	-130.27810246793
1.4260000000000	-130.49077840523
1.4280000000000	-130.70390698269
1.4300000000000	-130.91748970115
1.4320000000000	-131.13152802927
1.4340000000000	-131.34602340276
1.4360000000000	-131.56097722361
1.4380000000000	-131.77639085926
1.4400000000000	-131.99226564184
1.4420000000000	-132.20860286736
1.4440000000000	-132.42540379495
1.4460000000000	-132.64266964603
1.4480000000000	-132.86040160349
1.4500000000000	-133.07860081098
1.4520000000000	-133.29726837201
1.4540000000000	-133.51640534922
1.4560000000000	-133.73601276355
1.4580000000000	-133.95609159345
1.4600000000000	-134.17664277410
1.4620000000000	-134.39766719658
1.4640000000000	-134.61916570710
1.4660000000000	-134.84113910619
1.4680000000000	-135.06358814794
1.4700000000000	-135.28651353919
1.4720000000000	-135.50991593874
1.4740000000000	-135.73379595659
1.4760000000000	-135.95815415317
1.4780000000000	-136.18299103852
1.4800000000000	-136.40830707160
1.4820000000000	-136.63410265945
1.4840000000000	-136.86037815651
1.4860000000000	-137.08713386381
1.4880000000000	-137.31437002827
1.4900000000000	-137.54208684194
1.4920000000000	-137.77028444129
1.4940000000000	-137.99896290650
1.4960000000000	-138.22812226071
1.4980000000000	-138.45776246937
1.5000000000000	-138.68788343954
1.5020000000000	-138.91848501918
1.5040000000000	-139.14956699650
1.5060000000000	-139.38112909934
1.5080000000000	-139.61317099446
1.5100000000000	-139.84569228695
1.5120000000000	-140.07869251960
1.5140000000000	-140.31217117229
1.5160000000000	-140.54612766142
1.5180000000000	-140.78056133929
1.5200000000000	-141.01547149360
1.5220000000000	-141.25085734683
1.5240000000000	-141.48671805578
1.5260000000000	-141.72305271102
1.5280000000000	-141.95986033638
1.5300000000000	-142.19713988852
1.5320000000000	-142.43489025644
1.5340000000000	-142.67311026104
1.5360000000000	-142.91179865469
1.5380000000000	-143.15095412086
1.5400000000000	-143.39057527373
1.5420000000000	-143.63066065781
1.5440000000000	-143.87120874762
1.5460000000000	-144.11221794736
1.5480000000000	-144.35368659067
1.5500000000000	-144.59561294027
1.5520000000000	-144.83799518781
1.5540000000000	-145.08083145357
1.5560000000000	-145.32411978631
1.5580000000000	-145.56785816310
1.5600000000000	-145.81204448913
1.5620000000000	-146.05667659765
1.5640000000000	-146.30175224982
1.5660000000000	-146.54726913470
1.5680000000000	-146.79322486916
1.5700000000000	-147.03961699788
1.5720000000000	-147.28644299342
1.5740000000000	-147.53370025617
1.5760000000000	-147.78138611452
1.5780000000000	-148.02949782490
1.5800000000000	-148.27803257195
1.5820000000000	-148.52698746864
1.5840000000000	-148.77635955653
1.5860000000000	-149.02614580593
1.5880000000000	-149.27634311621
1.5900000000000	-149.52694831602
1.5920000000000	-149.77795816370
1.5940000000000	-150.02936934753
1.5960000000000	-150.28117848619
1.5980000000000	-150.53338212914
1.6000000000000	-150.78597675706
1.6020000000000	-151.03895878234
1.6040000000000	-151.29232454960
1.6060000000000	-151.54607033622
1.6080000000000	-151.80019235291
1.6100000000000	-152.05468674434
1.6120000000000	-152.30954958977
1.6140000000000	-152.56477690372
1.6160000000000	-152.82036463670
1.6180000000000	-153.07630867590
1.6200000000000	-153.33260484604
1.6220000000000	-153.58924891010
1.6240000000000	-153.84623657021
1.6260000000000	-154.10356346850
1.6280000000000	-154.36122518801
1.6300000000000	-154.61921725361
1.6320000000000	-154.87753513299
1.6340000000000	-155.13617423765
1.6360000000000	-155.39512992392
1.6380000000000	-155.65439749404
1.6400000000000	-155.91397219725
1.6420000000000	-156.17384923089
1.6440000000000	-156.43402374158
1.6460000000000	-156.69449082641
1.6480000000000	-156.95524553410
1.6500000000000	-157.21628286632
1.6520000000000	-157.47759777890
1.6540000000000	-157.73918518314
1.6560000000000	-158.00103994715
1.6580000000000	-158.26315689722
1.6600000000000	-158.52553081915
1.6620000000000	-158.78815645968
1.6640000000000	-159.05102852795
1.6660000000000	-159.31414169691
1.6680000000000	-159.57749060482
1.6700000000000	-159.84106985675
1.6720000000000	-160.10487402612
1.6740000000000	-160.36889765624
1.6760000000000	-160.63313526186
1.6780000000000	-160.89758133077
1.6800000000000	-161.16223032545
1.6820000000000	-161.42707668464
1.6840000000000	-161.69211482500
1.6860000000000	-161.95733914281
1.6880000000000	-162.22274401563
1.6900000000000	-162.48832380397
1.6920000000000	-162.75407285305
1.6940000000000	-163.01998549448
1.6960000000000	-163.28605604805
1.6980000000000	-163.55227882344
1.7000000000000	-163.81864812197
1.7020000000000	-164.08515823844
1.7040000000000	-164.35180346283
1.7060000000000	-164.61857808217
1.7080000000000	-164.88547638227
1.7100000000000	-165.15249264957
1.7120000000000	-165.41962117292
1.7140000000000	-165.68685624543
1.7160000000000	-165.95419216626
1.7180000000000	-166.22162324243
1.7200000000000	-166.48914379071
1.7220000000000	-166.75674813935
1.7240000000000	-167.02443062998
1.7260000000000	-167.29218561939
1.7280000000000	-167.56000748137
1.7300000000000	-167.82789060853
1.7320000000000	-168.09582941408
1.7340000000000	-168.36381833369
1.7360000000000	-168.63185182722
1.7380000000000	-168.89992438060
1.7400000000000	-169.16803050754
1.7420000000000	-169.43616475136
1.7440000000000	-169.70432168671
1.7460000000000	-169.97249592136
1.7480000000000	-170.24068209794
1.7500000000000	-170.50887489566
1.7520000000000	-170.77706903201
1.7540000000000	-171.04525926453
1.7560000000000	-171.31344039239
1.7580000000000	-171.58160725815
1.7600000000000	-171.84975474938
1.7620000000000	-172.11787780029
1.7640000000000	-172.38597139335
1.7660000000000	-172.65403056088
1.7680000000000	-172.92205038663
1.7700000000000	-173.19002600733
1.7720000000000	-173.45795261424
1.7740000000000	-173.72582545461
1.7760000000000	-173.99363983321
1.7780000000000	-174.26139111378
1.7800000000000	-174.52907472043
1.7820000000000	-174.79668613911
1.7840000000000	-175.06422091892
1.7860000000000	-175.33167467352
1.7880000000000	-175.59904308242
1.7900000000000	-175.86632189232
1.7920000000000	-176.13350691832
1.7940000000000	-176.40059404521
1.7960000000000	-176.66757922865
1.7980000000000	-176.93445849637
1.8000000000000	-177.20122794929
1.8020000000000	-177.46788376265
1.8040000000000	-177.73442218711
1.8060000000000	-178.00083954976
1.8080000000000	-178.26713225517
1.8100000000000	-178.53329678637
1.8120000000000	-178.79932970578
1.8140000000000	-179.06522765617
1.8160000000000	-179.33098736148
1.8180000000000	-179.59660562771
1.8200000000000	-179.86207934374
1.8220000000000	179.87259451795
1.8240000000000	179.60741890046
1.8260000000000	179.34239666184
1.8280000000000	179.07753057435
1.8300000000000	178.81282332391
1.8320000000000	178.54827750941
1.8340000000000	178.28389564222
1.8360000000000	178.01968014564
1.8380000000000	177.75563335441
1.8400000000000	177.49175751427
1.8420000000000	177.22805478154
1.8440000000000	176.96452722274
1.8460000000000	176.70117681426
1.8480000000000	176.43800544205
1.8500000000000	176.17501490135
1.8520000000000	175.91220689648
1.8540000000000	175.64958304062
1.8560000000000	175.38714485569
1.8580000000000	175.12489377219
1.8600000000000	174.86283112915
1.8620000000000	174.60095817406
1.8640000000000	174.33927606289
1.8660000000000	174.07778586010
1.8680000000000	173.81648853869
1.8700000000000	173.55538498033
1.8720000000000	173.29447597546
1.8740000000000	173.03376222350
1.8760000000000	172.77324433302
1.8780000000000	172.51292282200
1.8800000000000	172.25279811810
1.8820000000000	171.99287055897
1.8840000000000	171.73314039260
1.8860000000000	171.47360777769
1.8880000000000	171.21427278409
1.8900000000000	170.95513539319
1.8920000000000	170.69619549847
1.8940000000000	170.43745290595
1.8960000000000	170.17890733479
1.8980000000000	169.92055841783
1.9000000000000	169.66240570221
1.9020000000000	169.40444865001
1.9040000000000	169.14668663894
1.9060000000000	168.88911896302
1.9080000000000	168.63174483334
1.9100000000000	168.37456337879
1.9120000000000	168.11757364690
1.9140000000000	167.86077460461
1.9160000000000	167.60416513918
1.9180000000000	167.34774405903
1.9200000000000	167.09151009467
1.9220000000000	166.83546189964
1.9240000000000	166.57959805145
1.9260000000000	166.32391705261
1.9280000000000	166.06841733163
1.9300000000000	165.81309724405
1.9320000000000	165.55795507354
1.9340000000000	165.30298903298
1.9360000000000	165.04819726558
1.9380000000000	164.79357784602
1.9400000000000	164.53912878165
1.9420000000000	164.28484801363
1.9440000000000	164.03073341820
1.9460000000000	163.77678280788
1.9480000000000	163.52299393273
1.9500000000000	163.26936448166
1.9520000000000	163.01589208370
1.9540000000000	162.76257430933
1.9560000000000	162.50940867183
1.9580000000000	162.25639262864
1.9600000000000	162.00352358272
1.9620000000000	161.75079888398
1.9640000000000	161.49821583067
1.9660000000000	161.24577167081
1.9680000000000	160.99346360365
1.9700000000000	160.74128878115
1.9720000000000	160.48924430943
1.9740000000000	160.23732725026
1.9760000000000	159.98553462263
1.9780000000000	159.73386340419
1.9800000000000	159.48231053283
1.9820000000000	159.23087290826
1.9840000000000	158.97954739349
1.9860000000000	158.72833081647
1.9880000000000	158.47721997163
1.9900000000000	158.22621162152
1.9920000000000	157.97530249836
1.9940000000000	157.72448930566
1.9960000000000	157.47376871989
1.9980000000000	157.22313739202
2.0000000000000	156.97259194924
2.0020000000000	156.72212899653
2.0040000000000	156.47174511834
2.0060000000000	156.22143688024
2.0080000000000	155.97120083056
2.0100000000000	155.72103350205
2.0120000000000	155.47093141354
2.0140000000000	155.22089107162
2.0160000000000	154.97090897225
2.0180000000000	154.72098160251
2.0200000000000	154.47110544218
2.0220000000000	154.22127696545
2.0240000000000	153.97149264257
2.0260000000000	153.72174894150
2.0280000000000	153.47204232960
2.0300000000000	153.22236927523
2.0320000000000	152.97272624947
2.0340000000000	152.72310972767
2.0360000000000	152.47351619120
2.0380000000000	152.22394212898
2.0400000000000	151.97438403916
2.0420000000000	151.72483843075
2.0440000000000	151.47530182517
2.0460000000000	151.22577075789
2.0480000000000	150.97624178003
2.0500000000000	150.72671145991
2.0520000000000	150.47717638460
2.0540000000000	150.22763316154
2.0560000000000	149.97807841999
2.0580000000000	149.72850881266
2.0600000000000	149.47892101713
2.0620000000000	149.22931173738
2.0640000000000	148.97967770530
2.0660000000000	148.73001568212
2.0680000000000	148.48032245986
2.0700000000000	148.23059486276
2.0720000000000	147.98082974870
2.0740000000000	147.73102401059
2.0760000000000	147.48117457773
2.0780000000000	147.23127841715
2.0800000000000	146.98133253495
2.0820000000000	146.73133397762
2.0840000000000	146.48127983330
2.0860000000000	146.23116723302
2.0880000000000	145.98099335199
2.0900000000000	145.73075541076
2.0920000000000	145.48045067641
2.0940000000000	145.23007646373
2.0960000000000	144.97963013634
2.0980000000000	144.72910910779
2.1000000000000	144.47851084262
2.1020000000000	144.22783285743
2.1040000000000	143.97707272191
2.1060000000000	143.72622805979
2.1080000000000	143.47529654982
2.1100000000000	143.22427592670
2.1120000000000	142.97316398197
2.1140000000000	142.72195856490
2.1160000000000	142.47065758326
2.1180000000000	142.21925900422
2.1200000000000	141.96776085501
2.1220000000000	141.71616122374
2.1240000000000	141.46445826008
2.1260000000000	141.21265017590
2.1280000000000	140.96073524594
2.1300000000000	140.70871180840
2.1320000000000	140.45657826549
2.1340000000000	140.20433308398
2.1360000000000	139.95197479570
2.1380000000000	139.69950199798
2.1400000000000	139.44691335409
2.1420000000000	139.19420759364
2.1440000000000	138.94138351291
2.1460000000000	138.68843997517
2.1480000000000	138.43537591100
2.1500000000000	138.18219031848
2.1520000000000	137.92888226345
2.1540000000000	137.67545087966
2.1560000000000	137.42189536892
2.1580000000000	137.16821500116
2.1600000000000	136.91440911459
2.1620000000000	136.66047711564
2.1640000000000	136.40641847900
2.1660000000000	136.15223274756
2.1680000000000	135.89791953236
2.1700000000000	135.64347851246
2.1720000000000	135.38890943481
2.1740000000000	135.13421211406
2.1760000000000	134.87938643233
2.1780000000000	134.62443233900
2.1800000000000	134.36934985041
2.1820000000000	134.11413904954
2.1840000000000	133.85880008567
2.1860000000000	133.60333317399
2.1880000000000	133.34773859520
2.1900000000000	133.09201669507
2.1920000000000	132.83616788394
2.1940000000000	132.58019263624
2.1960000000000	132.32409148995
2.1980000000000	132.06786504601
2.2000000000000	131.81151396776
2.2020000000000	131.55503898030
2.2040000000000	131.29844086981
2.2060000000000	131.04172048295
2.2080000000000	130.78487872606
2.2100000000000	130.52791656448
2.2120000000000	130.27083502181
2.2140000000000	130.01363517908
2.2160000000000	129.75631817396
2.2180000000000	129.49888519996
2.2200000000000	129.24133750554
2.2220000000000	128.98367639324
2.2240000000000	128.72590321883
2.2260000000000	128.46801939032
2.2280000000000	128.21002636708
2.2300000000000	127.95192565889
2.2320000000000	127.69371882490
2.2340000000000	127.43540747272
2.2360000000000	127.17699325738
2.2380000000000	126.91847788028
2.2400000000000	126.65986308822
2.2420000000000	126.40115067227
2.2440000000000	126.14234246677
2.2460000000000	125.88344034821
2.2480000000000	125.62444623416
2.2500000000000	125.36536208217
2.2520000000000	125.10618988866
2.2540000000000	124.84693168780
2.2560000000000	124.58758955036
2.2580000000000	124.32816558261
2.2600000000000	124.06866192518
2.2620000000000	123.80908075186
2.2640000000000	123.54942426850
2.2660000000000	123.28969471185
2.2680000000000	123.02989434835
2.2700000000000	122.77002547302
2.2720000000000	122.51009040827
2.2740000000000	122.25009150274
2.2760000000000	121.99003113014
2.2780000000000	121.72991168804
2.2800000000000	121.46973559676
2.2820000000000	121.20950529819
2.2840000000000	120.94922325461
2.2860000000000	120.68889194754
2.2880000000000	120.42851387659
2.2900000000000	120.16809155831
2.2920000000000	119.90762752505
2.2940000000000	119.64712432381
2.2960000000000	119.38658451512
2.2980000000000	119.12601067190
2.3000000000000	118.86540537836
2.3020000000000	118.60477122889
2.3040000000000	118.34411082694
2.3060000000000	118.08342678398
2.3080000000000	117.82272171834
2.3100000000000	117.56199825424
2.3120000000000	117.30125902065
2.3140000000000	117.04050665028
2.3160000000000	116.77974377857
2.3180000000000	116.51897304261
2.3200000000000	116.25819708020
2.3220000000000	115.99741852881
2.3240000000000	115.73664002460
2.3260000000000	115.47586420150
2.3280000000000	115.21509369021
2.3300000000000	114.95433111730
2.3320000000000	114.69357910426
2.3340000000000	114.43284026662
2.3360000000000	114.17211721307
2.3380000000000	113.91141254456
2.3400000000000	113.65072885347
2.3420000000000	113.39006872274
2.3440000000000	113.12943472511
2.3460000000000	112.86882942226
2.3480000000000	112.60825536407
2.3500000000000	112.34771508779
2.3520000000000	112.08721111737
2.3540000000000	111.82674596267
2.3560000000000	111.56632211879
2.3580000000000	111.30594206532
2.3600000000000	111.04560826573
2.3620000000000	110.78532316668
2.3640000000000	110.52508919736
2.3660000000000	110.26490876890
2.3680000000000	110.00478427379
2.3700000000000	109.74471808523
2.3720000000000	109.48471255664
2.3740000000000	109.22477002105
2.3760000000000	108.96489279064
2.3780000000000	108.70508315616
2.3800000000000	108.44534338651
2.3820000000000	108.18567572823
2.3840000000000	107.92608240504
2.3860000000000	107.66656561743
2.3880000000000	107.40712754226
2.3900000000000	107.14777033231
2.3920000000000	106.88849611595
2.3940000000000	106.62930699674
2.3960000000000	106.37020505313
2.3980000000000	106.11119233810
2.4000000000000	105.85227087886
2.4020000000000	105.59344267657
2.4040000000000	105.33470970604
2.4060000000000	105.07607391550
2.4080000000000	104.81753722637
2.4100000000000	104.55910153299
2.4120000000000	104.30076870244
2.4140000000000	104.04254057435
2.4160000000000	103.78441896074
2.4180000000000	103.52640564581
2.4200000000000	103.26850238585
2.4220000000000	103.01071090907
2.4240000000000	102.75303291553
2.4260000000000	102.49547007698
2.4280000000000	102.23802403681
2.4300000000000	101.98069641000
2.4320000000000	101.72348878302
2.4340000000000	101.46640271379
2.4360000000000	101.20943973169
2.4380000000000	100.95260133748
2.4400000000000	100.69588900336
2.4420000000000	100.43930417294
2.4440000000000	100.18284826124
2.4460000000000	99.926522654770
2.4480000000000	99.670328711548
2.4500000000000	99.414267761149
2.4520000000000	99.158341104779
2.4540000000000	98.902550015350
2.4560000000000	98.646895737566
2.4580000000000	98.391379488017
2.4600000000000	98.136002455292
2.4620000000000	97.880765800090
2.4640000000000	97.625670655346
2.4660000000000	97.370718126368
2.4680000000000	97.115909290979
2.4700000000000	96.861245199671
2.4720000000000	96.606726875763
2.4740000000000	96.352355315567
2.4760000000000	96.098131488570
2.4780000000000	95.844056337614
2.4800000000000	95.590130779084
2.4820000000000	95.336355703109
2.4840000000000	95.082731973764
2.4860000000000	94.829260429282
2.4880000000000	94.575941882266
2.4900000000000	94.322777119918
2.4920000000000	94.069766904261
2.4940000000000	93.816911972372
2.4960000000000	93.564213036624
2.4980000000000	93.311670784927
2.5000000000000	93.059285880976
2.5020000000000	92.807058964502
2.5040000000000	92.554990651526
2.5060000000000	92.303081534627
2.5080000000000	92.051332183197
2.5100000000000	91.799743143712
2.5120000000000	91.548314940001
2.5140000000000	91.297048073524
2.5160000000000	91.045943023643
2.5180000000000	90.795000247901
2.5200000000000	90.544220182309
2.5220000000000	90.293603241623
2.5240000000000	90.043149819636
2.5260000000000	89.792860289459
2.5280000000000	89.542735003816
2.5300000000000	89.292774295333
2.5320000000000	89.042978476827
2.5340000000000	88.793347841604
2.5360000000000	88.543882663752
2.5380000000000	88.294583198433
2.5400000000000	88.045449682183
2.5420000000000	87.796482333206
2.5440000000000	87.547681351673
2.5460000000000	87.299046920015
2.5480000000000	87.050579203223
2.5500000000000	86.802278349146
2.5520000000000	86.554144488784
2.5540000000000	86.306177736588
2.5560000000000	86.058378190756
2.5580000000000	85.810745933526
2.5600000000000	85.563281031473
2.5620000000000	85.315983535801
2.5640000000000	85.068853482641
2.5660000000000	84.821890893336
2.5680000000000	84.575095774740
2.5700000000000	84.328468119501
2.5720000000000	84.082007906354
2.5740000000000	83.835715100407
2.5760000000000	83.589589653427
2.5780000000000	83.343631504122
2.5800000000000	83.097840578427
2.5820000000000	82.852216789784
2.5840000000000	82.606760039419
2.5860000000000	82.361470216621
2.5880000000000	82.116347199018
2.5900000000000	81.871390852847
2.5920000000000	81.626601033231
2.5940000000000	81.381977584440
2.5960000000000	81.137520340166
2.5980000000000	80.893229123782
2.6000000000000	80.649103748609
2.6020000000000	80.405144018171
2.6040000000000	80.161349726457
2.6060000000000	79.917720658174
2.6080000000000	79.674256589001
2.6100000000000	79.430957285839
2.6120000000000	79.187822507057
2.6140000000000	78.944852002741
2.6160000000000	78.702045514933
2.6180000000000	78.459402777873
2.6200000000000	78.216923518237
2.6220000000000	77.974607455370
2.6240000000000	77.732454301518
2.6260000000000	77.490463762058
2.6280000000000	77.248635535724
2.6300000000000	77.006969314833
2.6320000000000	76.765464785503
2.6340000000000	76.524121627872
2.6360000000000	76.282939516315
2.6380000000000	76.041918119654
2.6400000000000	75.801057101370
2.6420000000000	75.560356119811
2.6440000000000	75.319814828392
2.6460000000000	75.079432875799
2.6480000000000	74.839209906190
2.6500000000000	74.599145559385
2.6520000000000	74.359239471063
2.6540000000000	74.119491272953
2.6560000000000	73.879900593015
2.6580000000000	73.640467055632
2.6600000000000	73.401190281788
2.6620000000000	73.162069889245
2.6640000000000	72.923105492722
2.6660000000000	72.684296704067
2.6680000000000	72.445643132429
2.6700000000000	72.207144384423
2.6720000000000	71.968800064294
2.6740000000000	71.730609774086
2.6760000000000	71.492573113793
2.6780000000000	71.254689681519
2.6800000000000	71.016959073637
2.6820000000000	70.779380884929
2.6840000000000	70.541954708747
2.6860000000000	70.304680137151
2.6880000000000	70.067556761055
2.6900000000000	69.830584170366
2.6920000000000	69.593761954127
2.6940000000000	69.357089700644
2.6960000000000	69.120566997630
2.6980000000000	68.884193432325
2.7000000000000	68.647968591631
2.7020000000000	68.411892062234
2.7040000000000	68.175963430728
2.7060000000000	67.940182283736
2.7080000000000	67.704548208027
2.7100000000000	67.469060790633
2.7120000000000	67.233719618960
2.7140000000000	66.998524280903
2.7160000000000	66.763474364949
2.7180000000000	66.528569460290
2.7200000000000	66.293809156919
2.7220000000000	66.059193045740
2.7240000000000	65.824720718662
2.7260000000000	65.590391768696
2.7280000000000	65.356205790056
2.7300000000000	65.122162378243
2.7320000000000	64.888261130145
2.7340000000000	64.654501644117
2.7360000000000	64.420883520075
2.7380000000000	64.187406359575
2.7400000000000	63.954069765898
2.7420000000000	63.720873344132
2.7440000000000	63.487816701244
2.7460000000000	63.254899446166
2.7480000000000	63.022121189860
2.7500000000000	62.789481545396
2.7520000000000	62.556980128024
2.7540000000000	62.324616555237
2.7560000000000	62.092390446843
2.7580000000000	61.860301425027
2.7600000000000	61.628349114419
2.7620000000000	61.396533142148
2.7640000000000	61.164853137909
2.7660000000000	60.933308734017
2.7680000000000	60.701899565467
2.7700000000000	60.470625269983
2.7720000000000	60.239485488076
2.7740000000000	60.008479863096
2.7760000000000	59.777608041276
2.7780000000000	59.546869671786
2.7800000000000	59.316264406780
2.7820000000000	59.085791901436
2.7840000000000	58.855451814003
2.7860000000000	58.625243805844
2.7880000000000	58.395167541477
2.7900000000000	58.165222688609
2.7920000000000	57.935408918182
2.7940000000000	57.705725904404
2.7960000000000	57.476173324785
2.7980000000000	57.246750860172
2.8000000000000	57.017458194781
2.8020000000000	56.788295016227
2.8040000000000	56.559261015555
2.8060000000000	56.330355887271
2.8080000000000	56.101579329364
2.8100000000000	55.872931043336
2.8120000000000	55.644410734226
2.8140000000000	55.416018110633
2.8160000000000	55.187752884741
2.8180000000000	54.959614772338
2.8200000000000	54.731603492836
2.8220000000000	54.503718769294
2.8240000000000	54.275960328431
2.8260000000000	54.048327900648
2.8280000000000	53.820821220040
2.8300000000000	53.593440024415
2.8320000000000	53.366184055304
2.8340000000000	53.139053057976
2.8360000000000	52.912046781453
2.8380000000000	52.685164978514
2.8400000000000	52.458407405713
2.8420000000000	52.231773823384
2.8440000000000	52.005263995649
2.8460000000000	51.778877690427
2.8480000000000	51.552614679442
2.8500000000000	51.326474738226
2.8520000000000	51.100457646125
2.8540000000000	50.874563186303
2.8560000000000	50.648791145748
2.8580000000000	50.423141315271
2.8600000000000	50.197613489508
2.8620000000000	49.972207466923
2.8640000000000	49.746923049809
2.8660000000000	49.521760044285
2.8680000000000	49.296718260296
2.8700000000000	49.071797511612
2.8720000000000	48.846997615824
2.8740000000000	48.622318394342
2.8760000000000	48.397759672392
2.8780000000000	48.173321279009
2.8800000000000	47.949003047035
2.8820000000000	47.724804813112
2.8840000000000	47.500726417673
2.8860000000000	47.276767704942
2.8880000000000	47.052928522919
2.8900000000000	46.829208723377
2.8920000000000	46.605608161853
2.8940000000000	46.382126697635
2.8960000000000	46.158764193759
2.8980000000000	45.935520516994
2.9000000000000	45.712395537832
2.9020000000000	45.489389130478
2.9040000000000	45.266501172840
2.9060000000000	45.043731546515
2.9080000000000	44.821080136774
2.9100000000000	44.598546832557
2.9120000000000	44.376131526450
2.9140000000000	44.153834114680
2.9160000000000	43.931654497095
2.9180000000000	43.709592577151
2.9200000000000	43.487648261898
2.9220000000000	43.265821461966
2.9240000000000	43.044112091545
2.9260000000000	42.822520068373
2.9280000000000	42.601045313717
2.9300000000000	42.379687752360
2.9320000000000	42.158447312579
2.9340000000000	41.937323926132
2.9360000000000	41.716317528235
2.9380000000000	41.495428057552
2.9400000000000	41.274655456168
2.9420000000000	41.053999669578
2.9440000000000	40.833460646662
2.9460000000000	40.613038339670
2.9480000000000	40.392732704201
2.9500000000000	40.172543699184
2.9520000000000	39.952471286856
2.9540000000000	39.732515432745
2.9560000000000	39.512676105647
2.9580000000000	39.292953277608
2.9600000000000	39.073346923901
2.9620000000000	38.853857023005
2.9640000000000	38.634483556585
2.9660000000000	38.415226509470
2.9680000000000	38.196085869631
2.9700000000000	37.977061628161
2.9720000000000	37.758153779249
2.9740000000000	37.539362320164
2.9760000000000	37.320687251225
2.9780000000000	37.102128575785
2.9800000000000	36.883686300206
2.9820000000000	36.665360433835
2.9840000000000	36.447150988985
2.9860000000000	36.229057980904
2.9880000000000	36.011081427763
2.9900000000000	35.793221350622
2.9920000000000	35.575477773414
2.9940000000000	35.357850722916
2.9960000000000	35.140340228732
2.9980000000000	34.922946323262
3.0000000000000	34.705669041682
3.0020000000000	34.488508421919
3.0040000000000	34.271464504630
3.0060000000000	34.054537333172
3.0080000000000	33.837726953583
3.0100000000000	33.621033414555
3.0120000000000	33.404456767411
3.0140000000000	33.187997066079
3.0160000000000	32.971654367070
3.0180000000000	32.755428729451
3.0200000000000	32.539320214821
3.0220000000000	32.323328887288
3.0240000000000	32.107454813442
3.0260000000000	31.891698062333
3.0280000000000	31.676058705443
3.0300000000000	31.460536816664
3.0320000000000	31.245132472271
3.0340000000000	31.029845750900
3.0360000000000	30.814676733520
3.0380000000000	30.599625503409
3.0400000000000	30.384692146132
3.0420000000000	30.169876749511
3.0440000000000	29.955179403605
3.0460000000000	29.740600200683
3.0480000000000	29.526139235197
3.0500000000000	29.311796603761
3.0520000000000	29.097572405123
3.0540000000000	28.883466740145
3.0560000000000	28.669479711769
3.0580000000000	28.455611425002
3.0600000000000	28.241861986885
3.0620000000000	28.028231506471
3.0640000000000	27.814720094798
3.0660000000000	27.601327864868
3.0680000000000	27.388054931617
3.0700000000000	27.174901411895
3.0720000000000	26.961867424439
3.0740000000000	26.748953089848
3.0760000000000	26.536158530560
3.0780000000000	26.323483870828
3.0800000000000	26.110929236692
3.0820000000000	25.898494755958
3.0840000000000	25.686180558173
3.0860000000000	25.473986774599
3.0880000000000	25.261913538190
3.0900000000000	25.049960983567
3.0920000000000	24.838129246997
3.0940000000000	24.626418466362
3.0960000000000	24.414828781144
3.0980000000000	24.203360332393
3.1000000000000	23.992013262707
3.1020000000000	23.780787716207
3.1040000000000	23.569683838517
3.1060000000000	23.358701776731
3.1080000000000	23.147841679402
3.1100000000000	22.937103696507
3.1120000000000	22.726487979431
3.1140000000000	22.515994680939
3.1160000000000	22.305623955156
3.1180000000000	22.095375957543
3.1200000000000	21.885250844870
3.1220000000000	21.675248775201
3.1240000000000	21.465369907863
3.1260000000000	21.255614403426
3.1280000000000	21.045982423682
3.1300000000000	20.836474131621
3.1320000000000	20.627089691407
3.1340000000000	20.417829268358
3.1360000000000	20.208693028920
3.1380000000000	19.999681140650
3.1400000000000	19.790793772189
3.1420000000000	19.582031093241
3.1440000000000	19.373393274552
3.1460000000000	19.164880487889
3.1480000000000	18.956492906015
3.1500000000000	18.748230702670
3.1520000000000	18.540094052547
3.1540000000000	18.332083131275
3.1560000000000	18.124198115391
3.1580000000000	17.916439182324
3.1600000000000	17.708806510373
3.1620000000000	17.501300278682
3.1640000000000	17.293920667224
3.1660000000000	17.086667856779
3.1680000000000	16.879542028911
3.1700000000000	16.672543365948
3.1720000000000	16.465672050963
3.1740000000000	16.258928267754
3.1760000000000	16.052312200821
3.1780000000000	15.845824035347
3.1800000000000	15.639463957180
3.1820000000000	15.433232152810
3.1840000000000	15.227128809351
3.1860000000000	15.021154114520
3.1880000000000	14.815308256619
3.1900000000000	14.609591424515
3.1920000000000	14.404003807620
3.1940000000000	14.198545595872
3.1960000000000	13.993216979717
3.1980000000000	13.788018150086
3.2000000000000	13.582949298384
#
#"Frequency / GHz"	"S3,4 [Phase / deg]"
#--------------------------------------
1.2000000000000	-67.007365698912
1.2020000000000	-67.004961537372
1.2040000000000	-67.002219805791
1.2060000000000	-66.999143137480
1.2080000000000	-66.995734268598
1.2100000000000	-66.991996039449
1.2120000000000	-66.987931395768
1.2140000000000	-66.983543389995
1.2160000000000	-66.978835182539
1.2180000000000	-66.973810043027
1.2200000000000	-66.968471351540
1.2220000000000	-66.962822599834
1.2240000000000	-66.956867392544
1.2260000000000	-66.950609448374
1.2280000000000	-66.944052601261
1.2300000000000	-66.937200801530
1.2320000000000	-66.930058117021
1.2340000000000	-66.922628734198
1.2360000000000	-66.914916959231
1.2380000000000	-66.906927219060
1.2400000000000	-66.898664062430
1.2420000000000	-66.890132160901
1.2440000000000	-66.881336309826
1.2460000000000	-66.872281429312
1.2480000000000	-66.862972565136
1.2500000000000	-66.853414889640
1.2520000000000	-66.843613702594
1.2540000000000	-66.833574432015
1.2560000000000	-66.823302634964
1.2580000000000	-66.812803998301
1.2600000000000	-66.802084339399
1.2620000000000	-66.791149606825
1.2640000000000	-66.780005880981
1.2660000000000	-66.768659374700
1.2680000000000	-66.757116433801
1.2700000000000	-66.745383537603
1.2720000000000	-66.733467299390
1.2740000000000	-66.721374466836
1.2760000000000	-66.709111922374
1.2780000000000	-66.696686683522
1.2800000000000	-66.684105903163
1.2820000000000	-66.671376869763
1.2840000000000	-66.658507007549
1.2860000000000	-66.645503876625
1.2880000000000	-66.632375173037
1.2900000000000	-66.619128728784
1.2920000000000	-66.605772511770
1.2940000000000	-66.592314625698
1.2960000000000	-66.578763309909
1.2980000000000	-66.565126939156
1.3000000000000	-66.551414023322
1.3020000000000	-66.537633207073
1.3040000000000	-66.523793269451
1.3060000000000	-66.509903123402
1.3080000000000	-66.495971815240
1.3100000000000	-66.482008524047
1.3120000000000	-66.468022561005
1.3140000000000	-66.454023368663
1.3160000000000	-66.440020520135
1.3180000000000	-66.426023718234
1.3200000000000	-66.412042794532
1.3220000000000	-66.398087708357
1.3240000000000	-66.384168545712
1.3260000000000	-66.370295518137
1.3280000000000	-66.356478961483
1.3300000000000	-66.342729334633
1.3320000000000	-66.329057218140
1.3340000000000	-66.315473312799
1.3360000000000	-66.301988438146
1.3380000000000	-66.288613530886
1.3400000000000	-66.275359643248
1.3420000000000	-66.262237941272
1.3440000000000	-66.249259703018
1.3460000000000	-66.236436316714
1.3480000000000	-66.223779278821
1.3500000000000	-66.211300192037
1.3520000000000	-66.199010763222
1.3540000000000	-66.186922801262
1.3560000000000	-66.175048214855
1.3580000000000	-66.163399010235
1.3600000000000	-66.151987288820
1.3620000000000	-66.140825244799
1.3640000000000	-66.129925162648
1.3660000000000	-66.119299414583
1.3680000000000	-66.108960457943
1.3700000000000	-66.098920832513
1.3720000000000	-66.089193157778
1.3740000000000	-66.079790130126
1.3760000000000	-66.070724519976
1.3780000000000	-66.062009168852
1.3800000000000	-66.053656986404
1.3820000000000	-66.045680947362
1.3840000000000	-66.038094088439
1.3860000000000	-66.030909505182
1.3880000000000	-66.024140348761
1.3900000000000	-66.017799822719
1.3920000000000	-66.011901179664
1.3940000000000	-66.006457717915
1.3960000000000	-66.001482778098
1.3980000000000	-65.996989739710
1.4000000000000	-65.992992017623
1.4020000000000	-65.989503058564
1.4040000000000	-65.986536337543
1.4060000000000	-65.984105354252
1.4080000000000	-65.982223629429
1.4100000000000	-65.980904701184
1.4120000000000	-65.980162121305
1.4140000000000	-65.980009451522
1.4160000000000	-65.980460259756
1.4180000000000	-65.981528116341
1.4200000000000	-65.983226590223
1.4220000000000	-65.985569245140
1.4240000000000	-65.988569635787
1.4260000000000	-65.992241303963
1.4280000000000	-65.996597774712
1.4300000000000	-66.001652552445
1.4320000000000	-66.007419117063
1.4340000000000	-66.013910920069
1.4360000000000	-66.021141380681
1.4380000000000	-66.029123881943
1.4400000000000	-66.037871766837
1.4420000000000	-66.047398334400
1.4440000000000	-66.057716835852
1.4460000000000	-66.068840470723
1.4480000000000	-66.080782383005
1.4500000000000	-66.093555657307
1.4520000000000	-66.107173315029
1.4540000000000	-66.121648310559
1.4560000000000	-66.136993527485
1.4580000000000	-66.153221774834
1.4600000000000	-66.170345783333
1.4620000000000	-66.188378201702
1.4640000000000	-66.207331592972
1.4660000000000	-66.227218430840
1.4680000000000	-66.248051096050
1.4700000000000	-66.269841872822
1.4720000000000	-66.292602945307
1.4740000000000	-66.316346394090
1.4760000000000	-66.341084192734
1.4780000000000	-66.366828204361
1.4800000000000	-66.393590178293
1.4820000000000	-66.421381746724
1.4840000000000	-66.450214421455
1.4860000000000	-66.480099590671
1.4880000000000	-66.511048515778
1.4900000000000	-66.543072328288
1.4920000000000	-66.576182026762
1.4940000000000	-66.610388473814
1.4960000000000	-66.645702393168
1.4980000000000	-66.682134366780
1.5000000000000	-66.719694832016
1.5020000000000	-66.758394078900
1.5040000000000	-66.798242247419
1.5060000000000	-66.839249324895
1.5080000000000	-66.881425143428
1.5100000000000	-66.924779377396
1.5120000000000	-66.969321541034
1.5140000000000	-67.015060986070
1.5160000000000	-67.062006899445
1.5180000000000	-67.110168301088
1.5200000000000	-67.159554041773
1.5220000000000	-67.210172801043
1.5240000000000	-67.262033085207
1.5260000000000	-67.315143225409
1.5280000000000	-67.369511375772
1.5300000000000	-67.425145511613
1.5320000000000	-67.482053427733
1.5340000000000	-67.540242736782
1.5360000000000	-67.599720867694
1.5380000000000	-67.660495064205
1.5400000000000	-67.722572383433
1.5420000000000	-67.785959694546
1.5440000000000	-67.850663677491
1.5460000000000	-67.916690821810
1.5480000000000	-67.984047425523
1.5500000000000	-68.052739594081
1.5520000000000	-68.122773239408
1.5540000000000	-68.194154078996
1.5560000000000	-68.266887635093
1.5580000000000	-68.340979233950
1.5600000000000	-68.416434005146
1.5620000000000	-68.493256880986
1.5640000000000	-68.571452595968
1.5660000000000	-68.651025686323
1.5680000000000	-68.731980489621
1.5700000000000	-68.814321144455
1.5720000000000	-68.898051590189
1.5740000000000	-68.983175566772
1.5760000000000	-69.069696614626
1.5780000000000	-69.157618074599
1.5800000000000	-69.246943087980
1.5820000000000	-69.337674596590
1.5840000000000	-69.429815342923
1.5860000000000	-69.523367870369
1.5880000000000	-69.618334523482
1.5900000000000	-69.714717448325
1.5920000000000	-69.812518592868
1.5940000000000	-69.911739707448
1.5960000000000	-70.012382345293
1.5980000000000	-70.114447863098
1.6000000000000	-70.217937421667
1.6020000000000	-70.322851986599
1.6040000000000	-70.429192329047
1.6060000000000	-70.536959026515
1.6080000000000	-70.646152463721
1.6100000000000	-70.756772833508
1.6120000000000	-70.868820137804
1.6140000000000	-70.982294188639
1.6160000000000	-71.097194609209
1.6180000000000	-71.213520834986
1.6200000000000	-71.331272114879
1.6220000000000	-71.450447512444
1.6240000000000	-71.571045907132
1.6260000000000	-71.693065995589
1.6280000000000	-71.816506292996
1.6300000000000	-71.941365134451
1.6320000000000	-72.067640676396
1.6340000000000	-72.195330898083
1.6360000000000	-72.324433603075
1.6380000000000	-72.454946420791
1.6400000000000	-72.586866808087
1.6420000000000	-72.720192050872
1.6440000000000	-72.854919265759
1.6460000000000	-72.991045401755
1.6480000000000	-73.128567241974
1.6500000000000	-73.267481405395
1.6520000000000	-73.407784348643
1.6540000000000	-73.549472367799
1.6560000000000	-73.692541600249
1.6580000000000	-73.836988026548
1.6600000000000	-73.982807472322
1.6620000000000	-74.129995610190
1.6640000000000	-74.278547961714
1.6660000000000	-74.428459899375
1.6680000000000	-74.579726648568
1.6700000000000	-74.732343289621
1.6720000000000	-74.886304759837
1.6740000000000	-75.041605855556
1.6760000000000	-75.198241234236
1.6780000000000	-75.356205416552
1.6800000000000	-75.515492788513
1.6820000000000	-75.676097603599
1.6840000000000	-75.838013984907
1.6860000000000	-76.001235927321
1.6880000000000	-76.165757299689
1.6900000000000	-76.331571847012
1.6920000000000	-76.498673192656
1.6940000000000	-76.667054840564
1.6960000000000	-76.836710177481
1.6980000000000	-77.007632475195
1.7000000000000	-77.179814892780
1.7020000000000	-77.353250478851
1.7040000000000	-77.527932173821
1.7060000000000	-77.703852812173
1.7080000000000	-77.881005124730
1.7100000000000	-78.059381740930
1.7120000000000	-78.238975191110
1.7140000000000	-78.419777908790
1.7160000000000	-78.601782232958
1.7180000000000	-78.784980410357
1.7200000000000	-78.969364597777
1.7220000000000	-79.154926864337
1.7240000000000	-79.341659193779
1.7260000000000	-79.529553486750
1.7280000000000	-79.718601563084
1.7300000000000	-79.908795164085
1.7320000000000	-80.100125954802
1.7340000000000	-80.292585526297
1.7360000000000	-80.486165397917
1.7380000000000	-80.680857019547
1.7400000000000	-80.876651773868
1.7420000000000	-81.073540978597
1.7440000000000	-81.271515888729
1.7460000000000	-81.470567698761
1.7480000000000	-81.670687544909
1.7500000000000	-81.871866507319
1.7520000000000	-82.074095612260
1.7540000000000	-82.277365834312
1.7560000000000	-82.481668098532
1.7580000000000	-82.686993282621
1.7600000000000	-82.893332219062
1.7620000000000	-83.100675697254
1.7640000000000	-83.309014465629
1.7660000000000	-83.518339233747
1.7680000000000	-83.728640674388
1.7700000000000	-83.939909425609
1.7720000000000	-84.152136092802
1.7740000000000	-84.365311250720
1.7760000000000	-84.579425445493
1.7780000000000	-84.794469196620
1.7800000000000	-85.010432998944
1.7820000000000	-85.227307324603
1.7840000000000	-85.445082624967
1.7860000000000	-85.663749332546
1.7880000000000	-85.883297862882
1.7900000000000	-86.103718616416
1.7920000000000	-86.325001980331
1.7940000000000	-86.547138330376
1.7960000000000	-86.770118032663
1.7980000000000	-86.993931445437
1.8000000000000	-87.218568920832
1.8020000000000	-87.444020806588
1.8040000000000	-87.670277447754
1.8060000000000	-87.897329188359
1.8080000000000	-88.125166373060
1.8100000000000	-88.353779348760
1.8120000000000	-88.583158466202
1.8140000000000	-88.813294081537
1.8160000000000	-89.044176557860
1.8180000000000	-89.275796266723
1.8200000000000	-89.508143589614
1.8220000000000	-89.741208919416
1.8240000000000	-89.974982661829
1.8260000000000	-90.209455236768
1.8280000000000	-90.444617079730
1.8300000000000	-90.680458643133
1.8320000000000	-90.916970397624
1.8340000000000	-91.154142833361
1.8360000000000	-91.391966461256
1.8380000000000	-91.630431814200
1.8400000000000	-91.869529448250
1.8420000000000	-92.109249943789
1.8440000000000	-92.349583906651
1.8460000000000	-92.590521969222
1.8480000000000	-92.832054791508
1.8500000000000	-93.074173062172
1.8520000000000	-93.316867499536
1.8540000000000	-93.560128852563
1.8560000000000	-93.803947901798
1.8580000000000	-94.048315460286
1.8600000000000	-94.293222374452
1.8620000000000	-94.538659524957
1.8640000000000	-94.784617827523
1.8660000000000	-95.031088233720
1.8680000000000	-95.278061731735
1.8700000000000	-95.525529347098
1.8720000000000	-95.773482143391
1.8740000000000	-96.021911222912
1.8760000000000	-96.270807727326
1.8780000000000	-96.520162838270
1.8800000000000	-96.769967777944
1.8820000000000	-97.020213809658
1.8840000000000	-97.270892238362
1.8860000000000	-97.521994411141
1.8880000000000	-97.773511717681
1.8900000000000	-98.025435590711
1.8920000000000	-98.277757506414
1.8940000000000	-98.530468984809
1.8960000000000	-98.783561590109
1.8980000000000	-99.037026931047
1.9000000000000	-99.290856661182
1.9020000000000	-99.545042479174
1.9040000000000	-99.799576129028
1.9060000000000	-100.05444940032
1.9080000000000	-100.30965412841
1.9100000000000	-100.56518219459
1.9120000000000	-100.82102552623
1.9140000000000	-101.07717609694
1.9160000000000	-101.33362592663
1.9180000000000	-101.59036708161
1.9200000000000	-101.84739167462
1.9220000000000	-102.10469186488
1.9240000000000	-102.36225985810
1.9260000000000	-102.62008790645
1.9280000000000	-102.87816830853
1.9300000000000	-103.13649340932
1.9320000000000	-103.39505560011
1.9340000000000	-103.65384731838
1.9360000000000	-103.91286104769
1.9380000000000	-104.17208931758
1.9400000000000	-104.43152470337
1.9420000000000	-104.69115982601
1.9440000000000	-104.95098735188
1.9460000000000	-105.21099999261
1.9480000000000	-105.47119050483
1.9500000000000	-105.73155168993
1.9520000000000	-105.99207639383
1.9540000000000	-106.25275750669
1.9560000000000	-106.51358796264
1.9580000000000	-106.77456073947
1.9600000000000	-107.03566885833
1.9620000000000	-107.29690538339
1.9640000000000	-107.55826342153
1.9660000000000	-107.81973612198
1.9680000000000	-108.08131667593
1.9700000000000	-108.34299831623
1.9720000000000	-108.60477431693
1.9740000000000	-108.86663799297
1.9760000000000	-109.12858269970
1.9780000000000	-109.39060183255
1.9800000000000	-109.65268882655
1.9820000000000	-109.91483715597
1.9840000000000	-110.17704033381
1.9860000000000	-110.43929191147
1.9880000000000	-110.70158547819
1.9900000000000	-110.96391466072
1.9920000000000	-111.22627312276
1.9940000000000	-111.48865456460
1.9960000000000	-111.75105272258
1.9980000000000	-112.01346136867
2.0000000000000	-112.27587431002
2.0020000000000	-112.53828538844
2.0040000000000	-112.80068847997
2.0060000000000	-113.06307749440
2.0080000000000	-113.32544637479
2.0100000000000	-113.58778909701
2.0120000000000	-113.85009966926
2.0140000000000	-114.11237213160
2.0160000000000	-114.37460055549
2.0180000000000	-114.63677904331
2.0200000000000	-114.89890172789
2.0220000000000	-115.16096277208
2.0240000000000	-115.42295636824
2.0260000000000	-115.68487673784
2.0280000000000	-115.94671813096
2.0300000000000	-116.20847482585
2.0320000000000	-116.47014112852
2.0340000000000	-116.73171137228
2.0360000000000	-116.99317991730
2.0380000000000	-117.25454115018
2.0400000000000	-117.51578948357
2.0420000000000	-117.77691935573
2.0440000000000	-118.03792523010
2.0460000000000	-118.29880159495
2.0480000000000	-118.55954296299
2.0500000000000	-118.82014387092
2.0520000000000	-119.08059887916
2.0540000000000	-119.34090257140
2.0560000000000	-119.60104955430
2.0580000000000	-119.86103445712
2.0600000000000	-120.12085193141
2.0620000000000	-120.38049665065
2.0640000000000	-120.63996330999
2.0660000000000	-120.89924662588
2.0680000000000	-121.15834133586
2.0700000000000	-121.41724219821
2.0720000000000	-121.67594399173
2.0740000000000	-121.93444151547
2.0760000000000	-122.19272958848
2.0780000000000	-122.45080304960
2.0800000000000	-122.70865675721
2.0820000000000	-122.96628558906
2.0840000000000	-123.22368444208
2.0860000000000	-123.48084823218
2.0880000000000	-123.73777189408
2.0900000000000	-123.99445038119
2.0920000000000	-124.25087866547
2.0940000000000	-124.50705173729
2.0960000000000	-124.76296460532
2.0980000000000	-125.01861229646
2.1000000000000	-125.27398985574
2.1020000000000	-125.52909234628
2.1040000000000	-125.78391484920
2.1060000000000	-126.03845246362
2.1080000000000	-126.29270030664
2.1100000000000	-126.54665351331
2.1120000000000	-126.80030723666
2.1140000000000	-127.05365664770
2.1160000000000	-127.30669693551
2.1180000000000	-127.55942330724
2.1200000000000	-127.81183098820
2.1220000000000	-128.06391522196
2.1240000000000	-128.31567127042
2.1260000000000	-128.56709441397
2.1280000000000	-128.81817995156
2.1300000000000	-129.06892320089
2.1320000000000	-129.31931949857
2.1340000000000	-129.56936420026
2.1360000000000	-129.81905268088
2.1380000000000	-130.06838033483
2.1400000000000	-130.31734257620
2.1420000000000	-130.56593483896
2.1440000000000	-130.81415257728
2.1460000000000	-131.06199126574
2.1480000000000	-131.30944639963
2.1500000000000	-131.55651349523
2.1520000000000	-131.80318809011
2.1540000000000	-132.04946574345
2.1560000000000	-132.29534203641
2.1580000000000	-132.54081257238
2.1600000000000	-132.78587297746
2.1620000000000	-133.03051890071
2.1640000000000	-133.27474601464
2.1660000000000	-133.51855001551
2.1680000000000	-133.76192662383
2.1700000000000	-134.00487158469
2.1720000000000	-134.24738066826
2.1740000000000	-134.48944967022
2.1760000000000	-134.73107441217
2.1780000000000	-134.97225074215
2.1800000000000	-135.21297453510
2.1820000000000	-135.45324169332
2.1840000000000	-135.69304814701
2.1860000000000	-135.93238985475
2.1880000000000	-136.17126280401
2.1900000000000	-136.40966301169
2.1920000000000	-136.64758652467
2.1940000000000	-136.88502942031
2.1960000000000	-137.12198780703
2.1980000000000	-137.35845782488
2.2000000000000	-137.59443564606
2.2020000000000	-137.82991747556
2.2040000000000	-138.06489955167
2.2060000000000	-138.29937814662
2.2080000000000	-138.53334956715
2.2100000000000	-138.76681015512
2.2120000000000	-138.99975628809
2.2140000000000	-139.23218437997
2.2160000000000	-139.46409088157
2.2180000000000	-139.69547228130
2.2200000000000	-139.92632510573
2.2220000000000	-140.15664592023
2.2240000000000	-140.38643132959
2.2260000000000	-140.61567797870
2.2280000000000	-140.84438255310
2.2300000000000	-141.07254177968
2.2320000000000	-141.30015242730
2.2340000000000	-141.52721130740
2.2360000000000	-141.75371527468
2.2380000000000	-141.97966122768
2.2400000000000	-142.20504610950
2.2420000000000	-142.42986690833
2.2440000000000	-142.65412065820
2.2460000000000	-142.87780443951
2.2480000000000	-143.10091537973
2.2500000000000	-143.32345065399
2.2520000000000	-143.54540748573
2.2540000000000	-143.76678314732
2.2560000000000	-143.98757496067
2.2580000000000	-144.20778029783
2.2600000000000	-144.42739658164
2.2620000000000	-144.64642128630
2.2640000000000	-144.86485193800
2.2660000000000	-145.08268611549
2.2680000000000	-145.29992145067
2.2700000000000	-145.51655562919
2.2720000000000	-145.73258639100
2.2740000000000	-145.94801153096
2.2760000000000	-146.16282889934
2.2780000000000	-146.37703640242
2.2800000000000	-146.59063200303
2.2820000000000	-146.80361372103
2.2840000000000	-147.01597963393
2.2860000000000	-147.22772787731
2.2880000000000	-147.43885664540
2.2900000000000	-147.64936419152
2.2920000000000	-147.85924882861
2.2940000000000	-148.06850892968
2.2960000000000	-148.27714292825
2.2980000000000	-148.48514931888
2.3000000000000	-148.69252665750
2.3020000000000	-148.89927356194
2.3040000000000	-149.10538871226
2.3060000000000	-149.31087085123
2.3080000000000	-149.51571878463
2.3100000000000	-149.71993138172
2.3120000000000	-149.92350757552
2.3140000000000	-150.12644636320
2.3160000000000	-150.32874680641
2.3180000000000	-150.53040803159
2.3200000000000	-150.73142923025
2.3220000000000	-150.93180965932
2.3240000000000	-151.13154864137
2.3260000000000	-151.33064556488
2.3280000000000	-151.52909988448
2.3300000000000	-151.72691112119
2.3320000000000	-151.92407886263
2.3340000000000	-152.12060276320
2.3360000000000	-152.31648254424
2.3380000000000	-152.51171799424
2.3400000000000	-152.70630896896
2.3420000000000	-152.90025539153
2.3440000000000	-153.09355725261
2.3460000000000	-153.28621461043
2.3480000000000	-153.47822759091
2.3500000000000	-153.66959638771
2.3520000000000	-153.86032126224
2.3540000000000	-154.05040254371
2.3560000000000	-154.23984062914
2.3580000000000	-154.42863598333
2.3600000000000	-154.61678913883
2.3620000000000	-154.80430069592
2.3640000000000	-154.99117132250
2.3660000000000	-155.17740175405
2.3680000000000	-155.36299279350
2.3700000000000	-155.54794531112
2.3720000000000	-155.73226024439
2.3740000000000	-155.91593859782
2.3760000000000	-156.09898144280
2.3780000000000	-156.28138991742
2.3800000000000	-156.46316522622
2.3820000000000	-156.64430864001
2.3840000000000	-156.82482149558
2.3860000000000	-157.00470519548
2.3880000000000	-157.18396120771
2.3900000000000	-157.36259106545
2.3920000000000	-157.54059636673
2.3940000000000	-157.71797877408
2.3960000000000	-157.89474001423
2.3980000000000	-158.07088187770
2.4000000000000	-158.24640621844
2.4020000000000	-158.42131495343
2.4040000000000	-158.59561006224
2.4060000000000	-158.76929358665
2.4080000000000	-158.94236763014
2.4100000000000	-159.11483435749
2.4120000000000	-159.28669599422
2.4140000000000	-159.45795482619
2.4160000000000	-159.62861319900
2.4180000000000	-159.79867351752
2.4200000000000	-159.96813824534
2.4220000000000	-160.13700990419
2.4240000000000	-160.30529107339
2.4260000000000	-160.47298438926
2.4280000000000	-160.64009254451
2.4300000000000	-160.80661828766
2.4320000000000	-160.97256442237
2.4340000000000	-161.13793380682
2.4360000000000	-161.30272935308
2.4380000000000	-161.46695402639
2.4400000000000	-161.63061084453
2.4420000000000	-161.79370287710
2.4440000000000	-161.95623324486
2.4460000000000	-162.11820511895
2.4480000000000	-162.27962172021
2.4500000000000	-162.44048631845
2.4520000000000	-162.60080223167
2.4540000000000	-162.76057282531
2.4560000000000	-162.91980151152
2.4580000000000	-163.07849174832
2.4600000000000	-163.23664703888
2.4620000000000	-163.39427093066
2.4640000000000	-163.55136701465
2.4660000000000	-163.70793892455
2.4680000000000	-163.86399033592
2.4700000000000	-164.01952496540
2.4720000000000	-164.17454656981
2.4740000000000	-164.32905894537
2.4760000000000	-164.48306592682
2.4780000000000	-164.63657138656
2.4800000000000	-164.78957923377
2.4820000000000	-164.94209341360
2.4840000000000	-165.09411790624
2.4860000000000	-165.24565672606
2.4880000000000	-165.39671392073
2.4900000000000	-165.54729357033
2.4920000000000	-165.69739978646
2.4940000000000	-165.84703671135
2.4960000000000	-165.99620851692
2.4980000000000	-166.14491940395
2.5000000000000	-166.29317360113
2.5020000000000	-166.44097536415
2.5040000000000	-166.58832897480
2.5060000000000	-166.73523874008
2.5080000000000	-166.88170899126
2.5100000000000	-167.02774408300
2.5120000000000	-167.17334839239
2.5140000000000	-167.31852631809
2.5160000000000	-167.46328227938
2.5180000000000	-167.60762071527
2.5200000000000	-167.75154608358
2.5220000000000	-167.89506286003
2.5240000000000	-168.03817553733
2.5260000000000	-168.18088862428
2.5280000000000	-168.32320664486
2.5300000000000	-168.46513413733
2.5320000000000	-168.60667565333
2.5340000000000	-168.74783575698
2.5360000000000	-168.88861902398
2.5380000000000	-169.02903004076
2.5400000000000	-169.16907340354
2.5420000000000	-169.30875371748
2.5440000000000	-169.44807559578
2.5460000000000	-169.58704365886
2.5480000000000	-169.72566253342
2.5500000000000	-169.86393685162
2.5520000000000	-170.00187125024
2.5540000000000	-170.13947036977
2.5560000000000	-170.27673885362
2.5580000000000	-170.41368134727
2.5600000000000	-170.55030249741
2.5620000000000	-170.68660695114
2.5640000000000	-170.82259935515
2.5660000000000	-170.95828435491
2.5680000000000	-171.09366659383
2.5700000000000	-171.22875071252
2.5720000000000	-171.36354134797
2.5740000000000	-171.49804313277
2.5760000000000	-171.63226069434
2.5780000000000	-171.76619865416
2.5800000000000	-171.89986162704
2.5820000000000	-172.03325422033
2.5840000000000	-172.16638103322
2.5860000000000	-172.29924665601
2.5880000000000	-172.43185566934
2.5900000000000	-172.56421264356
2.5920000000000	-172.69632213795
2.5940000000000	-172.82818870008
2.5960000000000	-172.95981686511
2.5980000000000	-173.09121115512
2.6000000000000	-173.22237607846
2.6020000000000	-173.35331612907
2.6040000000000	-173.48403578587
2.6060000000000	-173.61453951211
2.6080000000000	-173.74483175474
2.6100000000000	-173.87491694384
2.6120000000000	-174.00479949197
2.6140000000000	-174.13448379362
2.6160000000000	-174.26397422462
2.6180000000000	-174.39327514155
2.6200000000000	-174.52239088122
2.6220000000000	-174.65132576010
2.6240000000000	-174.78008407378
2.6260000000000	-174.90867009649
2.6280000000000	-175.03708808051
2.6300000000000	-175.16534225575
2.6320000000000	-175.29343682921
2.6340000000000	-175.42137598449
2.6360000000000	-175.54916388138
2.6380000000000	-175.67680465534
2.6400000000000	-175.80430241708
2.6420000000000	-175.93166125214
2.6440000000000	-176.05888522043
2.6460000000000	-176.18597835584
2.6480000000000	-176.31294466583
2.6500000000000	-176.43978813106
2.6520000000000	-176.56651270497
2.6540000000000	-176.69312231344
2.6560000000000	-176.81962085443
2.6580000000000	-176.94601219761
2.6600000000000	-177.07230018405
2.6620000000000	-177.19848862588
2.6640000000000	-177.32458130598
2.6660000000000	-177.45058197768
2.6680000000000	-177.57649436444
2.6700000000000	-177.70232215962
2.6720000000000	-177.82806902614
2.6740000000000	-177.95373859627
2.6760000000000	-178.07933447135
2.6780000000000	-178.20486022156
2.6800000000000	-178.33031938571
2.6820000000000	-178.45571547096
2.6840000000000	-178.58105195265
2.6860000000000	-178.70633227412
2.6880000000000	-178.83155984645
2.6900000000000	-178.95673804835
2.6920000000000	-179.08187022595
2.6940000000000	-179.20695969263
2.6960000000000	-179.33200972890
2.6980000000000	-179.45702358222
2.7000000000000	-179.58200446688
2.7020000000000	-179.70695556390
2.7040000000000	-179.83188002087
2.7060000000000	-179.95678095187
2.7080000000000	179.91833856265
2.7100000000000	179.79347547593
2.7120000000000	179.66862677501
2.7140000000000	179.54378948077
2.7160000000000	179.41896064805
2.7180000000000	179.29413736565
2.7200000000000	179.16931675640
2.7220000000000	179.04449597722
2.7240000000000	178.91967221912
2.7260000000000	178.79484270724
2.7280000000000	178.67000470087
2.7300000000000	178.54515549347
2.7320000000000	178.42029241264
2.7340000000000	178.29541282015
2.7360000000000	178.17051411191
2.7380000000000	178.04559371796
2.7400000000000	177.92064910243
2.7420000000000	177.79567776353
2.7440000000000	177.67067723350
2.7460000000000	177.54564507857
2.7480000000000	177.42057889888
2.7500000000000	177.29547632847
2.7520000000000	177.17033503519
2.7540000000000	177.04515272063
2.7560000000000	176.91992712006
2.7580000000000	176.79465600232
2.7600000000000	176.66933716977
2.7620000000000	176.54396845817
2.7640000000000	176.41854773660
2.7660000000000	176.29307290735
2.7680000000000	176.16754190581
2.7700000000000	176.04195270037
2.7720000000000	175.91630329230
2.7740000000000	175.79059171562
2.7760000000000	175.66481603697
2.7780000000000	175.53897435550
2.7800000000000	175.41306480273
2.7820000000000	175.28708554239
2.7840000000000	175.16103477030
2.7860000000000	175.03491071422
2.7880000000000	174.90871163369
2.7900000000000	174.78243581989
2.7920000000000	174.65608159546
2.7940000000000	174.52964731438
2.7960000000000	174.40313136174
2.7980000000000	174.27653215364
2.8000000000000	174.14984813698
2.8020000000000	174.02307778930
2.8040000000000	173.89621961858
2.8060000000000	173.76927216312
2.8080000000000	173.64223399127
2.8100000000000	173.51510370132
2.8120000000000	173.38787992128
2.8140000000000	173.26056130869
2.8160000000000	173.13314655044
2.8180000000000	173.00563436255
2.8200000000000	172.87802349003
2.8220000000000	172.75031270659
2.8240000000000	172.62250081454
2.8260000000000	172.49458664452
2.8280000000000	172.36656905531
2.8300000000000	172.23844693365
2.8320000000000	172.11021919399
2.8340000000000	171.98188477832
2.8360000000000	171.85344265596
2.8380000000000	171.72489182329
2.8400000000000	171.59623130363
2.8420000000000	171.46746014695
2.8440000000000	171.33857742967
2.8460000000000	171.20958225450
2.8480000000000	171.08047375013
2.8500000000000	170.95125107111
2.8520000000000	170.82191339753
2.8540000000000	170.69245993491
2.8560000000000	170.56288991388
2.8580000000000	170.43320259004
2.8600000000000	170.30339724367
2.8620000000000	170.17347317957
2.8640000000000	170.04342972681
2.8660000000000	169.91326623848
2.8680000000000	169.78298209153
2.8700000000000	169.65257668649
2.8720000000000	169.52204944730
2.8740000000000	169.39139982103
2.8760000000000	169.26062727770
2.8780000000000	169.12973131004
2.8800000000000	168.99871143329
2.8820000000000	168.86756718493
2.8840000000000	168.73629812450
2.8860000000000	168.60490383337
2.8880000000000	168.47338391451
2.8900000000000	168.34173799227
2.8920000000000	168.20996571217
2.8940000000000	168.07806674065
2.8960000000000	167.94604076489
2.8980000000000	167.81388749256
2.9000000000000	167.68160665161
2.9020000000000	167.54919799007
2.9040000000000	167.41666127580
2.9060000000000	167.28399629628
2.9080000000000	167.15120285842
2.9100000000000	167.01828078831
2.9120000000000	166.88522993103
2.9140000000000	166.75205015042
2.9160000000000	166.61874132887
2.9180000000000	166.48530336712
2.9200000000000	166.35173618402
2.9220000000000	166.21803971636
2.9240000000000	166.08421391860
2.9260000000000	165.95025876274
2.9280000000000	165.81617423804
2.9300000000000	165.68196035084
2.9320000000000	165.54761712438
2.9340000000000	165.41314459854
2.9360000000000	165.27854282970
2.9380000000000	165.14381189046
2.9400000000000	165.00895186952
2.9420000000000	164.87396287142
2.9440000000000	164.73884501636
2.9460000000000	164.60359844002
2.9480000000000	164.46822329333
2.9500000000000	164.33271974229
2.9520000000000	164.19708796777
2.9540000000000	164.06132816533
2.9560000000000	163.92544054500
2.9580000000000	163.78942533112
2.9600000000000	163.65328276214
2.9620000000000	163.51701309042
2.9640000000000	163.38061658203
2.9660000000000	163.24409351662
2.9680000000000	163.10744418716
2.9700000000000	162.97066889981
2.9720000000000	162.83376797374
2.9740000000000	162.69674174089
2.9760000000000	162.55959054586
2.9780000000000	162.42231474569
2.9800000000000	162.28491470970
2.9820000000000	162.14739081930
2.9840000000000	162.00974346782
2.9860000000000	161.87197306036
2.9880000000000	161.73408001357
2.9900000000000	161.59606475553
2.9920000000000	161.45792772555
2.9940000000000	161.31966937400
2.9960000000000	161.18129016217
2.9980000000000	161.04279056208
3.0000000000000	160.90417105631
3.0020000000000	160.76543213787
3.0040000000000	160.62657431002
3.0060000000000	160.48759808610
3.0080000000000	160.34850398938
3.0100000000000	160.20929255291
3.0120000000000	160.06996431935
3.0140000000000	159.93051984084
3.0160000000000	159.79095967881
3.0180000000000	159.65128440385
3.0200000000000	159.51149459557
3.0220000000000	159.37159084243
3.0240000000000	159.23157374159
3.0260000000000	159.09144389879
3.0280000000000	158.95120192818
3.0300000000000	158.81084845218
3.0320000000000	158.67038410133
3.0340000000000	158.52980951419
3.0360000000000	158.38912533714
3.0380000000000	158.24833222428
3.0400000000000	158.10743083729
3.0420000000000	157.96642184525
3.0440000000000	157.82530592459
3.0460000000000	157.68408375888
3.0480000000000	157.54275603871
3.0500000000000	157.40132346160
3.0520000000000	157.25978673183
3.0540000000000	157.11814656033
3.0560000000000	156.97640366452
3.0580000000000	156.83455876824
3.0600000000000	156.69261260158
3.0620000000000	156.55056590077
3.0640000000000	156.40841940805
3.0660000000000	156.26617387158
3.0680000000000	156.12383004526
3.0700000000000	155.98138868868
3.0720000000000	155.83885056694
3.0740000000000	155.69621645057
3.0760000000000	155.55348711540
3.0780000000000	155.41066334247
3.0800000000000	155.26774591787
3.0820000000000	155.12473563267
3.0840000000000	154.98163328279
3.0860000000000	154.83843966889
3.0880000000000	154.69515559625
3.0900000000000	154.55178187471
3.0920000000000	154.40831931851
3.0940000000000	154.26476874619
3.0960000000000	154.12113098051
3.0980000000000	153.97740684835
3.1000000000000	153.83359718056
3.1020000000000	153.68970281193
3.1040000000000	153.54572458101
3.1060000000000	153.40166333008
3.1080000000000	153.25751990502
3.1100000000000	153.11329515520
3.1120000000000	152.96898993341
3.1140000000000	152.82460509575
3.1160000000000	152.68014150155
3.1180000000000	152.53560001325
3.1200000000000	152.39098149634
3.1220000000000	152.24628681923
3.1240000000000	152.10151685321
3.1260000000000	151.95667247231
3.1280000000000	151.81175455324
3.1300000000000	151.66676397531
3.1320000000000	151.52170162031
3.1340000000000	151.37656837246
3.1360000000000	151.23136511830
3.1380000000000	151.08609274662
3.1400000000000	150.94075214836
3.1420000000000	150.79534421657
3.1440000000000	150.64986984626
3.1460000000000	150.50432993439
3.1480000000000	150.35872537975
3.1500000000000	150.21305708288
3.1520000000000	150.06732594603
3.1540000000000	149.92153287302
3.1560000000000	149.77567876924
3.1580000000000	149.62976454149
3.1600000000000	149.48379109800
3.1620000000000	149.33775934826
3.1640000000000	149.19167020304
3.1660000000000	149.04552457423
3.1680000000000	148.89932337484
3.1700000000000	148.75306751889
3.1720000000000	148.60675792136
3.1740000000000	148.46039549810
3.1760000000000	148.31398116577
3.1780000000000	148.16751584181
3.1800000000000	148.02100044431
3.1820000000000	147.87443589198
3.1840000000000	147.72782310408
3.1860000000000	147.58116300038
3.1880000000000	147.43445650104
3.1900000000000	147.28770452659
3.1920000000000	147.14090799787
3.1940000000000	146.99406783594
3.1960000000000	146.84718496205
3.1980000000000	146.70026029755
3.2000000000000	146.55329476386
#
#"Frequency / GHz"	"S4,4 [Phase / deg]"
#--------------------------------------
1.2000000000000	147.24806554823
1.2020000000000	147.11959328038
1.2040000000000	146.99084279590
1.2060000000000	146.86181388464
1.2080000000000	146.73250634025
1.2100000000000	146.60291996024
1.2120000000000	146.47305454601
1.2140000000000	146.34290990296
1.2160000000000	146.21248584054
1.2180000000000	146.08178217234
1.2200000000000	145.95079871614
1.2220000000000	145.81953529401
1.2240000000000	145.68799173236
1.2260000000000	145.55616786206
1.2280000000000	145.42406351849
1.2300000000000	145.29167854163
1.2320000000000	145.15901277615
1.2340000000000	145.02606607149
1.2360000000000	144.89283828197
1.2380000000000	144.75932926684
1.2400000000000	144.62553889044
1.2420000000000	144.49146702221
1.2440000000000	144.35711353688
1.2460000000000	144.22247831449
1.2480000000000	144.08756124055
1.2500000000000	143.95236220612
1.2520000000000	143.81688110791
1.2540000000000	143.68111784842
1.2560000000000	143.54507233602
1.2580000000000	143.40874448509
1.2600000000000	143.27213421611
1.2620000000000	143.13524145583
1.2640000000000	142.99806613735
1.2660000000000	142.86060820024
1.2680000000000	142.72286759071
1.2700000000000	142.58484426174
1.2720000000000	142.44653817315
1.2740000000000	142.30794929183
1.2760000000000	142.16907759181
1.2780000000000	142.02992305445
1.2800000000000	141.89048566857
1.2820000000000	141.75076543060
1.2840000000000	141.61076234474
1.2860000000000	141.47047642311
1.2880000000000	141.32990768595
1.2900000000000	141.18905616172
1.2920000000000	141.04792188733
1.2940000000000	140.90650490829
1.2960000000000	140.76480527887
1.2980000000000	140.62282306233
1.3000000000000	140.48055833105
1.3020000000000	140.33801116677
1.3040000000000	140.19518166073
1.3060000000000	140.05206991393
1.3080000000000	139.90867603729
1.3100000000000	139.76500015185
1.3120000000000	139.62104238904
1.3140000000000	139.47680289082
1.3160000000000	139.33228180997
1.3180000000000	139.18747931026
1.3200000000000	139.04239556672
1.3220000000000	138.89703076587
1.3240000000000	138.75138510593
1.3260000000000	138.60545879711
1.3280000000000	138.45925206184
1.3300000000000	138.31276513503
1.3320000000000	138.16599826432
1.3340000000000	138.01895171037
1.3360000000000	137.87162574712
1.3380000000000	137.72402066207
1.3400000000000	137.57613675659
1.3420000000000	137.42797434617
1.3440000000000	137.27953376073
1.3460000000000	137.13081534496
1.3480000000000	136.98181945857
1.3500000000000	136.83254647667
1.3520000000000	136.68299679005
1.3540000000000	136.53317080550
1.3560000000000	136.38306894618
1.3580000000000	136.23269165197
1.3600000000000	136.08203937978
1.3620000000000	135.93111260392
1.3640000000000	135.77991181648
1.3660000000000	135.62843752769
1.3680000000000	135.47669026631
1.3700000000000	135.32467057998
1.3720000000000	135.17237903567
1.3740000000000	135.01981622003
1.3760000000000	134.86698273983
1.3780000000000	134.71387922236
1.3800000000000	134.56050631587
1.3820000000000	134.40686468997
1.3840000000000	134.25295503613
1.3860000000000	134.09877806807
1.3880000000000	133.94433452225
1.3900000000000	133.78962515832
1.3920000000000	133.63465075961
1.3940000000000	133.47941213360
1.3960000000000	133.32391011243
1.3980000000000	133.16814555339
1.4000000000000	133.01211933940
1.4020000000000	132.85583237959
1.4040000000000	132.69928560978
1.4060000000000	132.54247999305
1.4080000000000	132.38541652027
1.4100000000000	132.22809621063
1.4120000000000	132.07052011227
1.4140000000000	131.91268930280
1.4160000000000	131.75460488992
1.4180000000000	131.59626801198
1.4200000000000	131.43767983863
1.4220000000000	131.27884157139
1.4240000000000	131.11975444432
1.4260000000000	130.96041972460
1.4280000000000	130.80083871323
1.4300000000000	130.64101274567
1.4320000000000	130.48094319247
1.4340000000000	130.32063146000
1.4360000000000	130.16007899110
1.4380000000000	129.99928726579
1.4400000000000	129.83825780199
1.4420000000000	129.67699215621
1.4440000000000	129.51549192430
1.4460000000000	129.35375874217
1.4480000000000	129.19179428658
1.4500000000000	129.02960027586
1.4520000000000	128.86717847068
1.4540000000000	128.70453067488
1.4560000000000	128.54165873619
1.4580000000000	128.37856454711
1.4600000000000	128.21525004567
1.4620000000000	128.05171721627
1.4640000000000	127.88796809051
1.4660000000000	127.72400474805
1.4680000000000	127.55982931747
1.4700000000000	127.39544397709
1.4720000000000	127.23085095591
1.4740000000000	127.06605253445
1.4760000000000	126.90105104567
1.4780000000000	126.73584887586
1.4800000000000	126.57044846559
1.4820000000000	126.40485231060
1.4840000000000	126.23906296274
1.4860000000000	126.07308303094
1.4880000000000	125.90691518215
1.4900000000000	125.74056214232
1.4920000000000	125.57402669732
1.4940000000000	125.40731169401
1.4960000000000	125.24042004116
1.4980000000000	125.07335471048
1.5000000000000	124.90611873762
1.5020000000000	124.73871522318
1.5040000000000	124.57114733376
1.5060000000000	124.40341830296
1.5080000000000	124.23553143243
1.5100000000000	124.06749009294
1.5120000000000	123.89929772536
1.5140000000000	123.73095784182
1.5160000000000	123.56247402667
1.5180000000000	123.39384993764
1.5200000000000	123.22508930685
1.5220000000000	123.05619594191
1.5240000000000	122.88717372701
1.5260000000000	122.71802662400
1.5280000000000	122.54875867349
1.5300000000000	122.37937399593
1.5320000000000	122.20987679269
1.5340000000000	122.04027134720
1.5360000000000	121.87056202602
1.5380000000000	121.70075327994
1.5400000000000	121.53084964509
1.5420000000000	121.36085574402
1.5440000000000	121.19077628683
1.5460000000000	121.02061607224
1.5480000000000	120.85037998868
1.5500000000000	120.68007301539
1.5520000000000	120.50970022353
1.5540000000000	120.33926677722
1.5560000000000	120.16877793464
1.5580000000000	119.99823904912
1.5600000000000	119.82765557014
1.5620000000000	119.65703304448
1.5640000000000	119.48637711719
1.5660000000000	119.31569353267
1.5680000000000	119.14498813567
1.5700000000000	118.97426687234
1.5720000000000	118.80353579123
1.5740000000000	118.63280104426
1.5760000000000	118.46206888773
1.5780000000000	118.29134568325
1.5800000000000	118.12063789872
1.5820000000000	117.94995210926
1.5840000000000	117.77929499812
1.5860000000000	117.60867335755
1.5880000000000	117.43809408972
1.5900000000000	117.26756420755
1.5920000000000	117.09709083555
1.5940000000000	116.92668121064
1.5960000000000	116.75634268290
1.5980000000000	116.58608271638
1.6000000000000	116.41590888982
1.6020000000000	116.24582889734
1.6040000000000	116.07585054912
1.6060000000000	115.90598177208
1.6080000000000	115.73623061048
1.6100000000000	115.56660522649
1.6120000000000	115.39711390079
1.6140000000000	115.22776503302
1.6160000000000	115.05856714236
1.6180000000000	114.88952886787
1.6200000000000	114.72065896900
1.6220000000000	114.55196632589
1.6240000000000	114.38345993974
1.6260000000000	114.21514893309
1.6280000000000	114.04704255007
1.6300000000000	113.87915015663
1.6320000000000	113.71148124064
1.6340000000000	113.54404541209
1.6360000000000	113.37685240311
1.6380000000000	113.20991206801
1.6400000000000	113.04323438325
1.6420000000000	112.87682944739
1.6440000000000	112.71070748094
1.6460000000000	112.54487882624
1.6480000000000	112.37935394716
1.6500000000000	112.21414342893
1.6520000000000	112.04925797771
1.6540000000000	111.88470842029
1.6560000000000	111.72050570365
1.6580000000000	111.55666089443
1.6600000000000	111.39318517844
1.6620000000000	111.23008986005
1.6640000000000	111.06738636155
1.6660000000000	110.90508622243
1.6680000000000	110.74320109865
1.6700000000000	110.58174276183
1.6720000000000	110.42072309836
1.6740000000000	110.26015410850
1.6760000000000	110.10004790540
1.6780000000000	109.94041671410
1.6800000000000	109.78127287041
1.6820000000000	109.62262881980
1.6840000000000	109.46449711623
1.6860000000000	109.30689042090
1.6880000000000	109.14982150098
1.6900000000000	108.99330322827
1.6920000000000	108.83734857784
1.6940000000000	108.68197062659
1.6960000000000	108.52718255180
1.6980000000000	108.37299762963
1.7000000000000	108.21942923355
1.7020000000000	108.06649083279
1.7040000000000	107.91419599069
1.7060000000000	107.76255836308
1.7080000000000	107.61159169657
1.7100000000000	107.46130982689
1.7120000000000	107.31172667709
1.7140000000000	107.16285625588
1.7160000000000	107.01471265575
1.7180000000000	106.86731005131
1.7200000000000	106.72066269741
1.7220000000000	106.57478492737
1.7240000000000	106.42969115120
1.7260000000000	106.28539585381
1.7280000000000	106.14191359318
1.7300000000000	105.99925899866
1.7320000000000	105.85744676914
1.7340000000000	105.71649167139
1.7360000000000	105.57640853834
1.7380000000000	105.43721226738
1.7400000000000	105.29891781882
1.7420000000000	105.16154021426
1.7440000000000	105.02509453507
1.7460000000000	104.88959592101
1.7480000000000	104.75505956876
1.7500000000000	104.62150073067
1.7520000000000	104.48893471356
1.7540000000000	104.35737687754
1.7560000000000	104.22684263502
1.7580000000000	104.09734744981
1.7600000000000	103.96890683632
1.7620000000000	103.84153635887
1.7640000000000	103.71525163125
1.7660000000000	103.59006831623
1.7680000000000	103.46600212546
1.7700000000000	103.34306881934
1.7720000000000	103.22128420720
1.7740000000000	103.10066414763
1.7760000000000	102.98122454898
1.7780000000000	102.86298137012
1.7800000000000	102.74595062141
1.7820000000000	102.63014836592
1.7840000000000	102.51559072088
1.7860000000000	102.40229385939
1.7880000000000	102.29027401246
1.7900000000000	102.17954747128
1.7920000000000	102.07013058981
1.7940000000000	101.96203978775
1.7960000000000	101.85529155374
1.7980000000000	101.74990244902
1.8000000000000	101.64588911134
1.8020000000000	101.54326825937
1.8040000000000	101.44205669746
1.8060000000000	101.34227132073
1.8080000000000	101.24392912076
1.8100000000000	101.14704719159
1.8120000000000	101.05164273626
1.8140000000000	100.95773307379
1.8160000000000	100.86533564671
1.8180000000000	100.77446802910
1.8200000000000	100.68514793516
1.8220000000000	100.59739322835
1.8240000000000	100.51122193113
1.8260000000000	100.42665223534
1.8280000000000	100.34370251309
1.8300000000000	100.26239132848
1.8320000000000	100.18273744987
1.8340000000000	100.10475986287
1.8360000000000	100.02847778412
1.8380000000000	99.953910675774
1.8400000000000	99.881078260771
1.8420000000000	99.810000538928
1.8440000000000	99.740697803866
1.8460000000000	99.673190660813
1.8480000000000	99.607500045296
1.8500000000000	99.543647242774
1.8520000000000	99.481653909232
1.8540000000000	99.421542092781
1.8560000000000	99.363334256290
1.8580000000000	99.307053301098
1.8600000000000	99.252722591834
1.8620000000000	99.200365982396
1.8640000000000	99.150007843129
1.8660000000000	99.101673089238
1.8680000000000	99.055387210497
1.8700000000000	99.011176302291
1.8720000000000	98.969067098045
1.8740000000000	98.929087003096
1.8760000000000	98.891264130063
1.8780000000000	98.855627335765
1.8800000000000	98.822206259766
1.8820000000000	98.791031364590
1.8840000000000	98.762133977691
1.8860000000000	98.735546335239
1.8880000000000	98.711301627801
1.8900000000000	98.689434047991
1.8920000000000	98.669978840177
1.8940000000000	98.652972352330
1.8960000000000	98.638452090101
1.8980000000000	98.626456773233
1.9000000000000	98.617026394397
1.9020000000000	98.610202280570
1.9040000000000	98.606027157062
1.9060000000000	98.604545214311
1.9080000000000	98.605802177571
1.9100000000000	98.609845379631
1.9120000000000	98.616723836696
1.9140000000000	98.626488327586
1.9160000000000	98.639191476398
1.9180000000000	98.654887838809
1.9200000000000	98.673633992182
1.9220000000000	98.695488629655
1.9240000000000	98.720512658428
1.9260000000000	98.748769302419
1.9280000000000	98.780324209532
1.9300000000000	98.815245563749
1.9320000000000	98.853604202289
1.9340000000000	98.895473738085
1.9360000000000	98.940930687849
1.9380000000000	98.990054605997
1.9400000000000	99.042928224741
1.9420000000000	99.099637600647
1.9440000000000	99.160272267993
1.9460000000000	99.224925399273
1.9480000000000	99.293693973201
1.9500000000000	99.366678950604
1.9520000000000	99.443985458596
1.9540000000000	99.525722983461
1.9560000000000	99.612005572667
1.9580000000000	99.702952046490
1.9600000000000	99.798686219712
1.9620000000000	99.899337133900
1.9640000000000	100.00503930078
1.9660000000000	100.11593295726
1.9680000000000	100.23216433266
1.9700000000000	100.35388592870
1.9720000000000	100.48125681290
1.9740000000000	100.61444292597
1.9760000000000	100.75361740381
1.9780000000000	100.89896091483
1.9800000000000	101.05066201310
1.9820000000000	101.20891750818
1.9840000000000	101.37393285214
1.9860000000000	101.54592254440
1.9880000000000	101.72511055522
1.9900000000000	101.91173076814
1.9920000000000	102.10602744227
1.9940000000000	102.30825569467
1.9960000000000	102.51868200352
1.9980000000000	102.73758473222
2.0000000000000	102.96525467492
2.0020000000000	103.20199562343
2.0040000000000	103.44812495561
2.0060000000000	103.70397424495
2.0080000000000	103.96988989085
2.0100000000000	104.24623376897
2.0120000000000	104.53338390039
2.0140000000000	104.83173513815
2.0160000000000	105.14169986918
2.0180000000000	105.46370872896
2.0200000000000	105.79821132579
2.0220000000000	106.14567697043
2.0240000000000	106.50659540632
2.0260000000000	106.88147753426
2.0280000000000	107.27085612425
2.0300000000000	107.67528650576
2.0320000000000	108.09534722618
2.0340000000000	108.53164066501
2.0360000000000	108.98479358959
2.0380000000000	109.45545763531
2.0400000000000	109.94430969082
2.0420000000000	110.45205216556
2.0440000000000	110.97941311315
2.0460000000000	111.52714618079
2.0480000000000	112.09603035026
2.0500000000000	112.68686943141
2.0520000000000	113.30049126405
2.0540000000000	113.93774657886
2.0560000000000	114.59950746191
2.0580000000000	115.28666536178
2.0600000000000	116.00012857202
2.0620000000000	116.74081911605
2.0640000000000	117.50966895596
2.0660000000000	118.30761544194
2.0680000000000	119.13559591528
2.0700000000000	119.99454137629
2.0720000000000	120.88536912803
2.0740000000000	121.80897431087
2.0760000000000	122.76622024927
2.0780000000000	123.75792754500
2.0800000000000	124.78486186815
2.0820000000000	125.84772042282
2.0840000000000	126.94711709690
2.0860000000000	128.08356634713
2.0880000000000	129.25746592217
2.0900000000000	130.46907858692
2.0920000000000	131.71851308223
2.0940000000000	133.00570463219
2.0960000000000	134.33039539559
2.0980000000000	135.69211534525
2.1000000000000	137.09016414326
2.1020000000000	138.52359465691
2.1040000000000	139.99119882142
2.1060000000000	141.49149659354
2.1080000000000	143.02272874726
2.1100000000000	144.58285423080
2.1120000000000	146.16955272764
2.1140000000000	147.78023293938
2.1160000000000	149.41204693551
2.1180000000000	151.06191069883
2.1200000000000	152.72653074454
2.1220000000000	154.40243642059
2.1240000000000	156.08601722291
2.1260000000000	157.77356420327
2.1280000000000	159.46131432882
2.1300000000000	161.14549648950
2.1320000000000	162.82237775711
2.1340000000000	164.48830848524
2.1360000000000	166.13976490517
2.1380000000000	167.77338801141
2.1400000000000	169.38601773197
2.1420000000000	170.97472162289
2.1440000000000	172.53681759685
2.1460000000000	174.06989046929
2.1480000000000	175.57180236504
2.1500000000000	177.04069725847
2.1520000000000	178.47500010894
2.1540000000000	179.87341119541
2.1560000000000	-178.76510365202
2.1580000000000	-177.44132617940
2.1600000000000	-176.15580144420
2.1620000000000	-174.90885543591
2.1640000000000	-173.70061391344
2.1660000000000	-172.53102186265
2.1680000000000	-171.39986305976
2.1700000000000	-170.30677931348
2.1720000000000	-169.25128904393
2.1740000000000	-168.23280493751
2.1760000000000	-167.25065049040
2.1780000000000	-166.30407531739
2.1800000000000	-165.39226915789
2.1820000000000	-164.51437455575
2.1840000000000	-163.66949822557
2.1860000000000	-162.85672114587
2.1880000000000	-162.07510743955
2.1900000000000	-161.32371211629
2.1920000000000	-160.60158776019
2.1940000000000	-159.90779025058
2.1960000000000	-159.24138360519
2.1980000000000	-158.60144403345
2.2000000000000	-157.98706328479
2.2020000000000	-157.39735137217
2.2040000000000	-156.83143874582
2.2060000000000	-156.28847798657
2.2080000000000	-155.76764508184
2.2100000000000	-155.26814034185
2.2120000000000	-154.78918900736
2.2140000000000	-154.33004159503
2.2160000000000	-153.88997402119
2.2180000000000	-153.46828753993
2.2200000000000	-153.06430852716
2.2220000000000	-152.67738813807
2.2240000000000	-152.30690186205
2.2260000000000	-151.95224899562
2.2280000000000	-151.61285205133
2.2300000000000	-151.28815611763
2.2320000000000	-150.97762818301
2.2340000000000	-150.68075643512
2.2360000000000	-150.39704954433
2.2380000000000	-150.12603593946
2.2400000000000	-149.86726308208
2.2420000000000	-149.62029674484
2.2440000000000	-149.38472029804
2.2460000000000	-149.16013400809
2.2480000000000	-148.94615435058
2.2500000000000	-148.74241334024
2.2520000000000	-148.54855787935
2.2540000000000	-148.36424912597
2.2560000000000	-148.18916188279
2.2580000000000	-148.02298400717
2.2600000000000	-147.86541584263
2.2620000000000	-147.71616967205
2.2640000000000	-147.57496919220
2.2660000000000	-147.44154900972
2.2680000000000	-147.31565415792
2.2700000000000	-147.19703963410
2.2720000000000	-147.08546995688
2.2740000000000	-146.98071874296
2.2760000000000	-146.88256830267
2.2780000000000	-146.79080925382
2.2800000000000	-146.70524015296
2.2820000000000	-146.62566714369
2.2840000000000	-146.55190362108
2.2860000000000	-146.48376991176
2.2880000000000	-146.42109296891
2.2900000000000	-146.36370608151
2.2920000000000	-146.31144859732
2.2940000000000	-146.26416565885
2.2960000000000	-146.22170795181
2.2980000000000	-146.18393146548
2.3000000000000	-146.15069726437
2.3020000000000	-146.12187127070
2.3040000000000	-146.09732405716
2.3060000000000	-146.07693064947
2.3080000000000	-146.06057033822
2.3100000000000	-146.04812649965
2.3120000000000	-146.03948642482
2.3140000000000	-146.03454115676
2.3160000000000	-146.03318533538
2.3180000000000	-146.03531704946
2.3200000000000	-146.04083769569
2.3220000000000	-146.04965184419
2.3240000000000	-146.06166711024
2.3260000000000	-146.07679403201
2.3280000000000	-146.09494595388
2.3300000000000	-146.11603891507
2.3320000000000	-146.13999154344
2.3340000000000	-146.16672495410
2.3360000000000	-146.19616265256
2.3380000000000	-146.22823044237
2.3400000000000	-146.26285633680
2.3420000000000	-146.29997047456
2.3440000000000	-146.33950503924
2.3460000000000	-146.38139418237
2.3480000000000	-146.42557394980
2.3500000000000	-146.47198221142
2.3520000000000	-146.52055859394
2.3540000000000	-146.57124441651
2.3560000000000	-146.62398262930
2.3580000000000	-146.67871775457
2.3600000000000	-146.73539583040
2.3620000000000	-146.79396435679
2.3640000000000	-146.85437224399
2.3660000000000	-146.91656976317
2.3680000000000	-146.98050849902
2.3700000000000	-147.04614130445
2.3720000000000	-147.11342225711
2.3740000000000	-147.18230661778
2.3760000000000	-147.25275079043
2.3780000000000	-147.32471228399
2.3800000000000	-147.39814967558
2.3820000000000	-147.47302257537
2.3840000000000	-147.54929159278
2.3860000000000	-147.62691830405
2.3880000000000	-147.70586522114
2.3900000000000	-147.78609576188
2.3920000000000	-147.86757422124
2.3940000000000	-147.95026574383
2.3960000000000	-148.03413629743
2.3980000000000	-148.11915264753
2.4000000000000	-148.20528233291
2.4020000000000	-148.29249364216
2.4040000000000	-148.38075559108
2.4060000000000	-148.47003790094
2.4080000000000	-148.56031097763
2.4100000000000	-148.65154589150
2.4120000000000	-148.74371435807
2.4140000000000	-148.83678871936
2.4160000000000	-148.93074192601
2.4180000000000	-149.02554751997
2.4200000000000	-149.12117961794
2.4220000000000	-149.21761289527
2.4240000000000	-149.31482257061
2.4260000000000	-149.41278439099
2.4280000000000	-149.51147461748
2.4300000000000	-149.61087001139
2.4320000000000	-149.71094782096
2.4340000000000	-149.81168576843
2.4360000000000	-149.91306203770
2.4380000000000	-150.01505526235
2.4400000000000	-150.11764451406
2.4420000000000	-150.22080929146
2.4440000000000	-150.32452950939
2.4460000000000	-150.42878548845
2.4480000000000	-150.53355794498
2.4500000000000	-150.63882798136
2.4520000000000	-150.74457707658
2.4540000000000	-150.85078707721
2.4560000000000	-150.95744018861
2.4580000000000	-151.06451896644
2.4600000000000	-151.17200630847
2.4620000000000	-151.27988544660
2.4640000000000	-151.38813993924
2.4660000000000	-151.49675366382
2.4680000000000	-151.60571080959
2.4700000000000	-151.71499587068
2.4720000000000	-151.82459363931
2.4740000000000	-151.93448919925
2.4760000000000	-152.04466791950
2.4780000000000	-152.15511544810
2.4800000000000	-152.26581770621
2.4820000000000	-152.37676088229
2.4840000000000	-152.48793142654
2.4860000000000	-152.59931604541
2.4880000000000	-152.71090169634
2.4900000000000	-152.82267558265
2.4920000000000	-152.93462514855
2.4940000000000	-153.04673807429
2.4960000000000	-153.15900227149
2.4980000000000	-153.27140587859
2.5000000000000	-153.38393725638
2.5020000000000	-153.49658498372
2.5040000000000	-153.60933785335
2.5060000000000	-153.72218486779
2.5080000000000	-153.83511523542
2.5100000000000	-153.94811836659
2.5120000000000	-154.06118386989
2.5140000000000	-154.17430154846
2.5160000000000	-154.28746139649
2.5180000000000	-154.40065359570
2.5200000000000	-154.51386851202
2.5220000000000	-154.62709669225
2.5240000000000	-154.74032886089
2.5260000000000	-154.85355591701
2.5280000000000	-154.96676893118
2.5300000000000	-155.07995914254
2.5320000000000	-155.19311795588
2.5340000000000	-155.30623693881
2.5360000000000	-155.41930781899
2.5380000000000	-155.53232248148
2.5400000000000	-155.64527296605
2.5420000000000	-155.75815146467
2.5440000000000	-155.87095031894
2.5460000000000	-155.98366201769
2.5480000000000	-156.09627919455
2.5500000000000	-156.20879462563
2.5520000000000	-156.32120122721
2.5540000000000	-156.43349205350
2.5560000000000	-156.54566029449
2.5580000000000	-156.65769927372
2.5600000000000	-156.76960244628
2.5620000000000	-156.88136339669
2.5640000000000	-156.99297583691
2.5660000000000	-157.10443360438
2.5680000000000	-157.21573066006
2.5700000000000	-157.32686108659
2.5720000000000	-157.43781908640
2.5740000000000	-157.54859897991
2.5760000000000	-157.65919520376
2.5780000000000	-157.76960230903
2.5800000000000	-157.87981495959
2.5820000000000	-157.98982793039
2.5840000000000	-158.09963610579
2.5860000000000	-158.20923447800
2.5880000000000	-158.31861814547
2.5900000000000	-158.42778231133
2.5920000000000	-158.53672228188
2.5940000000000	-158.64543346510
2.5960000000000	-158.75391136913
2.5980000000000	-158.86215160090
2.6000000000000	-158.97014986467
2.6020000000000	-159.07790196062
2.6040000000000	-159.18540378353
2.6060000000000	-159.29265132139
2.6080000000000	-159.39964065411
2.6100000000000	-159.50636795222
2.6120000000000	-159.61282947554
2.6140000000000	-159.71902157202
2.6160000000000	-159.82494067641
2.6180000000000	-159.93058330912
2.6200000000000	-160.03594607495
2.6220000000000	-160.14102566201
2.6240000000000	-160.24581884048
2.6260000000000	-160.35032246152
2.6280000000000	-160.45453345612
2.6300000000000	-160.55844883405
2.6320000000000	-160.66206568272
2.6340000000000	-160.76538116614
2.6360000000000	-160.86839252388
2.6380000000000	-160.97109707000
2.6400000000000	-161.07349219208
2.6420000000000	-161.17557535020
2.6440000000000	-161.27734407593
2.6460000000000	-161.37879597139
2.6480000000000	-161.47992870828
2.6500000000000	-161.58074002695
2.6520000000000	-161.68122773544
2.6540000000000	-161.78138970861
2.6560000000000	-161.88122388721
2.6580000000000	-161.98072827701
2.6600000000000	-162.07990094790
2.6620000000000	-162.17874003308
2.6640000000000	-162.27724372813
2.6660000000000	-162.37541029028
2.6680000000000	-162.47323803750
2.6700000000000	-162.57072534772
2.6720000000000	-162.66787065804
2.6740000000000	-162.76467246393
2.6760000000000	-162.86112931846
2.6780000000000	-162.95723983153
2.6800000000000	-163.05300266911
2.6820000000000	-163.14841655253
2.6840000000000	-163.24348025768
2.6860000000000	-163.33819261439
2.6880000000000	-163.43255250561
2.6900000000000	-163.52655886678
2.6920000000000	-163.62021068512
2.6940000000000	-163.71350699895
2.6960000000000	-163.80644689701
2.6980000000000	-163.89902951782
2.7000000000000	-163.99125404899
2.7020000000000	-164.08311972662
2.7040000000000	-164.17462583465
2.7060000000000	-164.26577170421
2.7080000000000	-164.35655671307
2.7100000000000	-164.44698028497
2.7120000000000	-164.53704188903
2.7140000000000	-164.62674103922
2.7160000000000	-164.71607729369
2.7180000000000	-164.80505025429
2.7200000000000	-164.89365956593
2.7220000000000	-164.98190491607
2.7240000000000	-165.06978603416
2.7260000000000	-165.15730269111
2.7280000000000	-165.24445469873
2.7300000000000	-165.33124190924
2.7320000000000	-165.41766421473
2.7340000000000	-165.50372154670
2.7360000000000	-165.58941387546
2.7380000000000	-165.67474120976
2.7400000000000	-165.75970359621
2.7420000000000	-165.84430111885
2.7440000000000	-165.92853389864
2.7460000000000	-166.01240209306
2.7480000000000	-166.09590589557
2.7500000000000	-166.17904553524
2.7520000000000	-166.26182127624
2.7540000000000	-166.34423341745
2.7560000000000	-166.42628229200
2.7580000000000	-166.50796826686
2.7600000000000	-166.58929174244
2.7620000000000	-166.67025315212
2.7640000000000	-166.75085296193
2.7660000000000	-166.83109167008
2.7680000000000	-166.91096980661
2.7700000000000	-166.99048793299
2.7720000000000	-167.06964664173
2.7740000000000	-167.14844655602
2.7760000000000	-167.22688832939
2.7780000000000	-167.30497264527
2.7800000000000	-167.38270021671
2.7820000000000	-167.46007178601
2.7840000000000	-167.53708812434
2.7860000000000	-167.61375003146
2.7880000000000	-167.69005833533
2.7900000000000	-167.76601389182
2.7920000000000	-167.84161758436
2.7940000000000	-167.91687032366
2.7960000000000	-167.99177304736
2.7980000000000	-168.06632671972
2.8000000000000	-168.14053233138
2.8020000000000	-168.21439089898
2.8040000000000	-168.28790346493
2.8060000000000	-168.36107109708
2.8080000000000	-168.43389488849
2.8100000000000	-168.50637595710
2.8120000000000	-168.57851544548
2.8140000000000	-168.65031452057
2.8160000000000	-168.72177437341
2.8180000000000	-168.79289621888
2.8200000000000	-168.86368129546
2.8220000000000	-168.93413086495
2.8240000000000	-169.00424621225
2.8260000000000	-169.07402864512
2.8280000000000	-169.14347949395
2.8300000000000	-169.21260011149
2.8320000000000	-169.28139187267
2.8340000000000	-169.34985617434
2.8360000000000	-169.41799443510
2.8380000000000	-169.48580809501
2.8400000000000	-169.55329861545
2.8420000000000	-169.62046747887
2.8440000000000	-169.68731618861
2.8460000000000	-169.75384626869
2.8480000000000	-169.82005926361
2.8500000000000	-169.88595673817
2.8520000000000	-169.95154027728
2.8540000000000	-170.01681148575
2.8560000000000	-170.08177198816
2.8580000000000	-170.14642342864
2.8600000000000	-170.21076747070
2.8620000000000	-170.27480579709
2.8640000000000	-170.33854010960
2.8660000000000	-170.40197212890
2.8680000000000	-170.46510359442
2.8700000000000	-170.52793626411
2.8720000000000	-170.59047191439
2.8740000000000	-170.65271233992
2.8760000000000	-170.71465935348
2.8780000000000	-170.77631478582
2.8800000000000	-170.83768048554
2.8820000000000	-170.89875831891
2.8840000000000	-170.95955016978
2.8860000000000	-171.02005793942
2.8880000000000	-171.08028354639
2.8900000000000	-171.14022892642
2.8920000000000	-171.19989603227
2.8940000000000	-171.25928683365
2.8960000000000	-171.31840331705
2.8980000000000	-171.37724748566
2.9000000000000	-171.43582135921
2.9020000000000	-171.49412697394
2.9040000000000	-171.55216638239
2.9060000000000	-171.60994165337
2.9080000000000	-171.66745487183
2.9100000000000	-171.72470813874
2.9120000000000	-171.78170357102
2.9140000000000	-171.83844330142
2.9160000000000	-171.89492947844
2.9180000000000	-171.95116426623
2.9200000000000	-172.00714984448
2.9220000000000	-172.06288840836
2.9240000000000	-172.11838216842
2.9260000000000	-172.17363335052
2.9280000000000	-172.22864419570
2.9300000000000	-172.28341696015
2.9320000000000	-172.33795391511
2.9340000000000	-172.39225734678
2.9360000000000	-172.44632955626
2.9380000000000	-172.50017285946
2.9400000000000	-172.55378958705
2.9420000000000	-172.60718208437
2.9440000000000	-172.66035271136
2.9460000000000	-172.71330384248
2.9480000000000	-172.76603786669
2.9500000000000	-172.81855718732
2.9520000000000	-172.87086422206
2.9540000000000	-172.92296140285
2.9560000000000	-172.97485117585
2.9580000000000	-173.02653600138
2.9600000000000	-173.07801835383
2.9620000000000	-173.12930072163
2.9640000000000	-173.18038560720
2.9660000000000	-173.23127552683
2.9680000000000	-173.28197301072
2.9700000000000	-173.33248060285
2.9720000000000	-173.38280086094
2.9740000000000	-173.43293635644
2.9760000000000	-173.48288967442
2.9780000000000	-173.53266341355
2.9800000000000	-173.58226018605
2.9820000000000	-173.63168261761
2.9840000000000	-173.68093334739
2.9860000000000	-173.73001502792
2.9880000000000	-173.77893032510
2.9900000000000	-173.82768191809
2.9920000000000	-173.87627249932
2.9940000000000	-173.92470477442
2.9960000000000	-173.97298146217
2.9980000000000	-174.02110529444
3.0000000000000	-174.06907901617
3.0020000000000	-174.11690538531
3.0040000000000	-174.16458717278
3.0060000000000	-174.21212716240
3.0080000000000	-174.25952815088
3.0100000000000	-174.30679294773
3.0120000000000	-174.35392437525
3.0140000000000	-174.40092526847
3.0160000000000	-174.44779847510
3.0180000000000	-174.49454685547
3.0200000000000	-174.54117328253
3.0220000000000	-174.58768064172
3.0240000000000	-174.63407183100
3.0260000000000	-174.68034976077
3.0280000000000	-174.72651735380
3.0300000000000	-174.77257754521
3.0320000000000	-174.81853328240
3.0340000000000	-174.86438752502
3.0360000000000	-174.91014324489
3.0380000000000	-174.95580342595
3.0400000000000	-175.00137106425
3.0420000000000	-175.04684916782
3.0440000000000	-175.09224075668
3.0460000000000	-175.13754886273
3.0480000000000	-175.18277652975
3.0500000000000	-175.22792681329
3.0520000000000	-175.27300278063
3.0540000000000	-175.31800751071
3.0560000000000	-175.36294409408
3.0580000000000	-175.40781563282
3.0600000000000	-175.45262524050
3.0620000000000	-175.49737604207
3.0640000000000	-175.54207117382
3.0660000000000	-175.58671378332
3.0680000000000	-175.63130702930
3.0700000000000	-175.67585408164
3.0720000000000	-175.72035812125
3.0740000000000	-175.76482233997
3.0760000000000	-175.80924994058
3.0780000000000	-175.85364413661
3.0800000000000	-175.89800815233
3.0820000000000	-175.94234522263
3.0840000000000	-175.98665859296
3.0860000000000	-176.03095151920
3.0880000000000	-176.07522726760
3.0900000000000	-176.11948911467
3.0920000000000	-176.16374034707
3.0940000000000	-176.20798426155
3.0960000000000	-176.25222416481
3.0980000000000	-176.29646337339
3.1000000000000	-176.34070521361
3.1020000000000	-176.38495302141
3.1040000000000	-176.42921014223
3.1060000000000	-176.47347993096
3.1080000000000	-176.51776575173
3.1100000000000	-176.56207097787
3.1120000000000	-176.60639899173
3.1140000000000	-176.65075318455
3.1160000000000	-176.69513695638
3.1180000000000	-176.73955371588
3.1200000000000	-176.78400688022
3.1220000000000	-176.82849987493
3.1240000000000	-176.87303613373
3.1260000000000	-176.91761909841
3.1280000000000	-176.96225221867
3.1300000000000	-177.00693895196
3.1320000000000	-177.05168276330
3.1340000000000	-177.09648712514
3.1360000000000	-177.14135551719
3.1380000000000	-177.18629142621
3.1400000000000	-177.23129834587
3.1420000000000	-177.27637977659
3.1440000000000	-177.32153922526
3.1460000000000	-177.36678020517
3.1480000000000	-177.41210623571
3.1500000000000	-177.45752084223
3.1520000000000	-177.50302755583
3.1540000000000	-177.54862991313
3.1560000000000	-177.59433145607
3.1580000000000	-177.64013573170
3.1600000000000	-177.68604629191
3.1620000000000	-177.73206669329
3.1640000000000	-177.77820049680
3.1660000000000	-177.82445126758
3.1680000000000	-177.87082257472
3.1700000000000	-177.91731799098
3.1720000000000	-177.96394109253
3.1740000000000	-178.01069545874
3.1760000000000	-178.05758467184
3.1780000000000	-178.10461231672
3.1800000000000	-178.15178198062
3.1820000000000	-178.19909725281
3.1840000000000	-178.24656172440
3.1860000000000	-178.29417898794
3.1880000000000	-178.34195263718
3.1900000000000	-178.38988626675
3.1920000000000	-178.43798347186
3.1940000000000	-178.48624784794
3.1960000000000	-178.53468299036
3.1980000000000	-178.58329249408
3.2000000000000	-178.63207995332
